const uint8_t SourceHanSansTC_UI8pt8bBitmaps[] PROGMEM = {
  0x01, 0x08, 0x42, 0x10, 0x84, 0x20, 0x00, 0x42, 0x00, 0x24, 0x64, 0x24,
  0x24, 0x24, 0x00, 0x00, 0x00, 0x00, 0x00, 0x00, 0x00, 0x00, 0x00, 0x09,
  0x04, 0x82, 0x47, 0xF1, 0x10, 0x88, 0xFE, 0x24, 0x12, 0x09, 0x04, 0x80,
  0x08, 0x04, 0x07, 0x04, 0x46, 0x03, 0x00, 0xC0, 0x38, 0x06, 0x01, 0x80,
  0xC0, 0x66, 0x61, 0xE0, 0x20, 0x10, 0x38, 0x20, 0x90, 0x81, 0x11, 0x02,
  0x24, 0x04, 0x48, 0x08, 0xA7, 0x12, 0x5B, 0x19, 0x22, 0x00, 0x44, 0x08,
  0x88, 0x21, 0x30, 0x41, 0xC0, 0x1C, 0x06, 0x40, 0x88, 0x13, 0x03, 0xC0,
  0x30, 0x0E, 0x13, 0x66, 0x46, 0x88, 0x71, 0x8F, 0x1E, 0x20, 0x26, 0x22,
  0x20, 0x00, 0x00, 0x00, 0x00, 0x00, 0x84, 0x42, 0x10, 0x84, 0x61, 0x08,
  0x42, 0x18, 0x43, 0x00, 0x42, 0x08, 0x42, 0x18, 0x42, 0x10, 0x84, 0x62,
  0x11, 0x88, 0x00, 0x10, 0x20, 0xF1, 0xC2, 0x80, 0x00, 0x00, 0x00, 0x00,
  0x00, 0x00, 0x00, 0x08, 0x04, 0x02, 0x01, 0x07, 0xF0, 0x40, 0x20, 0x10,
  0x08, 0x00, 0x00, 0x06, 0x62, 0x24, 0x00, 0x78, 0x00, 0x00, 0x00, 0x06,
  0x60, 0x04, 0x08, 0x20, 0x40, 0x82, 0x04, 0x08, 0x30, 0x40, 0x81, 0x04,
  0x08, 0x10, 0x40, 0x1C, 0x1B, 0x18, 0x88, 0x64, 0x12, 0x09, 0x04, 0x82,
  0x43, 0x31, 0x0D, 0x83, 0x80, 0x18, 0x1C, 0x02, 0x01, 0x00, 0x80, 0x40,
  0x20, 0x10, 0x08, 0x04, 0x03, 0x0F, 0xE0, 0x3C, 0x33, 0x00, 0x80, 0x40,
  0x20, 0x10, 0x18, 0x18, 0x18, 0x18, 0x18, 0x0F, 0xE0, 0x3C, 0x33, 0x00,
  0x80, 0x40, 0x60, 0xE0, 0x18, 0x06, 0x03, 0x01, 0x99, 0x87, 0x80, 0x06,
  0x07, 0x03, 0x82, 0xC3, 0x61, 0x31, 0x98, 0x8C, 0xFF, 0x03, 0x01, 0x80,
  0xC0, 0x3E, 0x10, 0x08, 0x0C, 0x07, 0xC1, 0x30, 0x0C, 0x06, 0x03, 0x01,
  0x99, 0x87, 0x80, 0x1E, 0x19, 0x88, 0x0C, 0x04, 0x02, 0xF1, 0x8C, 0x82,
  0x41, 0x30, 0x8C, 0x83, 0x80, 0x7F, 0x01, 0x80, 0x80, 0x80, 0x40, 0x60,
  0x20, 0x10, 0x08, 0x0C, 0x06, 0x03, 0x00, 0x1C, 0x11, 0x18, 0xCC, 0x62,
  0x20, 0xF0, 0xB8, 0x86, 0x41, 0x20, 0x98, 0xC7, 0x80, 0x3C, 0x33, 0x10,
  0x88, 0x64, 0x33, 0x18, 0xF4, 0x06, 0x03, 0x01, 0x19, 0x87, 0x00, 0x66,
  0x00, 0x00, 0x06, 0x60, 0x06, 0x60, 0x00, 0x06, 0x62, 0x24, 0x00, 0x00,
  0x00, 0x83, 0x8E, 0x06, 0x01, 0xC0, 0x3C, 0x02, 0x00, 0x00, 0x00, 0x00,
  0x3F, 0x80, 0x00, 0x00, 0x03, 0xF8, 0x00, 0x00, 0x00, 0x00, 0x00, 0x20,
  0x0E, 0x01, 0xC0, 0x30, 0x71, 0xC0, 0x80, 0x00, 0x00, 0x00, 0x00, 0x3C,
  0x44, 0x06, 0x04, 0x0C, 0x08, 0x18, 0x10, 0x00, 0x00, 0x10, 0x10, 0x03,
  0xE0, 0x18, 0x60, 0x60, 0x21, 0x80, 0x22, 0x3C, 0x48, 0xC8, 0x91, 0x11,
  0x22, 0x22, 0x4C, 0x44, 0x89, 0x91, 0x1D, 0xC1, 0x00, 0x03, 0x00, 0x03,
  0x08, 0x01, 0xF0, 0x00, 0x0C, 0x03, 0x01, 0x40, 0x48, 0x12, 0x0C, 0x82,
  0x30, 0xFC, 0x61, 0x10, 0x64, 0x0B, 0x02, 0x3F, 0x04, 0x30, 0x82, 0x10,
  0x42, 0x18, 0x7E, 0x08, 0x61, 0x06, 0x20, 0xC4, 0x18, 0x86, 0x1F, 0x80,
  0x0F, 0x06, 0x63, 0x01, 0x80, 0x60, 0x10, 0x06, 0x01, 0x80, 0x60, 0x0C,
  0x01, 0x98, 0x3C, 0x3E, 0x04, 0x60, 0x86, 0x10, 0x62, 0x0C, 0x41, 0x88,
  0x31, 0x06, 0x20, 0xC4, 0x30, 0x8C, 0x1F, 0x00, 0x3F, 0x10, 0x08, 0x04,
  0x02, 0x01, 0xF8, 0x80, 0x40, 0x20, 0x10, 0x08, 0x07, 0xF0, 0x3F, 0x10,
  0x08, 0x04, 0x02, 0x01, 0xF8, 0x80, 0x40, 0x20, 0x10, 0x08, 0x04, 0x00,
  0x0F, 0x03, 0x30, 0xC0, 0x30, 0x06, 0x00, 0xC0, 0x18, 0xF3, 0x06, 0x60,
  0xC6, 0x18, 0x63, 0x07, 0x80, 0x20, 0x42, 0x04, 0x20, 0x42, 0x04, 0x20,
  0x43, 0xFC, 0x20, 0xC2, 0x04, 0x20, 0x42, 0x04, 0x20, 0x42, 0x04, 0x21,
  0x08, 0x42, 0x10, 0x84, 0x21, 0x08, 0x40, 0x02, 0x01, 0x00, 0x80, 0x40,
  0x20, 0x10, 0x08, 0x04, 0x06, 0x03, 0x1B, 0x07, 0x80, 0x20, 0x84, 0x20,
  0x8C, 0x13, 0x02, 0xC0, 0x7C, 0x0C, 0x81, 0x98, 0x21, 0x04, 0x30, 0x82,
  0x10, 0x60, 0x20, 0x10, 0x08, 0x04, 0x02, 0x01, 0x00, 0x80, 0x40, 0x20,
  0x10, 0x08, 0x07, 0xE0, 0x30, 0x61, 0x83, 0x0C, 0x18, 0x71, 0xC2, 0x8A,
  0x14, 0x50, 0xB6, 0x84, 0xA4, 0x27, 0x21, 0x11, 0x08, 0x88, 0x40, 0x40,
  0x20, 0x43, 0x04, 0x38, 0x42, 0x84, 0x2C, 0x42, 0x44, 0x26, 0x42, 0x24,
  0x23, 0x42, 0x1C, 0x20, 0xC2, 0x0C, 0x0F, 0x01, 0x98, 0x30, 0xC6, 0x06,
  0x60, 0x64, 0x06, 0x60, 0x66, 0x06, 0x60, 0x63, 0x0C, 0x19, 0x80, 0xF0,
  0x3E, 0x08, 0x62, 0x08, 0x82, 0x20, 0x88, 0x63, 0xF0, 0x80, 0x20, 0x08,
  0x02, 0x00, 0x80, 0x0F, 0x01, 0x98, 0x30, 0xC6, 0x06, 0x60, 0x64, 0x06,
  0x40, 0x66, 0x06, 0x60, 0x62, 0x0C, 0x39, 0x80, 0xF0, 0x06, 0x00, 0x38,
  0x01, 0xE0, 0x3F, 0x08, 0x62, 0x08, 0x82, 0x20, 0x88, 0x63, 0xF0, 0x98,
  0x23, 0x08, 0x42, 0x18, 0x82, 0x1E, 0x0C, 0xC6, 0x01, 0x80, 0x30, 0x07,
  0x00, 0x70, 0x06, 0x01, 0x80, 0x67, 0x30, 0x78, 0xFF, 0x83, 0x00, 0xC0,
  0x30, 0x0C, 0x03, 0x00, 0xC0, 0x30, 0x0C, 0x03, 0x00, 0xC0, 0x30, 0x20,
  0x42, 0x04, 0x20, 0x42, 0x04, 0x20, 0x42, 0x04, 0x20, 0x42, 0x0C, 0x20,
  0xC3, 0x0C, 0x19, 0x80, 0xF0, 0xC0, 0xB0, 0x64, 0x11, 0x84, 0x63, 0x08,
  0x82, 0x20, 0xC8, 0x16, 0x05, 0x01, 0xC0, 0x30, 0x43, 0x0D, 0x0C, 0x24,
  0x30, 0x98, 0xE2, 0x64, 0x98, 0x92, 0x42, 0x49, 0x09, 0x34, 0x28, 0x50,
  0xE1, 0xC1, 0x86, 0x06, 0x18, 0x41, 0x31, 0x88, 0x86, 0xC1, 0xC0, 0xE0,
  0x70, 0x28, 0x36, 0x11, 0x18, 0xC8, 0x30, 0x60, 0x88, 0x63, 0x10, 0x4C,
  0x1A, 0x03, 0x80, 0xC0, 0x30, 0x04, 0x01, 0x00, 0x40, 0x10, 0x7F, 0x80,
  0x40, 0x30, 0x08, 0x06, 0x03, 0x00, 0x80, 0x60, 0x30, 0x08, 0x06, 0x01,
  0xFE, 0x39, 0x08, 0x42, 0x10, 0x84, 0x21, 0x08, 0x42, 0x10, 0x87, 0x00,
  0x81, 0x02, 0x06, 0x04, 0x08, 0x10, 0x10, 0x20, 0x40, 0x40, 0x81, 0x01,
  0x02, 0x70, 0x84, 0x21, 0x08, 0x42, 0x10, 0x84, 0x21, 0x08, 0x4E, 0x08,
  0x0E, 0x05, 0x06, 0x82, 0x21, 0x11, 0x0C, 0x00, 0x00, 0x00, 0x00, 0x00,
  0x00, 0x00, 0x7F, 0xC0, 0x10, 0x06, 0x00, 0x80, 0x00, 0x00, 0x00, 0x00,
  0x00, 0x00, 0x00, 0x00, 0x00, 0x00, 0x00, 0x00, 0x00, 0x00, 0x1C, 0x13,
  0x00, 0xC0, 0x63, 0xB3, 0x19, 0x0C, 0xCE, 0x3B, 0x00, 0x20, 0x18, 0x06,
  0x01, 0x80, 0x6E, 0x1C, 0xC6, 0x19, 0x86, 0x60, 0x98, 0x66, 0x19, 0xCC,
  0x6E, 0x00, 0x1E, 0x32, 0x60, 0x40, 0x40, 0x40, 0x60, 0x32, 0x1E, 0x01,
  0x00, 0x40, 0x10, 0x04, 0x1D, 0x0C, 0xC6, 0x11, 0x04, 0x41, 0x10, 0x46,
  0x10, 0xCC, 0x1D, 0x00, 0x1C, 0x19, 0x18, 0x48, 0x27, 0xF2, 0x01, 0x80,
  0x60, 0x1E, 0x00, 0x00, 0x73, 0x08, 0x21, 0xE2, 0x08, 0x20, 0x82, 0x08,
  0x20, 0x80, 0x1F, 0x93, 0x18, 0x8C, 0x42, 0x21, 0xE1, 0x80, 0xC0, 0x3F,
  0x30, 0xD0, 0x6C, 0x63, 0xE0, 0x20, 0x18, 0x06, 0x01, 0x80, 0x6E, 0x1E,
  0xC6, 0x11, 0x84, 0x61, 0x18, 0x46, 0x11, 0x84, 0x61, 0x00, 0x26, 0x00,
  0x66, 0x66, 0x66, 0x66, 0x60, 0x11, 0x80, 0x03, 0x18, 0xC6, 0x31, 0x8C,
  0x63, 0x18, 0xC6, 0xE0, 0x00, 0x30, 0x18, 0x0C, 0x06, 0x03, 0x19, 0x98,
  0xC8, 0x6C, 0x3E, 0x1D, 0x8C, 0x46, 0x33, 0x08, 0x23, 0x18, 0xC6, 0x31,
  0x8C, 0x63, 0x18, 0x43, 0x00, 0x6E, 0x70, 0xE7, 0xB1, 0x84, 0x23, 0x08,
  0x46, 0x10, 0x8C, 0x21, 0x18, 0x42, 0x30, 0x84, 0x61, 0x08, 0x6E, 0x1E,
  0xC6, 0x11, 0x84, 0x61, 0x18, 0x46, 0x11, 0x84, 0x61, 0x00, 0x1E, 0x0C,
  0xC6, 0x11, 0x06, 0x41, 0x90, 0x66, 0x10, 0xCC, 0x1E, 0x00, 0x6E, 0x1C,
  0xC6, 0x19, 0x86, 0x60, 0x98, 0x66, 0x19, 0xCC, 0x6E, 0x18, 0x06, 0x01,
  0x80, 0x60, 0x00, 0x1D, 0x0C, 0xC6, 0x11, 0x04, 0x41, 0x10, 0x46, 0x10,
  0xCC, 0x1D, 0x00, 0x40, 0x10, 0x04, 0x01, 0x00, 0x6C, 0xF1, 0x83, 0x06,
  0x0C, 0x18, 0x30, 0x60, 0x3C, 0xC9, 0x03, 0x01, 0xC0, 0xC1, 0xA3, 0x3C,
  0x00, 0x82, 0x3F, 0x20, 0x82, 0x08, 0x20, 0x83, 0x07, 0x61, 0x18, 0x46,
  0x11, 0x84, 0x61, 0x18, 0x46, 0x10, 0xDC, 0x3D, 0x00, 0xC1, 0x21, 0x98,
  0x8C, 0x42, 0x61, 0x20, 0xD0, 0x38, 0x18, 0x00, 0x42, 0x12, 0x38, 0x99,
  0x4C, 0xCA, 0x42, 0x52, 0x14, 0xD0, 0xA3, 0x87, 0x18, 0x18, 0xC0, 0x42,
  0x66, 0x24, 0x18, 0x18, 0x3C, 0x24, 0x66, 0x42, 0xC1, 0x21, 0x98, 0x84,
  0x42, 0x61, 0xA0, 0x50, 0x38, 0x18, 0x04, 0x06, 0x06, 0x06, 0x00, 0x7E,
  0x06, 0x0C, 0x08, 0x18, 0x30, 0x20, 0x60, 0x7E, 0x19, 0x88, 0x42, 0x10,
  0x84, 0x41, 0x08, 0x42, 0x10, 0xC3, 0x22, 0x22, 0x22, 0x22, 0x22, 0x22,
  0x22, 0x22, 0x22, 0x61, 0x08, 0x42, 0x10, 0x86, 0x19, 0x88, 0x42, 0x10,
  0x8C, 0x30, 0x2C, 0x81, 0x80, 0x00, 0x00, 0x00, 0x00, 0x00, 0x08, 0x04,
  0x00, 0x00, 0x00, 0x00, 0x00, 0x00, 0x10, 0x08, 0x08, 0x10, 0x04, 0x20,
  0x02, 0x40, 0x01, 0x80, 0x01, 0x80, 0x02, 0x40, 0x04, 0x20, 0x08, 0x10,
  0x10, 0x08, 0x00, 0x00, 0x31, 0x15, 0x81, 0x80, 0x01, 0xC1, 0x30, 0x0C,
  0x06, 0x3B, 0x31, 0x90, 0xCC, 0xE3, 0xB0, 0x7F, 0x00, 0x00, 0x00, 0x00,
  0x00, 0x7F, 0xFC, 0x00, 0x00, 0x00, 0x00, 0x00, 0x00, 0x00, 0x21, 0x84,
  0x31, 0x8C, 0x00, 0x00, 0x00, 0x00, 0x00, 0x00, 0x00, 0x00, 0x00, 0x00,
  0x00, 0x00, 0x00, 0x10, 0x00, 0x08, 0x00, 0x0C, 0x7F, 0xFE, 0x00, 0x0C,
  0x00, 0x18, 0x00, 0x10, 0x00, 0x00, 0x00, 0x00, 0x00, 0x00, 0x20, 0x00,
  0x38, 0x00, 0x3C, 0x00, 0x3F, 0x00, 0x3F, 0xC0, 0x3F, 0xF0, 0x3F, 0xF8,
  0x3F, 0xFE, 0x3F, 0xF8, 0x3F, 0xE0, 0x3F, 0xC0, 0x3F, 0x00, 0x3C, 0x00,
  0x38, 0x00, 0x20, 0x00, 0x00, 0x00, 0x00, 0x04, 0x00, 0x1C, 0x00, 0x3C,
  0x00, 0xFC, 0x03, 0xFC, 0x0F, 0xFC, 0x1F, 0xFC, 0x7F, 0xFC, 0x1F, 0xFC,
  0x07, 0xFC, 0x03, 0xFC, 0x00, 0xFC, 0x00, 0x3C, 0x00, 0x1C, 0x00, 0x04,
  0x07, 0xE0, 0x0F, 0xF0, 0x1F, 0xF8, 0x3F, 0xFC, 0x7F, 0xFE, 0x7F, 0xFE,
  0x7F, 0xFE, 0x7F, 0xFE, 0x7F, 0xFE, 0x7F, 0xFE, 0x3F, 0xFC, 0x3F, 0xFC,
  0x1F, 0xF8, 0x07, 0xE0, 0x00, 0x00, 0x00, 0x20, 0x08, 0x03, 0x00, 0xC0,
  0x10, 0x04, 0x01, 0x84, 0x20, 0x4C, 0x0D, 0x00, 0xA0, 0x1C, 0x00, 0x00,
  0x00, 0x00, 0x40, 0x00, 0x60, 0x00, 0x10, 0x00, 0x18, 0x00, 0x00, 0x00,
  0x30, 0x00, 0x48, 0x00, 0x40, 0x00, 0x40, 0x00, 0x48, 0x00, 0x30, 0x00,
  0x00, 0x3E, 0x00, 0x30, 0x00, 0x30, 0x00, 0x30, 0x00, 0x30, 0x00, 0x30,
  0x00, 0x30, 0x00, 0x30, 0x00, 0x30, 0x00, 0x30, 0x00, 0x30, 0x00, 0x00,
  0x00, 0x00, 0x00, 0x00, 0x00, 0x00, 0x0C, 0x00, 0x0C, 0x00, 0x0C, 0x00,
  0x0C, 0x00, 0x0C, 0x00, 0x0C, 0x00, 0x0C, 0x00, 0x0C, 0x00, 0x0C, 0x00,
  0x0C, 0x00, 0x7C, 0x00, 0x7F, 0xFE, 0x00, 0x00, 0x00, 0x00, 0x00, 0x00,
  0x00, 0x00, 0x00, 0x00, 0x00, 0x00, 0x3F, 0xFC, 0x00, 0x00, 0x00, 0x00,
  0x00, 0x00, 0x00, 0x00, 0x00, 0x00, 0x1F, 0xF8, 0x00, 0x00, 0x00, 0x00,
  0x00, 0x00, 0x00, 0x00, 0x7F, 0xFE, 0x00, 0x00, 0x00, 0x00, 0x01, 0x00,
  0x01, 0x00, 0x01, 0x00, 0x01, 0x00, 0x01, 0x00, 0x01, 0xFC, 0x01, 0x00,
  0x01, 0x00, 0x01, 0x00, 0x01, 0x00, 0x01, 0x00, 0x01, 0x00, 0x01, 0x00,
  0x7F, 0xFE, 0x00, 0x00, 0x7F, 0xFE, 0x01, 0x00, 0x01, 0x00, 0x01, 0x00,
  0x01, 0xC0, 0x01, 0x70, 0x01, 0x18, 0x01, 0x0C, 0x01, 0x00, 0x01, 0x00,
  0x01, 0x00, 0x01, 0x00, 0x01, 0x00, 0x01, 0x00, 0x00, 0x00, 0x7F, 0xFE,
  0x00, 0x80, 0x01, 0x80, 0x03, 0x80, 0x03, 0xE0, 0x05, 0xB0, 0x19, 0x98,
  0x31, 0x86, 0x61, 0x82, 0x01, 0x80, 0x01, 0x80, 0x01, 0x80, 0x01, 0x80,
  0x00, 0x00, 0x1F, 0xF8, 0x18, 0x18, 0x18, 0x08, 0x18, 0x08, 0x1F, 0xF8,
  0x18, 0x18, 0x18, 0x08, 0x18, 0x08, 0x18, 0x18, 0x1F, 0xF8, 0x18, 0x08,
  0x18, 0x08, 0x18, 0x18, 0x7F, 0xFE, 0x00, 0x00, 0x11, 0x88, 0x11, 0x88,
  0x11, 0x88, 0x11, 0x98, 0x7F, 0xFE, 0x11, 0x88, 0x11, 0x88, 0x11, 0x88,
  0x11, 0xF8, 0x11, 0x88, 0x10, 0x00, 0x10, 0x00, 0x1F, 0xFE, 0x10, 0x00,
  0x10, 0x00, 0x00, 0x00, 0x08, 0x10, 0x0C, 0x30, 0x04, 0x20, 0x7F, 0xFE,
  0x02, 0x40, 0x02, 0x40, 0x22, 0x4C, 0x12, 0x48, 0x12, 0x48, 0x12, 0x48,
  0x1A, 0x50, 0x02, 0x40, 0x02, 0x40, 0x7F, 0xFE, 0x01, 0x00, 0x01, 0x80,
  0x01, 0x80, 0x3F, 0xFC, 0x21, 0x84, 0x21, 0x84, 0x21, 0x84, 0x21, 0x84,
  0x21, 0x84, 0x3F, 0xFC, 0x21, 0x84, 0x01, 0x80, 0x01, 0x80, 0x01, 0x80,
  0x01, 0x80, 0x00, 0x00, 0x02, 0x00, 0x02, 0x00, 0x02, 0x00, 0x02, 0x00,
  0x7F, 0xF0, 0x02, 0x10, 0x02, 0x10, 0x32, 0x10, 0x1E, 0x10, 0x06, 0x10,
  0x07, 0x10, 0x09, 0x90, 0x18, 0x13, 0x30, 0x12, 0x60, 0x1E, 0x00, 0x00,
  0x00, 0x00, 0x03, 0x00, 0x01, 0x80, 0x00, 0xC0, 0x3F, 0xFC, 0x01, 0x80,
  0x01, 0x80, 0x01, 0x80, 0x01, 0x80, 0x3F, 0xFC, 0x01, 0x80, 0x01, 0x80,
  0x01, 0x80, 0x01, 0x80, 0x7F, 0xFE, 0x00, 0x00, 0x04, 0x00, 0x04, 0x00,
  0x0C, 0x00, 0x0F, 0xE0, 0x08, 0x60, 0x10, 0x40, 0x30, 0xC0, 0x60, 0xC0,
  0x40, 0xC0, 0x01, 0x40, 0x03, 0x20, 0x06, 0x30, 0x0C, 0x18, 0x18, 0x0C,
  0x70, 0x06, 0x00, 0x02, 0x00, 0x00, 0x00, 0xFC, 0x3F, 0x80, 0x01, 0x80,
  0x01, 0x80, 0x01, 0x80, 0x3F, 0xFC, 0x00, 0x18, 0x00, 0x30, 0x00, 0x60,
  0x00, 0xC0, 0x11, 0x80, 0x3E, 0x00, 0x2E, 0x00, 0x43, 0xFE, 0x00, 0x00,
  0x00, 0x80, 0x00, 0x80, 0x18, 0x80, 0x18, 0x8C, 0x18, 0xFC, 0x1B, 0xC4,
  0x1C, 0x84, 0x78, 0x84, 0x18, 0x84, 0x18, 0x88, 0x18, 0xB8, 0x18, 0x82,
  0x18, 0x02, 0x08, 0x06, 0x0F, 0xFC, 0x00, 0x00, 0x01, 0x00, 0x3F, 0x20,
  0x24, 0xA0, 0x44, 0xE0, 0x5F, 0x60, 0x02, 0x20, 0x0C, 0x20, 0x3F, 0xA0,
  0x28, 0xA0, 0x2A, 0xA0, 0x3F, 0xA0, 0x2E, 0xA0, 0x22, 0xA2, 0x2C, 0xA2,
  0x2A, 0xB2, 0x23, 0x9E, 0x00, 0x00, 0x00, 0x00, 0x01, 0x80, 0x7F, 0xFE,
  0x01, 0x80, 0x1F, 0xF8, 0x11, 0x88, 0x1F, 0xF8, 0x01, 0x80, 0x3F, 0xFC,
  0x01, 0x8C, 0x7F, 0xFE, 0x01, 0x8C, 0x3F, 0xFC, 0x01, 0x8C, 0x01, 0x80,
  0x07, 0x00, 0x00, 0x00, 0x3F, 0xFC, 0x00, 0x00, 0x00, 0x00, 0x00, 0x00,
  0x00, 0x00, 0x00, 0x00, 0x00, 0x00, 0x00, 0x00, 0x00, 0x00, 0x00, 0x00,
  0x7F, 0xFE, 0x3F, 0xFC, 0x03, 0x00, 0x03, 0x00, 0x02, 0x00, 0x02, 0x00,
  0x1F, 0xF0, 0x02, 0x10, 0x06, 0x10, 0x04, 0x10, 0x04, 0x10, 0x04, 0x10,
  0x04, 0x18, 0x7F, 0xFE, 0x00, 0x00, 0x01, 0x80, 0x7F, 0xFE, 0x00, 0x00,
  0x1F, 0xF8, 0x10, 0x08, 0x1F, 0xF8, 0x00, 0x00, 0x7F, 0xFE, 0x40, 0x02,
  0x44, 0x42, 0x04, 0x40, 0x04, 0x40, 0x08, 0x42, 0x18, 0x42, 0x60, 0x7E,
  0x00, 0x00, 0x01, 0x00, 0x01, 0x80, 0x01, 0x80, 0x01, 0x80, 0x01, 0x80,
  0x03, 0x80, 0x02, 0xC0, 0x02, 0x40, 0x06, 0x60, 0x04, 0x20, 0x08, 0x10,
  0x18, 0x18, 0x70, 0x0E, 0x40, 0x02, 0x01, 0x80, 0x03, 0x80, 0x02, 0x40,
  0x06, 0x60, 0x0C, 0x30, 0x18, 0x18, 0x2F, 0xE6, 0x40, 0x02, 0x00, 0x00,
  0x3F, 0xF8, 0x00, 0x18, 0x00, 0x10, 0x00, 0x30, 0x00, 0x20, 0x00, 0x60,
  0x00, 0x40, 0x00, 0x00, 0x08, 0x00, 0x1B, 0xF8, 0x11, 0x88, 0x31, 0x98,
  0x31, 0x10, 0x71, 0x1E, 0x51, 0x12, 0x11, 0x02, 0x11, 0x02, 0x11, 0x02,
  0x13, 0x02, 0x12, 0x02, 0x12, 0x06, 0x14, 0x04, 0x14, 0x3C, 0x00, 0x00,
  0x08, 0x20, 0x08, 0x20, 0x1B, 0x20, 0x13, 0x24, 0x33, 0x3E, 0x33, 0xE2,
  0x73, 0xA6, 0x57, 0x26, 0x13, 0x26, 0x13, 0x24, 0x13, 0x2C, 0x13, 0x20,
  0x13, 0x02, 0x13, 0x02, 0x11, 0xFE, 0x00, 0x00, 0x00, 0x00, 0x0C, 0x48,
  0x08, 0x44, 0x18, 0x46, 0x10, 0x40, 0x30, 0x7E, 0x77, 0xF0, 0x50, 0x40,
  0x10, 0x60, 0x10, 0x20, 0x10, 0x20, 0x10, 0x20, 0x10, 0x32, 0x10, 0x12,
  0x10, 0x1A, 0x10, 0x0E, 0x00, 0x00, 0x01, 0x80, 0x03, 0xC0, 0x06, 0x60,
  0x0C, 0x30, 0x18, 0x18, 0x37, 0xEC, 0x60, 0x06, 0x00, 0x00, 0x00, 0x00,
  0x3F, 0xF8, 0x03, 0x08, 0x03, 0x08, 0x03, 0x08, 0x03, 0x08, 0x03, 0x38,
  0x03, 0x00, 0x10, 0x08, 0x10, 0x08, 0x13, 0x08, 0x11, 0x88, 0x10, 0x88,
  0x10, 0x98, 0x10, 0x10, 0x10, 0x10, 0x10, 0x30, 0x1E, 0x70, 0x38, 0x48,
  0x61, 0x84, 0x03, 0x06, 0x04, 0x02, 0x00, 0x00, 0x0C, 0x1C, 0x0B, 0xF0,
  0x1A, 0x60, 0x10, 0x20, 0x30, 0x20, 0x70, 0x20, 0x50, 0x20, 0x17, 0xFE,
  0x10, 0x20, 0x10, 0x20, 0x10, 0x20, 0x10, 0x20, 0x10, 0x20, 0x17, 0xFE,
  0x10, 0x00, 0x08, 0x00, 0x08, 0x60, 0x18, 0x60, 0x17, 0xFE, 0x34, 0x62,
  0x74, 0x62, 0x77, 0xFE, 0x14, 0x62, 0x14, 0x62, 0x14, 0x62, 0x17, 0xFE,
  0x14, 0x62, 0x10, 0x60, 0x10, 0x60, 0x10, 0x60, 0x10, 0x00, 0x08, 0x00,
  0x0F, 0xFE, 0x18, 0x06, 0x10, 0x02, 0x37, 0xF2, 0x30, 0x02, 0x70, 0x02,
  0x53, 0xE2, 0x12, 0x22, 0x12, 0x22, 0x12, 0x22, 0x13, 0xE2, 0x12, 0x02,
  0x12, 0x02, 0x10, 0x06, 0x10, 0x1C, 0x00, 0x00, 0x08, 0x00, 0x0B, 0xFC,
  0x1A, 0x04, 0x12, 0x04, 0x32, 0x04, 0x73, 0xFC, 0x53, 0x04, 0x12, 0x04,
  0x12, 0x04, 0x13, 0x04, 0x13, 0xFC, 0x10, 0x00, 0x10, 0x00, 0x17, 0xFE,
  0x10, 0x00, 0x00, 0x20, 0x08, 0x20, 0x18, 0x20, 0x17, 0xFE, 0x36, 0x02,
  0x36, 0x02, 0x70, 0x00, 0x57, 0xFE, 0x10, 0x20, 0x10, 0x20, 0x10, 0x20,
  0x10, 0x20, 0x10, 0x20, 0x10, 0x20, 0x10, 0x20, 0x11, 0xC0, 0x08, 0x00,
  0x08, 0xC0, 0x18, 0x80, 0x17, 0xFE, 0x31, 0x00, 0x31, 0x20, 0x73, 0x20,
  0x57, 0xFE, 0x1F, 0x26, 0x13, 0x26, 0x13, 0x26, 0x13, 0x26, 0x13, 0x2C,
  0x10, 0x20, 0x10, 0x20, 0x00, 0x20, 0x00, 0x00, 0x08, 0x60, 0x18, 0x60,
  0x10, 0x60, 0x37, 0xFE, 0x30, 0x00, 0x71, 0x08, 0x51, 0x08, 0x11, 0x08,
  0x11, 0x08, 0x11, 0x98, 0x10, 0x90, 0x10, 0x90, 0x10, 0x30, 0x17, 0xFE,
  0x10, 0x00, 0x08, 0x00, 0x08, 0x1C, 0x1B, 0xF0, 0x12, 0x20, 0x32, 0x20,
  0x72, 0x30, 0x73, 0xFE, 0x12, 0x10, 0x12, 0x10, 0x12, 0x10, 0x12, 0x10,
  0x13, 0xF8, 0x17, 0x09, 0x10, 0x0E, 0x17, 0xF6, 0x00, 0x00, 0x00, 0x80,
  0x08, 0xC0, 0x18, 0x60, 0x10, 0x30, 0x37, 0xFE, 0x30, 0x20, 0x70, 0x20,
  0x50, 0x20, 0x10, 0x20, 0x13, 0xFE, 0x10, 0x20, 0x10, 0x20, 0x10, 0x20,
  0x10, 0x20, 0x17, 0xFE, 0x10, 0x00, 0x00, 0x00, 0x08, 0x90, 0x18, 0x90,
  0x17, 0xFE, 0x30, 0x92, 0x30, 0x92, 0x77, 0xFE, 0x14, 0x90, 0x14, 0x90,
  0x17, 0xFE, 0x11, 0x92, 0x11, 0x12, 0x11, 0x12, 0x13, 0x1E, 0x16, 0x10,
  0x14, 0x10, 0x00, 0x00, 0x08, 0x80, 0x08, 0x80, 0x11, 0xFE, 0x11, 0x40,
  0x32, 0x40, 0x76, 0x40, 0x54, 0x7E, 0x10, 0x40, 0x10, 0x40, 0x10, 0x40,
  0x10, 0x7E, 0x10, 0x40, 0x10, 0x40, 0x10, 0x40, 0x10, 0x40, 0x08, 0x20,
  0x08, 0x20, 0x1F, 0xFE, 0x10, 0x20, 0x30, 0x20, 0x33, 0xFE, 0x72, 0x22,
  0x52, 0x22, 0x12, 0x22, 0x13, 0xFE, 0x10, 0x60, 0x13, 0x40, 0x11, 0xC0,
  0x11, 0xE0, 0x13, 0x3C, 0x14, 0x06, 0x00, 0x00, 0x01, 0x80, 0x01, 0x80,
  0x7F, 0xFE, 0x09, 0x80, 0x09, 0x90, 0x19, 0x90, 0x19, 0xB8, 0x25, 0xA4,
  0x63, 0xC2, 0x07, 0xC0, 0x0D, 0xB0, 0x19, 0x98, 0x71, 0x8E, 0x41, 0x82,
  0x01, 0x00, 0x00, 0x00, 0x1F, 0xE2, 0x12, 0x12, 0x12, 0x12, 0x32, 0x12,
  0x33, 0xD2, 0x76, 0x52, 0xF4, 0x52, 0x36, 0xD2, 0x3B, 0x92, 0x31, 0x92,
  0x31, 0x92, 0x31, 0x02, 0x33, 0x02, 0x36, 0x02, 0x34, 0x1C, 0x00, 0x00,
  0x08, 0x00, 0x09, 0x88, 0x19, 0x88, 0x11, 0x88, 0x37, 0xFE, 0x31, 0x88,
  0x71, 0x88, 0x51, 0x88, 0x11, 0x88, 0x17, 0xFE, 0x10, 0x00, 0x10, 0x00,
  0x11, 0x08, 0x13, 0x04, 0x16, 0x06, 0x10, 0x00, 0x08, 0x00, 0x08, 0x40,
  0x10, 0x40, 0x1F, 0xFE, 0x30, 0xE0, 0x70, 0xA0, 0xD1, 0xA2, 0x13, 0x24,
  0x17, 0x18, 0x1D, 0x10, 0x11, 0x18, 0x11, 0x08, 0x11, 0x0C, 0x11, 0xE4,
  0x17, 0x82, 0x10, 0x00, 0x00, 0x00, 0x1B, 0xFC, 0x12, 0x04, 0x12, 0x04,
  0x32, 0x04, 0x32, 0x04, 0x73, 0xFC, 0x70, 0x20, 0x30, 0x20, 0x32, 0x3C,
  0x32, 0x20, 0x33, 0x20, 0x37, 0x20, 0x34, 0xE0, 0x3C, 0x7E, 0x00, 0x00,
  0x08, 0x00, 0x09, 0x18, 0x1B, 0x0C, 0x16, 0x06, 0x34, 0x60, 0x70, 0xB0,
  0x71, 0x98, 0x13, 0x0C, 0x16, 0x06, 0x13, 0xFC, 0x13, 0x0C, 0x12, 0x04,
  0x12, 0x04, 0x13, 0x0C, 0x13, 0xFC, 0x12, 0x00, 0x00, 0x00, 0x0B, 0xFC,
  0x1A, 0x04, 0x12, 0x04, 0x32, 0x04, 0x73, 0xFC, 0x70, 0x20, 0x50, 0x20,
  0x10, 0x20, 0x17, 0xFE, 0x10, 0xF0, 0x10, 0xF8, 0x11, 0x28, 0x16, 0x26,
  0x14, 0x22, 0x10, 0x20, 0x00, 0x00, 0x09, 0xFC, 0x18, 0x00, 0x17, 0xFE,
  0x30, 0x00, 0x30, 0x00, 0x73, 0xFC, 0x50, 0x00, 0x13, 0xFC, 0x10, 0x00,
  0x13, 0xFC, 0x12, 0x04, 0x12, 0x04, 0x12, 0x04, 0x13, 0xFC, 0x12, 0x04,
  0x00, 0x40, 0x18, 0xC0, 0x14, 0xFE, 0x35, 0x8C, 0x37, 0x58, 0x74, 0x30,
  0x74, 0x78, 0x75, 0x8E, 0x34, 0x30, 0x34, 0xC0, 0x34, 0x18, 0x34, 0x70,
  0x34, 0x84, 0x30, 0x18, 0x31, 0xE0, 0x01, 0x00, 0x00, 0x00, 0x0B, 0xFC,
  0x1A, 0x04, 0x13, 0xFC, 0x32, 0x04, 0x32, 0x04, 0x73, 0xFC, 0x52, 0x04,
  0x13, 0xFC, 0x12, 0x04, 0x12, 0x04, 0x17, 0xFE, 0x10, 0x00, 0x11, 0x0C,
  0x16, 0x06, 0x14, 0x02, 0x08, 0x00, 0x1F, 0xFE, 0x16, 0x02, 0x16, 0x22,
  0x36, 0x22, 0x37, 0xFA, 0x76, 0x22, 0xF6, 0x22, 0x16, 0xF2, 0x16, 0x82,
  0x16, 0x82, 0x16, 0xF2, 0x16, 0x02, 0x16, 0x02, 0x17, 0xFE, 0x12, 0x02,
  0x00, 0x00, 0x1F, 0xE2, 0x12, 0x12, 0x32, 0x12, 0x32, 0x52, 0x77, 0xD2,
  0x7C, 0x32, 0x31, 0x12, 0x31, 0x12, 0x37, 0xD2, 0x31, 0x12, 0x31, 0x12,
  0x31, 0x02, 0x31, 0xE2, 0x3F, 0x02, 0x30, 0x0C, 0x00, 0x00, 0x10, 0xF8,
  0x14, 0x08, 0x34, 0x08, 0x37, 0xFE, 0x74, 0x80, 0x74, 0x80, 0xF5, 0xFE,
  0x35, 0x20, 0x34, 0x20, 0x37, 0xFE, 0x34, 0x30, 0x34, 0x70, 0x30, 0xC8,
  0x31, 0x86, 0x00, 0x02, 0x00, 0x40, 0x08, 0x48, 0x1A, 0x44, 0x16, 0x46,
  0x33, 0xFE, 0x30, 0x90, 0x77, 0xFE, 0x11, 0x08, 0x12, 0x0C, 0x17, 0xFE,
  0x1D, 0x0A, 0x11, 0x08, 0x11, 0x30, 0x11, 0x04, 0x11, 0x04, 0x11, 0xFC,
  0x00, 0x00, 0x08, 0x20, 0x08, 0x60, 0x1F, 0xFE, 0x10, 0x40, 0x30, 0x40,
  0x33, 0xFC, 0x72, 0x04, 0x53, 0xFC, 0x12, 0x04, 0x13, 0xFC, 0x12, 0x04,
  0x12, 0x04, 0x13, 0xFC, 0x12, 0x04, 0x17, 0xFE, 0x00, 0x00, 0x00, 0x00,
  0x17, 0xBE, 0x14, 0x86, 0x34, 0x86, 0x24, 0x86, 0x27, 0xBE, 0x64, 0x00,
  0x64, 0x00, 0x27, 0xBE, 0x24, 0x24, 0x24, 0x14, 0x27, 0x98, 0x24, 0x18,
  0x24, 0x3C, 0x24, 0x66, 0x04, 0x00, 0x00, 0x00, 0x17, 0xFE, 0x10, 0x00,
  0x33, 0xFE, 0x32, 0x06, 0x72, 0x06, 0x73, 0xFE, 0x32, 0x00, 0x33, 0xFE,
  0x33, 0x52, 0x37, 0x52, 0x37, 0xFE, 0x35, 0x52, 0x3D, 0x52, 0x39, 0x52,
  0x31, 0x4E, 0x08, 0x00, 0x08, 0x60, 0x1F, 0xFE, 0x10, 0x00, 0x33, 0xFC,
  0x72, 0x04, 0x73, 0xFC, 0x10, 0x00, 0x17, 0xFE, 0x14, 0x02, 0x15, 0xFE,
  0x10, 0x60, 0x10, 0x60, 0x10, 0x60, 0x10, 0x60, 0x01, 0xC0, 0x00, 0x00,
  0x08, 0x60, 0x18, 0x7E, 0x10, 0x60, 0x33, 0xFC, 0x32, 0x04, 0x72, 0x04,
  0x53, 0xFC, 0x12, 0x04, 0x13, 0xFC, 0x12, 0x04, 0x13, 0xFC, 0x10, 0x00,
  0x11, 0x8C, 0x17, 0x06, 0x14, 0x00, 0x00, 0x00, 0x18, 0x88, 0x17, 0xFE,
  0x10, 0x88, 0x30, 0x00, 0x37, 0xFE, 0x74, 0x00, 0xF5, 0xFE, 0x35, 0x12,
  0x35, 0x12, 0x35, 0xFE, 0x35, 0x12, 0x35, 0xFE, 0x35, 0x12, 0x39, 0x12,
  0x19, 0x0E, 0x08, 0x20, 0x0F, 0xFE, 0x10, 0x20, 0x13, 0xFC, 0x32, 0x26,
  0x33, 0xFE, 0x72, 0x26, 0x53, 0xFE, 0x10, 0x6C, 0x17, 0xFE, 0x10, 0x08,
  0x17, 0xFE, 0x11, 0x08, 0x11, 0x88, 0x10, 0x88, 0x10, 0x38, 0x09, 0x00,
  0x09, 0xFE, 0x1A, 0x00, 0x17, 0xFC, 0x37, 0x04, 0x71, 0xFC, 0x71, 0x04,
  0x51, 0xFC, 0x10, 0x00, 0x17, 0xFE, 0x11, 0x00, 0x13, 0xFE, 0x14, 0x92,
  0x11, 0xB2, 0x13, 0x24, 0x10, 0x5C, 0x00, 0x08, 0x09, 0x08, 0x1F, 0xFE,
  0x11, 0x08, 0x31, 0xF8, 0x30, 0x20, 0x73, 0xFE, 0x52, 0x26, 0x13, 0xFE,
  0x10, 0x20, 0x13, 0xFE, 0x10, 0x20, 0x13, 0xFC, 0x10, 0x20, 0x17, 0xFE,
  0x10, 0x00, 0x00, 0x00, 0x17, 0xFE, 0x10, 0x00, 0x13, 0xFC, 0x33, 0xFC,
  0x32, 0x64, 0x73, 0xFC, 0x70, 0x00, 0x10, 0x00, 0x13, 0xFC, 0x12, 0x64,
  0x13, 0xFC, 0x13, 0xFC, 0x10, 0x00, 0x1F, 0xFE, 0x10, 0x00, 0x00, 0x00,
  0x1F, 0xFE, 0x10, 0x40, 0x13, 0xFC, 0x33, 0xFC, 0x32, 0x04, 0x73, 0xFC,
  0xF7, 0xFE, 0x34, 0x22, 0x36, 0xF6, 0x30, 0x82, 0x31, 0xF8, 0x37, 0x98,
  0x30, 0xF0, 0x33, 0xFC, 0x04, 0x06, 0x00, 0x10, 0x17, 0x92, 0x10, 0x7C,
  0x3F, 0x94, 0x20, 0x18, 0x67, 0xFE, 0x60, 0x10, 0x20, 0x34, 0x27, 0xE0,
  0x20, 0x7E, 0x27, 0xA2, 0x24, 0xBE, 0x24, 0xA2, 0x24, 0xA2, 0x27, 0xBE,
  0x04, 0x20, 0x02, 0x00, 0x06, 0x00, 0x04, 0x30, 0x0C, 0x18, 0x08, 0x08,
  0x7F, 0xFC, 0x00, 0x06, 0x04, 0x60, 0x04, 0x60, 0x04, 0x60, 0x04, 0x60,
  0x0C, 0x60, 0x08, 0x62, 0x18, 0x62, 0x30, 0x62, 0x60, 0x3E, 0x00, 0x00,
  0x00, 0x00, 0x3F, 0xFC, 0x00, 0x00, 0x00, 0x00, 0x00, 0x00, 0x7F, 0xFE,
  0x04, 0x60, 0x04, 0x60, 0x04, 0x60, 0x0C, 0x60, 0x08, 0x62, 0x18, 0x62,
  0x30, 0x62, 0x60, 0x3E, 0x00, 0x00, 0x01, 0x80, 0x01, 0x80, 0x7F, 0xFE,
  0x06, 0x00, 0x04, 0x20, 0x04, 0x30, 0x0C, 0x18, 0x3F, 0xFC, 0x06, 0x06,
  0x04, 0x60, 0x04, 0x60, 0x04, 0x60, 0x0C, 0x62, 0x08, 0x62, 0x30, 0x62,
  0x60, 0x3E, 0x00, 0x00, 0x00, 0x00, 0x09, 0x80, 0x19, 0x80, 0x1F, 0xFC,
  0x11, 0x80, 0x21, 0x80, 0x21, 0x80, 0x01, 0x80, 0x7F, 0xFE, 0x04, 0x60,
  0x04, 0x60, 0x04, 0x60, 0x08, 0x62, 0x18, 0x62, 0x70, 0x3E, 0x00, 0x00,
  0x00, 0x00, 0x01, 0x8C, 0x11, 0x88, 0x19, 0x88, 0x09, 0x90, 0x09, 0x90,
  0x01, 0x80, 0x7F, 0xFE, 0x04, 0x60, 0x04, 0x60, 0x04, 0x60, 0x0C, 0x60,
  0x08, 0x62, 0x18, 0x62, 0x30, 0x62, 0x60, 0x3E, 0x00, 0x00, 0x00, 0x00,
  0x01, 0x80, 0x7F, 0xFE, 0x01, 0x80, 0x01, 0x80, 0x1F, 0xF8, 0x10, 0x08,
  0x10, 0x08, 0x10, 0x08, 0x1F, 0xF8, 0x06, 0x40, 0x04, 0x40, 0x0C, 0x42,
  0x18, 0x42, 0x70, 0x7E, 0x00, 0x00, 0x0F, 0x80, 0x00, 0x80, 0x00, 0x80,
  0x01, 0x80, 0x01, 0x80, 0x01, 0xC0, 0x03, 0x40, 0x02, 0x40, 0x06, 0x60,
  0x04, 0x20, 0x0C, 0x30, 0x18, 0x18, 0x30, 0x0C, 0x60, 0x06, 0x00, 0x00,
  0x07, 0x00, 0x01, 0x80, 0x00, 0x80, 0x3F, 0xFC, 0x21, 0x84, 0x21, 0x84,
  0x23, 0xC4, 0x22, 0x44, 0x26, 0x64, 0x2C, 0x34, 0x38, 0x14, 0x20, 0x04,
  0x20, 0x04, 0x20, 0x04, 0x20, 0x1C, 0x00, 0x00, 0x01, 0x80, 0x03, 0x80,
  0x02, 0x40, 0x06, 0x60, 0x0C, 0x30, 0x18, 0x18, 0x30, 0x0E, 0x5F, 0xFA,
  0x01, 0x80, 0x01, 0x80, 0x1F, 0xF8, 0x01, 0x80, 0x01, 0x80, 0x01, 0x80,
  0x7F, 0xFE, 0x00, 0x00, 0x7F, 0xFE, 0x01, 0x80, 0x01, 0x00, 0x01, 0x80,
  0x3F, 0xFC, 0x21, 0x04, 0x2D, 0x24, 0x25, 0x34, 0x25, 0x34, 0x2D, 0x34,
  0x2B, 0x54, 0x33, 0xCC, 0x21, 0x04, 0x21, 0x04, 0x21, 0x1C, 0x00, 0x00,
  0x01, 0x80, 0x01, 0x80, 0x01, 0x80, 0x7F, 0xFE, 0x00, 0x00, 0x00, 0x00,
  0x00, 0x00, 0x0C, 0x30, 0x08, 0x10, 0x18, 0x18, 0x10, 0x08, 0x30, 0x0C,
  0x20, 0x04, 0x60, 0x06, 0x00, 0x00, 0x08, 0x10, 0x08, 0x10, 0x7F, 0xFE,
  0x08, 0x10, 0x08, 0x10, 0x0F, 0xF0, 0x08, 0x10, 0x08, 0x10, 0x0F, 0xF0,
  0x08, 0x10, 0x08, 0x10, 0x7F, 0xFE, 0x00, 0x00, 0x0C, 0x30, 0x70, 0x0C,
  0x40, 0x00, 0x7F, 0xFE, 0x01, 0x80, 0x01, 0x80, 0x1F, 0xF8, 0x11, 0x88,
  0x11, 0x88, 0x1F, 0xF8, 0x11, 0x88, 0x11, 0x88, 0x11, 0x88, 0x7F, 0xFE,
  0x10, 0x08, 0x10, 0x08, 0x10, 0x08, 0x10, 0x38, 0x00, 0x00, 0x3F, 0xFC,
  0x20, 0x04, 0x3F, 0xFC, 0x20, 0x04, 0x20, 0x04, 0x3F, 0xFC, 0x00, 0x00,
  0x1F, 0xF8, 0x10, 0x08, 0x1F, 0xF8, 0x10, 0x08, 0x1F, 0xF8, 0x10, 0x08,
  0x1F, 0xF8, 0x10, 0x00, 0x00, 0x40, 0x40, 0xE0, 0x21, 0xB0, 0x11, 0x18,
  0x06, 0x0C, 0x0D, 0xF2, 0x08, 0x00, 0x00, 0x00, 0x07, 0xFC, 0x10, 0xC4,
  0x10, 0x84, 0x20, 0x84, 0x60, 0x84, 0x40, 0x9C, 0x00, 0x80, 0x00, 0x80,
  0x00, 0x00, 0x01, 0x80, 0x31, 0x8C, 0x31, 0x8C, 0x31, 0x8C, 0x31, 0x8C,
  0x31, 0x8C, 0x3F, 0xFC, 0x01, 0x80, 0x21, 0x84, 0x21, 0x84, 0x21, 0x84,
  0x21, 0x84, 0x21, 0x84, 0x3F, 0xFC, 0x20, 0x04, 0x00, 0x00, 0x04, 0x20,
  0x0C, 0x30, 0x08, 0x10, 0x18, 0x08, 0x30, 0x0C, 0x60, 0x06, 0x5F, 0xFA,
  0x02, 0x08, 0x02, 0x08, 0x02, 0x08, 0x06, 0x18, 0x04, 0x18, 0x0C, 0x10,
  0x18, 0x10, 0x20, 0xF0, 0x00, 0x00, 0x00, 0x00, 0x30, 0x00, 0x33, 0xFE,
  0x30, 0x42, 0x32, 0x42, 0x7C, 0x42, 0x70, 0x42, 0x30, 0x42, 0x30, 0x42,
  0x32, 0x42, 0x32, 0x86, 0x1E, 0x86, 0x01, 0x84, 0x03, 0x04, 0x06, 0x3C,
  0x00, 0x00, 0x00, 0x00, 0x7F, 0x86, 0x08, 0x26, 0x18, 0x26, 0x10, 0x26,
  0x1F, 0x26, 0x31, 0x26, 0x21, 0x26, 0x73, 0x26, 0x4E, 0x26, 0x06, 0x26,
  0x04, 0x06, 0x0C, 0x06, 0x18, 0x06, 0x30, 0x06, 0x20, 0x1C, 0x00, 0x00,
  0x00, 0x00, 0x3F, 0x06, 0x21, 0x26, 0x21, 0x66, 0x21, 0x66, 0x3F, 0x66,
  0x10, 0x66, 0x10, 0x66, 0x1F, 0x66, 0x11, 0x66, 0x11, 0x66, 0x11, 0x06,
  0x21, 0x06, 0x21, 0x06, 0x62, 0x06, 0x4E, 0x1C, 0x00, 0x00, 0x00, 0x00,
  0x7F, 0x86, 0x18, 0x26, 0x12, 0x26, 0x13, 0x26, 0x31, 0x26, 0x7F, 0xA6,
  0x00, 0xA6, 0x0C, 0x26, 0x7F, 0xA6, 0x0C, 0x26, 0x0C, 0x06, 0x0C, 0x06,
  0x0F, 0x86, 0x7E, 0x06, 0x00, 0x1C, 0x04, 0x00, 0x24, 0x02, 0x24, 0x12,
  0x3F, 0x92, 0x44, 0x12, 0x44, 0x12, 0x7F, 0xD2, 0x04, 0x12, 0x04, 0x12,
  0x3F, 0x92, 0x24, 0x92, 0x24, 0x82, 0x24, 0x82, 0x25, 0x82, 0x04, 0x06,
  0x00, 0x1C, 0x0C, 0x00, 0x0C, 0x06, 0x0C, 0x26, 0x7F, 0xA6, 0x08, 0x26,
  0x10, 0x26, 0x62, 0x26, 0x36, 0x26, 0x1C, 0x26, 0x19, 0xA6, 0x33, 0x26,
  0x42, 0x26, 0x0E, 0x06, 0x1B, 0x06, 0x31, 0x86, 0x40, 0x9C, 0x00, 0x00,
  0x08, 0x10, 0x08, 0x10, 0x04, 0x30, 0x7F, 0xFE, 0x00, 0x00, 0x00, 0x04,
  0x3F, 0x24, 0x21, 0x24, 0x3F, 0x24, 0x21, 0x24, 0x21, 0x24, 0x3F, 0x24,
  0x21, 0x24, 0x21, 0x04, 0x21, 0x04, 0x26, 0x1C, 0x00, 0x00, 0x00, 0x00,
  0x7F, 0x82, 0x40, 0x92, 0x52, 0x92, 0x4A, 0x92, 0x42, 0x92, 0x7F, 0x92,
  0x44, 0x92, 0x55, 0x92, 0x55, 0x92, 0x55, 0x92, 0x5F, 0x82, 0x51, 0x82,
  0x50, 0x82, 0x40, 0x86, 0x43, 0x9C, 0x00, 0x00, 0x01, 0x80, 0x3E, 0x02,
  0x04, 0x12, 0x04, 0x12, 0x7F, 0xD2, 0x15, 0x12, 0x75, 0xD2, 0x15, 0x12,
  0x35, 0x12, 0x15, 0xD2, 0x0E, 0x12, 0x0F, 0x02, 0x14, 0x82, 0x24, 0x42,
  0x64, 0x06, 0x04, 0x1C, 0x0C, 0x02, 0x0B, 0x06, 0x11, 0xA6, 0x3F, 0xA6,
  0x60, 0x26, 0x3F, 0xA6, 0x20, 0xA6, 0x3F, 0xA6, 0x20, 0xA6, 0x3F, 0xA6,
  0x20, 0x26, 0x3F, 0xA6, 0x30, 0x86, 0x50, 0x86, 0x5F, 0x86, 0x10, 0x1C,
  0x00, 0x00, 0x01, 0x00, 0x01, 0x00, 0x01, 0x00, 0x01, 0x00, 0x7F, 0xFC,
  0x03, 0x04, 0x03, 0x04, 0x02, 0x04, 0x02, 0x04, 0x06, 0x04, 0x04, 0x04,
  0x0C, 0x04, 0x18, 0x0C, 0x30, 0x08, 0x60, 0x78, 0x00, 0x00, 0x00, 0x00,
  0x00, 0x20, 0x7E, 0x20, 0x10, 0x60, 0x11, 0xFE, 0x10, 0x62, 0x10, 0x42,
  0x10, 0x42, 0x10, 0x42, 0x12, 0x42, 0x1E, 0xC6, 0x70, 0x86, 0x01, 0x84,
  0x03, 0x04, 0x06, 0x3C, 0x00, 0x00, 0x00, 0x00, 0x10, 0x00, 0x10, 0x7E,
  0x10, 0x46, 0x7F, 0x46, 0x11, 0x46, 0x11, 0x46, 0x11, 0x46, 0x11, 0x46,
  0x11, 0x46, 0x31, 0x46, 0x23, 0x46, 0x23, 0x46, 0x62, 0x7E, 0x4E, 0x46,
  0x00, 0x00, 0x00, 0x20, 0x3E, 0x20, 0x22, 0x20, 0x22, 0x20, 0x23, 0xFE,
  0x3E, 0x22, 0x22, 0x22, 0x22, 0x22, 0x3E, 0x22, 0x22, 0x62, 0x22, 0x46,
  0x23, 0x46, 0x3F, 0xC6, 0x70, 0x84, 0x01, 0x04, 0x02, 0x3C, 0x00, 0x00,
  0x01, 0x00, 0x7E, 0x30, 0x08, 0x30, 0x7F, 0xB0, 0x08, 0x7E, 0x7F, 0x32,
  0x49, 0x22, 0x7F, 0x22, 0x49, 0x22, 0x7F, 0x22, 0x08, 0x22, 0x7F, 0x62,
  0x08, 0x46, 0x0D, 0xC6, 0x7D, 0x84, 0x00, 0x1C, 0x00, 0x00, 0x00, 0x40,
  0x7E, 0x40, 0x04, 0xFE, 0x2D, 0xCC, 0x19, 0x48, 0x0C, 0x30, 0x7E, 0x7C,
  0x1B, 0x86, 0x1A, 0x20, 0x3A, 0x20, 0x29, 0xFE, 0x48, 0x66, 0x48, 0x46,
  0x08, 0xC4, 0x09, 0x84, 0x33, 0x1C, 0x00, 0x00, 0x00, 0x00, 0x0C, 0x00,
  0x08, 0x00, 0x1F, 0xFE, 0x10, 0x06, 0x32, 0x06, 0x26, 0x06, 0x44, 0x06,
  0x04, 0x86, 0x0C, 0xC4, 0x08, 0x44, 0x0F, 0xE4, 0x3C, 0x24, 0x00, 0x04,
  0x00, 0x0C, 0x00, 0x78, 0x00, 0x00, 0x00, 0x00, 0x08, 0x00, 0x08, 0x00,
  0x1F, 0xFE, 0x13, 0x26, 0x32, 0x26, 0x22, 0x26, 0x46, 0x66, 0x04, 0x46,
  0x0C, 0x44, 0x08, 0xC4, 0x18, 0x84, 0x31, 0x84, 0x21, 0x04, 0x03, 0x0C,
  0x02, 0x38, 0x00, 0x00, 0x00, 0x00, 0x0C, 0x80, 0x08, 0x80, 0x18, 0x80,
  0x10, 0x8C, 0x30, 0x98, 0x70, 0xF0, 0x50, 0xC0, 0x10, 0x80, 0x10, 0x80,
  0x10, 0x80, 0x10, 0x82, 0x10, 0x82, 0x10, 0x82, 0x10, 0xFE, 0x00, 0x00,
  0x3F, 0xFE, 0x20, 0x00, 0x23, 0xF0, 0x22, 0x10, 0x22, 0x10, 0x23, 0xF0,
  0x20, 0x00, 0x2F, 0x7C, 0x29, 0x44, 0x29, 0x44, 0x29, 0x44, 0x2F, 0x7C,
  0x20, 0x00, 0x3F, 0xFE, 0x20, 0x00, 0x00, 0x00, 0x11, 0x88, 0x11, 0x88,
  0x09, 0x90, 0x09, 0x90, 0x01, 0x80, 0x3F, 0xFC, 0x01, 0x80, 0x01, 0x80,
  0x01, 0x80, 0x7F, 0xFE, 0x01, 0x80, 0x01, 0x80, 0x01, 0x80, 0x01, 0x80,
  0x00, 0x00, 0x00, 0x00, 0x01, 0x80, 0x7F, 0xFE, 0x01, 0x80, 0x01, 0x80,
  0x3F, 0xFC, 0x24, 0x24, 0x26, 0x64, 0x22, 0x44, 0x2F, 0xF4, 0x21, 0x84,
  0x2F, 0xF4, 0x21, 0x84, 0x21, 0x84, 0x21, 0x84, 0x20, 0x1C, 0x3F, 0x7E,
  0x21, 0x46, 0x21, 0x46, 0x21, 0x46, 0x3F, 0x46, 0x21, 0x46, 0x21, 0x46,
  0x3F, 0x46, 0x20, 0x46, 0x24, 0x46, 0x22, 0x46, 0x2E, 0x4C, 0x79, 0x40,
  0x41, 0x40, 0x00, 0x40, 0x3F, 0xFE, 0x20, 0xC0, 0x20, 0x80, 0x27, 0xFC,
  0x24, 0x04, 0x24, 0x04, 0x27, 0xFC, 0x24, 0x04, 0x27, 0xFC, 0x20, 0x40,
  0x22, 0x58, 0x24, 0x4C, 0x6C, 0x44, 0x58, 0x42, 0x41, 0x80, 0x3F, 0xFE,
  0x20, 0x00, 0x2F, 0x94, 0x28, 0x92, 0x2F, 0x90, 0x2F, 0x90, 0x20, 0x7E,
  0x2F, 0x98, 0x28, 0x98, 0x2F, 0x98, 0x68, 0x98, 0x4F, 0xA4, 0x48, 0xA4,
  0x4B, 0xC2, 0x00, 0x00, 0x00, 0x00, 0x01, 0x80, 0x01, 0x80, 0x3F, 0xFC,
  0x01, 0x80, 0x01, 0x80, 0x01, 0x80, 0x7F, 0xFE, 0x02, 0x00, 0x06, 0x00,
  0x04, 0x30, 0x04, 0x18, 0x08, 0x08, 0x0F, 0xFC, 0x3F, 0xF6, 0x00, 0x00,
  0x00, 0x00, 0x7F, 0xE0, 0x0C, 0x20, 0x0C, 0x20, 0x0C, 0x60, 0x0C, 0x7C,
  0x0E, 0x44, 0x0A, 0x0C, 0x0B, 0x08, 0x19, 0x18, 0x10, 0x90, 0x10, 0xE0,
  0x30, 0x60, 0x61, 0xB8, 0x47, 0x0E, 0x04, 0x02, 0x1F, 0xFC, 0x10, 0x00,
  0x10, 0x00, 0x10, 0x00, 0x10, 0x00, 0x1F, 0xF8, 0x14, 0x08, 0x12, 0x18,
  0x12, 0x10, 0x31, 0x20, 0x21, 0xE0, 0x20, 0xC0, 0x23, 0xF0, 0x4E, 0x1C,
  0x08, 0x04, 0x7F, 0x80, 0x23, 0x00, 0x22, 0xFE, 0x22, 0x46, 0x3E, 0x44,
  0x22, 0x44, 0x22, 0x64, 0x3E, 0x28, 0x22, 0x38, 0x22, 0x18, 0x26, 0x18,
  0x7E, 0x38, 0x02, 0x6C, 0x03, 0xC6, 0x00, 0x00, 0x00, 0x78, 0x7F, 0x80,
  0x11, 0x08, 0x11, 0x88, 0x08, 0x90, 0x7F, 0xFE, 0x40, 0x02, 0x40, 0x02,
  0x1F, 0xF8, 0x08, 0x10, 0x04, 0x30, 0x06, 0x60, 0x03, 0xC0, 0x07, 0xE0,
  0x7C, 0x3E, 0x00, 0x00, 0x00, 0x00, 0x08, 0xFE, 0x2A, 0x80, 0x4A, 0x80,
  0x48, 0x80, 0x18, 0xFE, 0x7E, 0xC6, 0x08, 0xC4, 0x1A, 0xA4, 0x1E, 0xA4,
  0x79, 0xB8, 0x11, 0x18, 0x11, 0x18, 0x33, 0x2C, 0x62, 0xC6, 0x00, 0x00,
  0x3F, 0xFC, 0x20, 0x04, 0x20, 0x04, 0x20, 0x04, 0x20, 0x04, 0x20, 0x04,
  0x20, 0x04, 0x20, 0x04, 0x20, 0x04, 0x20, 0x04, 0x20, 0x04, 0x3F, 0xFC,
  0x20, 0x04, 0x00, 0x00, 0x00, 0x00, 0x0C, 0x00, 0x08, 0x00, 0x1F, 0xFE,
  0x10, 0x06, 0x30, 0x06, 0x6F, 0xC4, 0x48, 0x44, 0x08, 0x44, 0x08, 0x44,
  0x08, 0x44, 0x0F, 0xC4, 0x08, 0x04, 0x08, 0x04, 0x00, 0x0C, 0x00, 0x78,
  0x00, 0x00, 0x1F, 0xF8, 0x10, 0x08, 0x10, 0x08, 0x10, 0x08, 0x10, 0x08,
  0x1F, 0xF8, 0x01, 0x00, 0x01, 0x00, 0x7F, 0xFC, 0x03, 0x04, 0x02, 0x04,
  0x06, 0x04, 0x0C, 0x0C, 0x38, 0x08, 0x60, 0x78, 0x00, 0x00, 0x00, 0x00,
  0x1F, 0xFC, 0x10, 0x0C, 0x10, 0x0C, 0x10, 0x0C, 0x10, 0x0C, 0x10, 0x0C,
  0x10, 0x0C, 0x1F, 0xFC, 0x10, 0x00, 0x04, 0x20, 0x0C, 0x30, 0x18, 0x18,
  0x30, 0x04, 0x00, 0x00, 0x01, 0xF8, 0x7C, 0x08, 0x44, 0x08, 0x44, 0x88,
  0x44, 0x88, 0x44, 0x88, 0x45, 0x88, 0x45, 0x88, 0x7D, 0x0C, 0x41, 0x04,
  0x43, 0x04, 0x02, 0x04, 0x06, 0x06, 0x0C, 0x02, 0x00, 0x00, 0x00, 0x00,
  0x7F, 0xFE, 0x00, 0x08, 0x00, 0x08, 0x1F, 0x88, 0x10, 0x88, 0x10, 0x88,
  0x10, 0x88, 0x10, 0x88, 0x1F, 0x88, 0x10, 0x08, 0x10, 0x08, 0x00, 0x08,
  0x00, 0x08, 0x00, 0x78, 0x02, 0x00, 0x02, 0x00, 0x04, 0x00, 0x04, 0x30,
  0x08, 0x08, 0x0F, 0xFC, 0x7E, 0x06, 0x00, 0x02, 0x00, 0x00, 0x1F, 0xF8,
  0x10, 0x08, 0x10, 0x08, 0x10, 0x08, 0x10, 0x08, 0x1F, 0xF8, 0x10, 0x08,
  0x00, 0x00, 0x03, 0x00, 0x02, 0x00, 0x02, 0x00, 0x7F, 0xFE, 0x04, 0x00,
  0x04, 0x00, 0x08, 0x00, 0x1F, 0xFC, 0x1C, 0x0C, 0x28, 0x04, 0x48, 0x04,
  0x08, 0x04, 0x0C, 0x04, 0x0F, 0xFC, 0x08, 0x04, 0x02, 0x00, 0x04, 0x00,
  0x0F, 0xF8, 0x18, 0x10, 0x34, 0x30, 0x63, 0x60, 0x01, 0xC0, 0x07, 0xE0,
  0x1C, 0x38, 0x70, 0x0E, 0x1F, 0xF8, 0x10, 0x18, 0x10, 0x18, 0x10, 0x18,
  0x1F, 0xF8, 0x10, 0x08, 0x01, 0x80, 0x03, 0x80, 0x02, 0x40, 0x04, 0x20,
  0x0C, 0x10, 0x30, 0x0C, 0x6F, 0xF6, 0x00, 0x00, 0x00, 0x00, 0x1F, 0xF8,
  0x10, 0x08, 0x10, 0x08, 0x10, 0x08, 0x10, 0x08, 0x1F, 0xF8, 0x10, 0x08,
  0x7F, 0xFE, 0x60, 0x06, 0x60, 0x06, 0x6F, 0xF6, 0x60, 0x06, 0x60, 0x06,
  0x67, 0xE6, 0x64, 0x26, 0x64, 0x26, 0x64, 0x26, 0x67, 0xE6, 0x64, 0x06,
  0x64, 0x06, 0x60, 0x06, 0x60, 0x1C, 0x00, 0x00, 0x02, 0x00, 0x06, 0x00,
  0x0F, 0xF0, 0x08, 0x20, 0x18, 0x20, 0x6C, 0x40, 0x46, 0xC0, 0x03, 0x80,
  0x03, 0x00, 0x07, 0xFC, 0x1C, 0x04, 0x64, 0x04, 0x04, 0x04, 0x04, 0x04,
  0x07, 0xFC, 0x04, 0x04, 0x01, 0x00, 0x01, 0x00, 0x03, 0x00, 0x3F, 0xFC,
  0x20, 0x04, 0x20, 0x04, 0x20, 0x04, 0x27, 0xE4, 0x24, 0x24, 0x24, 0x24,
  0x24, 0x24, 0x27, 0xE4, 0x24, 0x04, 0x24, 0x04, 0x20, 0x04, 0x20, 0x1C,
  0x7F, 0xFE, 0x00, 0x80, 0x01, 0x80, 0x07, 0xB0, 0x1D, 0x98, 0x71, 0x86,
  0x41, 0x80, 0x00, 0x00, 0x1F, 0xF8, 0x10, 0x08, 0x10, 0x08, 0x10, 0x08,
  0x10, 0x08, 0x1F, 0xF8, 0x10, 0x08, 0x01, 0x80, 0x03, 0xC0, 0x06, 0x60,
  0x0C, 0x38, 0x37, 0xEE, 0x40, 0x00, 0x1F, 0xF8, 0x00, 0x10, 0x00, 0x30,
  0x00, 0x20, 0x1F, 0xF8, 0x10, 0x08, 0x10, 0x08, 0x10, 0x08, 0x1F, 0xF8,
  0x10, 0x08, 0x00, 0x00, 0x03, 0xF8, 0x7D, 0x98, 0x4D, 0x90, 0x4D, 0x90,
  0x4D, 0x90, 0x4D, 0x9E, 0x4D, 0x92, 0x4D, 0x46, 0x4D, 0x44, 0x7D, 0x6C,
  0x42, 0x38, 0x02, 0x38, 0x06, 0x78, 0x0C, 0xC6, 0x08, 0x02, 0x1F, 0xF8,
  0x10, 0x08, 0x10, 0x08, 0x10, 0x08, 0x1F, 0xF8, 0x01, 0x80, 0x01, 0x80,
  0x01, 0x80, 0x7F, 0xFE, 0x03, 0xC0, 0x05, 0xE0, 0x09, 0x90, 0x31, 0x8C,
  0x61, 0x86, 0x00, 0x00, 0x00, 0x00, 0x00, 0x3C, 0x7B, 0xE0, 0x48, 0x20,
  0x49, 0x24, 0x49, 0x24, 0x49, 0x2C, 0x49, 0xA8, 0x48, 0x20, 0x4B, 0xFE,
  0x78, 0x20, 0x40, 0x20, 0x40, 0x20, 0x00, 0x20, 0x00, 0x20, 0x00, 0xE0,
  0x00, 0x00, 0x00, 0x00, 0x1E, 0x00, 0x78, 0xFC, 0x08, 0xC4, 0x08, 0xC4,
  0x7F, 0xC4, 0x18, 0xC4, 0x1C, 0xC4, 0x1E, 0xC4, 0x2B, 0xC4, 0x68, 0xC4,
  0x48, 0xC4, 0x08, 0xFC, 0x08, 0xC4, 0x08, 0x44, 0x08, 0x00, 0x3E, 0x7C,
  0x22, 0x44, 0x22, 0x44, 0x22, 0x44, 0x3E, 0x7C, 0x00, 0x00, 0x00, 0x00,
  0x0F, 0xE0, 0x08, 0x20, 0x08, 0x20, 0x08, 0x20, 0x18, 0x22, 0x30, 0x32,
  0x60, 0x1E, 0x00, 0x00, 0x3E, 0x7C, 0x22, 0x44, 0x22, 0x44, 0x22, 0x44,
  0x3E, 0x7C, 0x01, 0x10, 0x01, 0x18, 0x01, 0x08, 0x7F, 0xFE, 0x03, 0x80,
  0x02, 0x40, 0x06, 0x60, 0x0C, 0x30, 0x78, 0x0E, 0x40, 0x02, 0x00, 0x00,
  0x00, 0x98, 0x79, 0x90, 0x49, 0x10, 0x49, 0xFE, 0x4F, 0x10, 0x4F, 0x10,
  0x4D, 0xFE, 0x49, 0x10, 0x49, 0x10, 0x79, 0xFE, 0x41, 0x10, 0x01, 0x10,
  0x01, 0x10, 0x01, 0xFE, 0x01, 0x00, 0x08, 0x10, 0x08, 0x30, 0x0C, 0x20,
  0x3F, 0x3E, 0x21, 0x24, 0x21, 0x64, 0x3F, 0x64, 0x20, 0x64, 0x20, 0x1C,
  0x3F, 0x18, 0x31, 0x18, 0x71, 0x18, 0x51, 0x18, 0x5F, 0x34, 0x51, 0x66,
  0x00, 0x42, 0x00, 0x00, 0x01, 0x02, 0x7F, 0xE2, 0x49, 0x02, 0x49, 0x02,
  0x4F, 0xC2, 0x4D, 0x02, 0x4D, 0x02, 0x4D, 0x02, 0x4F, 0xC2, 0x79, 0x82,
  0x43, 0xC2, 0x43, 0x62, 0x05, 0x02, 0x09, 0x02, 0x01, 0x0C, 0x00, 0x00,
  0x00, 0x00, 0x01, 0x7C, 0x79, 0x04, 0x4B, 0x04, 0x4A, 0xFE, 0x4E, 0x40,
  0x4E, 0x40, 0x4A, 0x7E, 0x4A, 0x90, 0x4A, 0x10, 0x7B, 0xFE, 0x42, 0x18,
  0x42, 0x38, 0x02, 0x6C, 0x02, 0xC6, 0x02, 0x80, 0x00, 0x00, 0x00, 0x80,
  0x79, 0xF0, 0x49, 0x30, 0x4B, 0xFC, 0x4E, 0x14, 0x4A, 0x94, 0x4A, 0x94,
  0x4B, 0x9C, 0x4A, 0x24, 0x7A, 0x64, 0x47, 0xFE, 0x00, 0x60, 0x00, 0x90,
  0x03, 0x0C, 0x04, 0x02, 0x01, 0x80, 0x7F, 0xFE, 0x01, 0x80, 0x1F, 0xFC,
  0x00, 0x00, 0x1F, 0xF8, 0x10, 0x08, 0x10, 0x08, 0x1F, 0xF8, 0x04, 0x20,
  0x7F, 0xFE, 0x00, 0x00, 0x1F, 0xF8, 0x10, 0x08, 0x1F, 0xF8, 0x10, 0x08,
  0x01, 0xFC, 0x79, 0x04, 0x49, 0xFC, 0x49, 0x04, 0x49, 0x04, 0x49, 0xFC,
  0x48, 0x80, 0x49, 0xFE, 0x4F, 0x02, 0x7F, 0x22, 0x45, 0xC2, 0x41, 0x02,
  0x01, 0x16, 0x01, 0xF4, 0x00, 0x1C, 0x00, 0x00, 0x01, 0x80, 0x7F, 0xFE,
  0x01, 0x80, 0x3D, 0xBC, 0x21, 0x84, 0x3D, 0xBC, 0x01, 0x80, 0x7F, 0xFE,
  0x09, 0x84, 0x08, 0x88, 0x08, 0xF0, 0x08, 0x60, 0x0B, 0xB0, 0x3E, 0x0E,
  0x00, 0x02, 0x3E, 0x7C, 0x22, 0x44, 0x3E, 0x7C, 0x00, 0x00, 0x1F, 0xFC,
  0x11, 0x8C, 0x1F, 0xFC, 0x11, 0x8C, 0x11, 0x8C, 0x1F, 0xFC, 0x01, 0x80,
  0x7F, 0xFE, 0x01, 0x80, 0x01, 0x80, 0x01, 0x80, 0x00, 0x88, 0x00, 0x88,
  0x7F, 0xFE, 0x48, 0x88, 0x4B, 0xFE, 0x4A, 0x26, 0x4A, 0x26, 0x4B, 0xFE,
  0x48, 0x20, 0x4B, 0xFE, 0x78, 0x20, 0x40, 0x20, 0x07, 0xFE, 0x00, 0xD0,
  0x01, 0x8C, 0x06, 0x02, 0x3E, 0x7C, 0x22, 0x44, 0x22, 0x44, 0x22, 0x44,
  0x3E, 0x7C, 0x01, 0x00, 0x7F, 0xFE, 0x0C, 0x20, 0x18, 0x18, 0x7E, 0x7E,
  0x22, 0x44, 0x22, 0x44, 0x22, 0x44, 0x3E, 0x7C, 0x22, 0x04, 0x01, 0x00,
  0x01, 0x10, 0x7F, 0xDE, 0x4A, 0x10, 0x4A, 0x9E, 0x4F, 0xC2, 0x48, 0x1E,
  0x4B, 0xD0, 0x4A, 0x5E, 0x4A, 0x50, 0x7B, 0xDE, 0x42, 0x50, 0x03, 0xDE,
  0x02, 0x50, 0x02, 0x52, 0x00, 0x9E, 0x00, 0x00, 0x7F, 0xFE, 0x62, 0x46,
  0x62, 0x46, 0x66, 0x46, 0x64, 0x46, 0x64, 0x4E, 0x6C, 0x4E, 0x68, 0x7E,
  0x70, 0x06, 0x60, 0x06, 0x60, 0x06, 0x7F, 0xFE, 0x60, 0x06, 0x00, 0x00,
  0x7F, 0xFE, 0x60, 0x06, 0x60, 0x06, 0x60, 0x06, 0x67, 0xE6, 0x64, 0x26,
  0x64, 0x26, 0x64, 0x26, 0x64, 0x26, 0x67, 0xE6, 0x60, 0x06, 0x60, 0x06,
  0x60, 0x06, 0x7F, 0xFE, 0x40, 0x06, 0x7F, 0xFE, 0x60, 0x06, 0x61, 0x06,
  0x61, 0x06, 0x61, 0x06, 0x7F, 0xFE, 0x61, 0x86, 0x61, 0x86, 0x63, 0x46,
  0x62, 0x66, 0x6C, 0x36, 0x68, 0x16, 0x60, 0x06, 0x7F, 0xFE, 0x00, 0x02,
  0x7F, 0xFE, 0x60, 0x06, 0x61, 0x86, 0x61, 0x86, 0x6F, 0xF6, 0x61, 0x86,
  0x61, 0x86, 0x67, 0xE6, 0x64, 0x26, 0x64, 0x26, 0x67, 0xE6, 0x60, 0x06,
  0x60, 0x06, 0x7F, 0xFE, 0x20, 0x04, 0x7F, 0xFE, 0x60, 0x06, 0x45, 0x26,
  0x49, 0x16, 0x4F, 0xF6, 0x42, 0x46, 0x5F, 0xFE, 0x44, 0x26, 0x5F, 0xD6,
  0x44, 0xC6, 0x44, 0x16, 0x43, 0xE6, 0x60, 0x06, 0x7F, 0xFE, 0x00, 0x00,
  0x7F, 0xFE, 0x61, 0x06, 0x47, 0xE6, 0x42, 0x26, 0x4F, 0xF6, 0x47, 0xE6,
  0x44, 0x26, 0x47, 0xE6, 0x40, 0x86, 0x4F, 0xF6, 0x4F, 0xF6, 0x40, 0x86,
  0x60, 0x06, 0x7F, 0xFE, 0x00, 0x00, 0x7F, 0xFE, 0x40, 0x02, 0x47, 0xE2,
  0x44, 0x22, 0x47, 0xE2, 0x5F, 0xFA, 0x40, 0x02, 0x4F, 0xF2, 0x49, 0x92,
  0x4A, 0x52, 0x49, 0x92, 0x4F, 0xF2, 0x40, 0x02, 0x7F, 0xFE, 0x00, 0x00,
  0x02, 0x00, 0x02, 0x00, 0x06, 0x00, 0x7F, 0xFE, 0x04, 0x00, 0x08, 0x20,
  0x18, 0x20, 0x10, 0x20, 0x33, 0xFC, 0x50, 0x60, 0x10, 0x20, 0x10, 0x20,
  0x10, 0x20, 0x10, 0x20, 0x17, 0xFE, 0x00, 0x00, 0x10, 0x20, 0x10, 0x20,
  0x11, 0x20, 0x11, 0x26, 0x7D, 0x3E, 0x11, 0xE6, 0x13, 0xA6, 0x17, 0x26,
  0x11, 0x26, 0x11, 0x26, 0x1D, 0x2C, 0x71, 0x20, 0x41, 0x02, 0x01, 0x02,
  0x01, 0xFE, 0x00, 0x00, 0x10, 0x00, 0x10, 0x30, 0x10, 0x30, 0x10, 0x30,
  0x7D, 0x30, 0x11, 0x30, 0x11, 0x3E, 0x11, 0x30, 0x11, 0x30, 0x11, 0x30,
  0x1D, 0x30, 0x71, 0x30, 0x41, 0x30, 0x01, 0x30, 0x07, 0xFE, 0x00, 0x00,
  0x10, 0x80, 0x10, 0x80, 0x11, 0x80, 0x11, 0xFE, 0x7F, 0x02, 0x12, 0x02,
  0x12, 0x02, 0x11, 0xF2, 0x10, 0x02, 0x10, 0x02, 0x1C, 0x12, 0x78, 0xE6,
  0x63, 0x86, 0x00, 0x04, 0x00, 0x04, 0x00, 0x3C, 0x00, 0x00, 0x00, 0x00,
  0x09, 0x88, 0x09, 0x98, 0x19, 0x90, 0x19, 0x90, 0x1D, 0xB8, 0x25, 0xAC,
  0x63, 0xC6, 0x41, 0x82, 0x01, 0x80, 0x3F, 0xFC, 0x01, 0x80, 0x01, 0x80,
  0x01, 0x80, 0x7F, 0xFE, 0x00, 0x00, 0x00, 0x04, 0x3F, 0xA4, 0x12, 0x24,
  0x12, 0x24, 0x7F, 0xA4, 0x12, 0x24, 0x12, 0x04, 0x22, 0x04, 0x63, 0x1C,
  0x01, 0x80, 0x01, 0x80, 0x3F, 0xFC, 0x01, 0x80, 0x01, 0x80, 0x7F, 0xFE,
  0x00, 0x00, 0x00, 0x00, 0x10, 0x14, 0x10, 0x12, 0x13, 0xFE, 0x7A, 0x10,
  0x7A, 0x10, 0x13, 0xD2, 0x12, 0x54, 0x12, 0x54, 0x12, 0x5C, 0x12, 0x58,
  0x3E, 0x58, 0x75, 0x98, 0x04, 0x2A, 0x0C, 0x46, 0x00, 0x00, 0x00, 0x00,
  0x30, 0x14, 0x30, 0x12, 0x37, 0xFE, 0x30, 0x10, 0x78, 0x10, 0x33, 0xD2,
  0x32, 0x54, 0x32, 0x54, 0x33, 0xD8, 0x38, 0x18, 0x30, 0xD8, 0x47, 0xB8,
  0x04, 0x2A, 0x00, 0x4E, 0x00, 0x06, 0x00, 0x00, 0x10, 0x40, 0x13, 0xFC,
  0x13, 0x04, 0x7F, 0xFC, 0x13, 0x00, 0x13, 0xFC, 0x13, 0x04, 0x13, 0x04,
  0x13, 0xFC, 0x1C, 0x20, 0x38, 0x20, 0x67, 0xFE, 0x00, 0x20, 0x00, 0x20,
  0x00, 0x20, 0x08, 0x20, 0x08, 0x20, 0x7E, 0x20, 0x08, 0x20, 0x08, 0xFC,
  0x7F, 0x24, 0x22, 0x24, 0x24, 0xE4, 0x7F, 0x64, 0x08, 0x74, 0x08, 0x5C,
  0x7E, 0x44, 0x08, 0x85, 0x08, 0x84, 0x09, 0x06, 0x0A, 0x02, 0x00, 0x00,
  0x08, 0x10, 0x08, 0x10, 0x3F, 0xFE, 0x08, 0x10, 0x0F, 0xF0, 0x08, 0x10,
  0x0F, 0xF0, 0x08, 0x10, 0x7F, 0xFE, 0x08, 0x10, 0x11, 0x88, 0x6F, 0xF6,
  0x41, 0x80, 0x01, 0x80, 0x3F, 0xFC, 0x00, 0x00, 0x08, 0x00, 0x08, 0xFE,
  0x7E, 0x86, 0x08, 0x86, 0x08, 0x86, 0x7F, 0x9C, 0x22, 0x80, 0x24, 0xFE,
  0x7F, 0xE6, 0x08, 0xA4, 0x08, 0x94, 0x7E, 0x98, 0x08, 0x98, 0x08, 0x9C,
  0x08, 0xF6, 0x08, 0xE2, 0x10, 0x20, 0x10, 0x20, 0x13, 0xFE, 0x10, 0x20,
  0x7D, 0xFC, 0x11, 0x04, 0x11, 0xFC, 0x11, 0x04, 0x11, 0xFC, 0x11, 0x04,
  0x1D, 0xFC, 0x70, 0x00, 0x47, 0xFE, 0x01, 0x88, 0x07, 0x06, 0x04, 0x02,
  0x00, 0x20, 0x10, 0x20, 0x13, 0xFE, 0x10, 0x88, 0x7F, 0xFE, 0x10, 0x00,
  0x11, 0xFC, 0x11, 0x04, 0x11, 0x04, 0x11, 0xFC, 0x1D, 0x04, 0x39, 0xFC,
  0x60, 0x90, 0x01, 0x90, 0x03, 0x12, 0x06, 0x1E, 0x00, 0x00, 0x00, 0x00,
  0x30, 0x78, 0x31, 0x08, 0x32, 0x04, 0x7F, 0xFE, 0x32, 0x26, 0x32, 0xA4,
  0x32, 0x24, 0x33, 0xFC, 0x30, 0x00, 0x39, 0xFC, 0x71, 0x04, 0x41, 0xFC,
  0x01, 0x04, 0x01, 0xFC, 0x01, 0x00, 0x3F, 0xFE, 0x20, 0x00, 0x29, 0x14,
  0x29, 0x10, 0x2F, 0x7E, 0x2F, 0x18, 0x39, 0x98, 0x50, 0xA8, 0x5F, 0xE4,
  0x53, 0xC2, 0x01, 0x00, 0x3F, 0xFC, 0x01, 0x80, 0x7F, 0xFE, 0x7F, 0xFE,
  0x01, 0x00, 0x1F, 0xF8, 0x10, 0x08, 0x1F, 0xF8, 0x1F, 0xF8, 0x10, 0x08,
  0x1F, 0xF8, 0x06, 0x00, 0x0F, 0xF0, 0x3C, 0x30, 0x62, 0x60, 0x03, 0xC0,
  0x0F, 0xF0, 0x70, 0x1E, 0x08, 0x10, 0x08, 0x10, 0x08, 0x10, 0x1F, 0x90,
  0x11, 0x90, 0x31, 0xD0, 0x21, 0x70, 0x79, 0x30, 0x0E, 0x18, 0x06, 0x1C,
  0x04, 0x16, 0x0C, 0x12, 0x08, 0x10, 0x30, 0x10, 0x60, 0x10, 0x00, 0x10,
  0x01, 0x00, 0x03, 0x00, 0x07, 0xF0, 0x0C, 0x30, 0x3C, 0x20, 0x03, 0xC0,
  0x01, 0x80, 0x06, 0x40, 0x39, 0xFE, 0x03, 0x04, 0x1F, 0x0C, 0x00, 0xD8,
  0x00, 0x60, 0x01, 0xC0, 0x1F, 0x00, 0x10, 0x00, 0x01, 0x80, 0x01, 0x80,
  0x7F, 0xFE, 0x0C, 0x40, 0x08, 0xC0, 0x18, 0xFC, 0x11, 0x84, 0x31, 0x64,
  0x73, 0x28, 0x54, 0x88, 0x10, 0x50, 0x10, 0x70, 0x10, 0x70, 0x11, 0xD8,
  0x17, 0x0E, 0x10, 0x02, 0x04, 0x20, 0x7F, 0xFE, 0x04, 0x20, 0x00, 0x00,
  0x3F, 0xFC, 0x22, 0x44, 0x3F, 0xFC, 0x00, 0x00, 0x7F, 0xFE, 0x42, 0x02,
  0x47, 0xF2, 0x1C, 0x30, 0x03, 0x60, 0x01, 0x80, 0x1E, 0x00, 0x10, 0x00,
  0x00, 0x00, 0x01, 0x80, 0x01, 0x80, 0x01, 0x80, 0x01, 0x00, 0x7F, 0xFE,
  0x01, 0x80, 0x01, 0x80, 0x03, 0x40, 0x02, 0x40, 0x06, 0x60, 0x04, 0x30,
  0x0C, 0x18, 0x18, 0x0C, 0x60, 0x06, 0x00, 0x00, 0x00, 0x00, 0x7F, 0xFE,
  0x01, 0x00, 0x01, 0x00, 0x01, 0x00, 0x01, 0x80, 0x3F, 0xFE, 0x01, 0x80,
  0x01, 0x80, 0x03, 0x40, 0x02, 0x60, 0x0C, 0x30, 0x18, 0x18, 0x70, 0x0E,
  0x40, 0x02, 0x01, 0x00, 0x01, 0x00, 0x01, 0x00, 0x01, 0x00, 0x01, 0x00,
  0x7F, 0xFE, 0x01, 0x80, 0x01, 0xC0, 0x03, 0x40, 0x02, 0x40, 0x06, 0x20,
  0x06, 0x30, 0x09, 0x98, 0x18, 0x8C, 0x60, 0x46, 0x40, 0x02, 0x01, 0x00,
  0x19, 0x80, 0x11, 0x80, 0x1F, 0xFC, 0x31, 0x80, 0x21, 0x80, 0x41, 0x00,
  0x01, 0x80, 0x7F, 0xFE, 0x01, 0x80, 0x03, 0x40, 0x06, 0x40, 0x04, 0x20,
  0x18, 0x18, 0x70, 0x0E, 0x40, 0x02, 0x01, 0x00, 0x01, 0x00, 0x03, 0x00,
  0x7F, 0xFE, 0x04, 0x20, 0x08, 0x10, 0x3F, 0xFC, 0x60, 0x06, 0x00, 0x00,
  0x3F, 0xFC, 0x01, 0x80, 0x09, 0x90, 0x19, 0x98, 0x31, 0x88, 0x61, 0x84,
  0x07, 0x00, 0x01, 0x00, 0x03, 0x00, 0x7F, 0xFE, 0x04, 0x20, 0x0C, 0x10,
  0x1F, 0xF8, 0x68, 0x06, 0x0F, 0xF0, 0x08, 0x00, 0x0F, 0xF0, 0x08, 0x00,
  0x7F, 0xFE, 0x04, 0x20, 0x0C, 0x10, 0x0F, 0xF8, 0x3F, 0xCC, 0x00, 0x00,
  0x10, 0x00, 0x11, 0xFE, 0x10, 0x04, 0x10, 0x0C, 0x7E, 0x18, 0x26, 0x30,
  0x24, 0x30, 0x27, 0xFE, 0x64, 0x30, 0x64, 0x30, 0x78, 0x30, 0x18, 0x30,
  0x1C, 0x30, 0x12, 0x30, 0x20, 0x30, 0x40, 0xE0, 0x00, 0x00, 0x00, 0x00,
  0x10, 0x00, 0x10, 0x7E, 0x10, 0x46, 0x7E, 0x42, 0x22, 0x42, 0x22, 0x42,
  0x22, 0x42, 0x22, 0x42, 0x64, 0x42, 0x7C, 0x42, 0x0C, 0x42, 0x0E, 0x46,
  0x13, 0x7E, 0x60, 0x42, 0x00, 0x00, 0x10, 0x20, 0x10, 0x20, 0x10, 0x60,
  0x10, 0x48, 0x7E, 0x44, 0x24, 0x86, 0x27, 0xFE, 0x24, 0x02, 0x64, 0x00,
  0x64, 0xFE, 0x78, 0x86, 0x1C, 0x86, 0x1C, 0x86, 0x32, 0x86, 0x60, 0xFE,
  0x40, 0x80, 0x00, 0x18, 0x3F, 0xC0, 0x01, 0x80, 0x01, 0x80, 0x7F, 0xFE,
  0x07, 0xE0, 0x0D, 0xB0, 0x71, 0x8E, 0x02, 0x00, 0x7F, 0xFE, 0x0C, 0x30,
  0x08, 0x20, 0x1F, 0xE0, 0x03, 0xE0, 0x0F, 0x3C, 0x78, 0x04, 0x20, 0x10,
  0x20, 0x10, 0x21, 0xFE, 0x25, 0x00, 0x7B, 0x20, 0x2B, 0x7E, 0x49, 0x50,
  0x49, 0xD0, 0x49, 0x10, 0x7F, 0xFE, 0x75, 0x18, 0x11, 0x18, 0x39, 0x28,
  0x2A, 0x24, 0x62, 0xC2, 0x00, 0x00, 0x00, 0x00, 0x3F, 0xF8, 0x00, 0x10,
  0x00, 0x60, 0x00, 0xC0, 0x01, 0x80, 0x01, 0x80, 0x7F, 0xFE, 0x01, 0x80,
  0x01, 0x80, 0x01, 0x80, 0x01, 0x80, 0x01, 0x80, 0x01, 0x80, 0x0F, 0x00,
  0x00, 0x00, 0x01, 0x80, 0x01, 0x80, 0x7F, 0xFE, 0x60, 0x06, 0x40, 0x06,
  0x4F, 0xF6, 0x00, 0x20, 0x00, 0xC0, 0x01, 0x80, 0x7F, 0xFE, 0x01, 0x80,
  0x01, 0x80, 0x01, 0x80, 0x01, 0x80, 0x01, 0x80, 0x07, 0x00, 0x00, 0x00,
  0x02, 0x00, 0x02, 0x00, 0x7F, 0xFE, 0x04, 0x00, 0x08, 0x00, 0x09, 0xFC,
  0x10, 0x08, 0x30, 0x30, 0x70, 0x20, 0x57, 0xFE, 0x10, 0x20, 0x10, 0x20,
  0x10, 0x20, 0x10, 0x20, 0x11, 0xE0, 0x00, 0x0C, 0x7F, 0xFC, 0x0D, 0x04,
  0x09, 0x24, 0x19, 0x24, 0x11, 0x24, 0x11, 0x24, 0x1F, 0x24, 0x71, 0x24,
  0x13, 0x24, 0x12, 0x24, 0x12, 0x26, 0x12, 0x2A, 0x12, 0x7A, 0x15, 0xCA,
  0x74, 0x00, 0x00, 0x00, 0x00, 0x00, 0x39, 0xBC, 0x33, 0x84, 0x38, 0x1C,
  0x3D, 0xBC, 0x32, 0x0C, 0x7F, 0xFE, 0x40, 0x02, 0x4F, 0xF2, 0x00, 0x60,
  0x01, 0x80, 0x7F, 0xFE, 0x01, 0x80, 0x01, 0x80, 0x01, 0x80, 0x07, 0x00,
  0x01, 0x00, 0x01, 0x80, 0x7F, 0xFE, 0x60, 0x06, 0x63, 0x06, 0x02, 0x00,
  0x02, 0x00, 0x7F, 0xFE, 0x04, 0x10, 0x08, 0x30, 0x08, 0x20, 0x1E, 0x40,
  0x01, 0xC0, 0x03, 0x70, 0x3E, 0x1C, 0x20, 0x04, 0x01, 0x00, 0x01, 0x80,
  0x7F, 0xFE, 0x60, 0x06, 0x60, 0x06, 0x0F, 0xF0, 0x00, 0x00, 0x00, 0x00,
  0x7F, 0xFE, 0x04, 0x40, 0x04, 0x40, 0x0C, 0x40, 0x08, 0x42, 0x18, 0x42,
  0x60, 0x7E, 0x00, 0x00, 0x01, 0x80, 0x01, 0x80, 0x7F, 0xFE, 0x60, 0x06,
  0x60, 0x06, 0x60, 0x06, 0x1F, 0xF8, 0x01, 0x80, 0x01, 0x80, 0x19, 0x80,
  0x11, 0xF8, 0x19, 0x80, 0x3D, 0x80, 0x27, 0x80, 0x61, 0xFE, 0x00, 0x00,
  0x00, 0x00, 0x01, 0x80, 0x7F, 0xFE, 0x61, 0x86, 0x7F, 0xFE, 0x01, 0x80,
  0x01, 0x80, 0x1F, 0xFC, 0x01, 0x80, 0x7F, 0xFE, 0x00, 0x00, 0x1F, 0xF8,
  0x10, 0x08, 0x10, 0x08, 0x1F, 0xF8, 0x00, 0x08, 0x00, 0x00, 0x01, 0x80,
  0x7F, 0xFE, 0x60, 0x06, 0x44, 0x26, 0x08, 0x18, 0x31, 0x8C, 0x22, 0x44,
  0x04, 0x30, 0x18, 0x18, 0x3F, 0xFE, 0x48, 0x12, 0x08, 0x10, 0x08, 0x10,
  0x0F, 0xF0, 0x08, 0x10, 0x00, 0x00, 0x01, 0x80, 0x7F, 0xFE, 0x40, 0x02,
  0x48, 0x02, 0x0F, 0xFE, 0x08, 0x44, 0x08, 0x44, 0x7F, 0x24, 0x08, 0x28,
  0x2A, 0x38, 0x29, 0x10, 0x49, 0x38, 0x48, 0x68, 0x08, 0xC6, 0x38, 0x82,
  0x00, 0x00, 0x01, 0x80, 0x7F, 0xFE, 0x42, 0x02, 0x41, 0x32, 0x14, 0x68,
  0x34, 0xCC, 0x25, 0x96, 0x46, 0x12, 0x3F, 0xE0, 0x61, 0x80, 0x11, 0x8C,
  0x11, 0x8C, 0x11, 0x8C, 0x1F, 0xFC, 0x10, 0x00, 0x00, 0x00, 0x01, 0x80,
  0x7F, 0xFE, 0x40, 0x02, 0x1F, 0xF8, 0x04, 0x40, 0x1F, 0xF8, 0x10, 0x08,
  0x1F, 0xF8, 0x10, 0x08, 0x1F, 0xF8, 0x01, 0x00, 0x7F, 0xFE, 0x02, 0x40,
  0x1C, 0x3C, 0x60, 0x06, 0x00, 0x00, 0x01, 0x80, 0x7F, 0xFE, 0x48, 0x82,
  0x1F, 0xFC, 0x32, 0x48, 0x6E, 0x78, 0x14, 0x30, 0x1F, 0xF8, 0x70, 0x06,
  0x3F, 0xF8, 0x01, 0x80, 0x09, 0xB0, 0x11, 0x98, 0x61, 0x86, 0x07, 0x00,
  0x01, 0x80, 0x7F, 0xFE, 0x40, 0x02, 0x4F, 0xFA, 0x79, 0x0E, 0x1F, 0xF8,
  0x1F, 0xF0, 0x00, 0x00, 0x1F, 0xF8, 0x1F, 0xF8, 0x10, 0x08, 0x1F, 0xF8,
  0x1F, 0xF8, 0x04, 0x60, 0x38, 0x1C, 0x40, 0x00, 0x00, 0x00, 0x01, 0x80,
  0x7F, 0xFE, 0x40, 0x02, 0x5C, 0x78, 0x10, 0x08, 0x1E, 0x78, 0x10, 0x08,
  0x1F, 0xF8, 0x0C, 0x00, 0x1F, 0xFC, 0x30, 0x04, 0x74, 0xA4, 0x12, 0x94,
  0x32, 0x84, 0x20, 0x38, 0x00, 0x00, 0x00, 0x00, 0x08, 0x20, 0x48, 0x7E,
  0x49, 0xC4, 0x4F, 0x38, 0x78, 0x98, 0x08, 0x60, 0x09, 0xC8, 0x0B, 0x08,
  0x7B, 0xFE, 0x28, 0x08, 0x69, 0x88, 0x48, 0xC8, 0x48, 0x08, 0x48, 0x08,
  0x00, 0x38, 0x01, 0x80, 0x7F, 0xFE, 0x01, 0x80, 0x1F, 0xF8, 0x31, 0x8C,
  0x3F, 0xFC, 0x31, 0x8C, 0x3F, 0xFC, 0x01, 0x98, 0x7F, 0xFC, 0x00, 0x20,
  0x7F, 0xFE, 0x08, 0x20, 0x0C, 0x20, 0x06, 0x20, 0x00, 0xE0, 0x1F, 0xF8,
  0x00, 0x08, 0x1F, 0xF8, 0x1F, 0xF8, 0x00, 0x00, 0x7E, 0xFC, 0x08, 0x84,
  0x08, 0x84, 0x7F, 0xFC, 0x00, 0x10, 0x7F, 0xFE, 0x08, 0x10, 0x0C, 0x10,
  0x04, 0x10, 0x00, 0xF0, 0x00, 0x00, 0x01, 0x80, 0x01, 0x80, 0x01, 0x80,
  0x01, 0x80, 0x11, 0x88, 0x11, 0x88, 0x11, 0x8C, 0x31, 0x84, 0x21, 0x86,
  0x61, 0x82, 0x41, 0x82, 0x01, 0x80, 0x01, 0x80, 0x01, 0x80, 0x07, 0x00,
  0x00, 0x00, 0x00, 0x00, 0x01, 0x80, 0x01, 0x90, 0x19, 0x98, 0x11, 0x8C,
  0x31, 0x84, 0x21, 0x86, 0x41, 0x8A, 0x01, 0x98, 0x07, 0x10, 0x00, 0x30,
  0x00, 0x60, 0x00, 0xC0, 0x03, 0x80, 0x3E, 0x00, 0x20, 0x00, 0x01, 0x00,
  0x31, 0x8C, 0x11, 0x88, 0x09, 0x90, 0x01, 0x80, 0x3F, 0xFC, 0x20, 0x04,
  0x20, 0x04, 0x27, 0xE4, 0x24, 0x24, 0x24, 0x24, 0x24, 0x24, 0x27, 0xE4,
  0x24, 0x04, 0x20, 0x04, 0x20, 0x1C, 0x00, 0x00, 0x3F, 0xFC, 0x30, 0x04,
  0x20, 0x04, 0x3F, 0xFC, 0x30, 0x40, 0x24, 0x44, 0x24, 0x44, 0x24, 0x44,
  0x27, 0xFC, 0x20, 0x40, 0x2C, 0x44, 0x2C, 0x44, 0x6C, 0x44, 0x4F, 0xFC,
  0x00, 0x04, 0x3F, 0xFC, 0x30, 0x04, 0x20, 0x04, 0x3F, 0xFC, 0x33, 0x10,
  0x23, 0x10, 0x2F, 0xFE, 0x23, 0x10, 0x23, 0x10, 0x3F, 0xFE, 0x22, 0x44,
  0x22, 0x38, 0x62, 0x30, 0x4F, 0xCC, 0x40, 0x02, 0x02, 0x00, 0x02, 0x00,
  0x02, 0x00, 0x7F, 0xFE, 0x04, 0x00, 0x04, 0x00, 0x04, 0x00, 0x0C, 0x00,
  0x0F, 0xFC, 0x18, 0x40, 0x10, 0x40, 0x30, 0x40, 0x20, 0x40, 0x40, 0x40,
  0x0F, 0xFE, 0x00, 0x00, 0x3F, 0xF8, 0x00, 0x08, 0x00, 0x08, 0x00, 0x08,
  0x00, 0x08, 0x00, 0x08, 0x3F, 0xF8, 0x30, 0x08, 0x30, 0x00, 0x30, 0x00,
  0x30, 0x02, 0x30, 0x02, 0x10, 0x06, 0x1F, 0xFC, 0x00, 0x00, 0x3F, 0xF8,
  0x00, 0x08, 0x00, 0x08, 0x30, 0x08, 0x30, 0x08, 0x30, 0x08, 0x3F, 0xF8,
  0x30, 0x08, 0x30, 0x00, 0x30, 0x00, 0x30, 0x02, 0x30, 0x02, 0x30, 0x06,
  0x1F, 0xFC, 0x00, 0x00, 0x01, 0x00, 0x01, 0x80, 0x01, 0x80, 0x7F, 0xFE,
  0x01, 0x80, 0x01, 0x80, 0x3F, 0xFC, 0x31, 0x8C, 0x31, 0x8C, 0x31, 0x8C,
  0x31, 0x8C, 0x31, 0x8C, 0x31, 0xB8, 0x01, 0x80, 0x01, 0x80, 0x00, 0x00,
  0x02, 0x00, 0x02, 0x00, 0x02, 0x00, 0x7F, 0xFE, 0x04, 0x00, 0x0C, 0x80,
  0x18, 0x80, 0x1F, 0xFC, 0x38, 0x84, 0x68, 0x84, 0x08, 0x84, 0x08, 0x84,
  0x08, 0x84, 0x08, 0x9C, 0x00, 0x80, 0x00, 0x80, 0x10, 0x00, 0x10, 0xFE,
  0x10, 0x80, 0x10, 0xFC, 0x7C, 0x80, 0x54, 0x80, 0x54, 0xFC, 0x54, 0x80,
  0x57, 0xFE, 0x54, 0xA0, 0x54, 0x96, 0x5C, 0x9C, 0x10, 0x88, 0x10, 0x8C,
  0x11, 0xF6, 0x10, 0x02, 0x00, 0x00, 0x18, 0x98, 0x09, 0x90, 0x7F, 0xFE,
  0x60, 0x02, 0x6F, 0xF2, 0x08, 0x10, 0x08, 0x10, 0x0F, 0xF0, 0x00, 0x80,
  0x3F, 0xFC, 0x30, 0x8C, 0x30, 0x84, 0x30, 0x8C, 0x30, 0xB8, 0x00, 0x80,
  0x04, 0x20, 0x7F, 0xFE, 0x04, 0x20, 0x1F, 0xF8, 0x10, 0x08, 0x1F, 0xF8,
  0x10, 0x08, 0x1F, 0xF8, 0x06, 0x00, 0x7F, 0xFE, 0x19, 0x18, 0x3F, 0xFE,
  0x59, 0x0A, 0x19, 0x08, 0x19, 0x38, 0x00, 0x00, 0x00, 0x00, 0x3F, 0xFC,
  0x01, 0x80, 0x11, 0x88, 0x19, 0x98, 0x09, 0x90, 0x09, 0x90, 0x01, 0x80,
  0x7F, 0xFE, 0x01, 0x80, 0x01, 0x80, 0x01, 0x80, 0x01, 0x80, 0x01, 0x80,
  0x01, 0x00, 0x08, 0x00, 0x08, 0x00, 0x1F, 0xFC, 0x10, 0x80, 0x30, 0x80,
  0x60, 0x80, 0x1F, 0xFC, 0x18, 0x80, 0x18, 0x80, 0x18, 0x80, 0x18, 0x80,
  0x7F, 0xFE, 0x00, 0x80, 0x00, 0x80, 0x00, 0x80, 0x00, 0x80, 0x00, 0x80,
  0x00, 0x80, 0x3F, 0xFE, 0x20, 0x00, 0x20, 0xF8, 0x27, 0xE0, 0x24, 0x20,
  0x24, 0x20, 0x27, 0xFE, 0x24, 0x20, 0x24, 0x20, 0x24, 0xF0, 0x6F, 0x92,
  0x40, 0x1A, 0x4F, 0xEE, 0x00, 0x00, 0x00, 0x80, 0x00, 0x80, 0x3F, 0xFE,
  0x20, 0x00, 0x22, 0x10, 0x2F, 0xFE, 0x22, 0x10, 0x22, 0x10, 0x23, 0xF0,
  0x20, 0x00, 0x2F, 0xFC, 0x22, 0x08, 0x61, 0x30, 0x40, 0xE0, 0x47, 0xBC,
  0x08, 0x06, 0x00, 0x80, 0x00, 0x80, 0x3F, 0xFE, 0x20, 0x40, 0x2F, 0xFE,
  0x20, 0x40, 0x27, 0xFC, 0x24, 0x44, 0x27, 0xFC, 0x24, 0x44, 0x24, 0x44,
  0x27, 0xFC, 0x60, 0x40, 0x5F, 0xFE, 0x40, 0x40, 0x00, 0x40, 0x00, 0x00,
  0x78, 0x60, 0x13, 0xFC, 0x10, 0x64, 0x37, 0xFE, 0x20, 0x64, 0x7B, 0xFC,
  0x48, 0x60, 0x0B, 0xFC, 0x28, 0x60, 0x38, 0x60, 0x37, 0xFE, 0x10, 0x60,
  0x3C, 0x00, 0x63, 0xFE, 0x00, 0x00, 0x00, 0x40, 0x00, 0x48, 0x00, 0x44,
  0x00, 0x40, 0x7F, 0xFE, 0x00, 0x40, 0x00, 0x60, 0x3F, 0x60, 0x0C, 0x20,
  0x0C, 0x20, 0x0C, 0x20, 0x0C, 0x20, 0x0C, 0x32, 0x0F, 0x92, 0x7C, 0x1A,
  0x00, 0x0E, 0x00, 0x00, 0x3F, 0x0C, 0x01, 0x0C, 0x01, 0x0C, 0x01, 0x0C,
  0x3F, 0x0C, 0x20, 0x0C, 0x20, 0x0C, 0x7F, 0x0C, 0x61, 0x0C, 0x01, 0x0C,
  0x01, 0x0C, 0x03, 0x0C, 0x03, 0x0C, 0x02, 0x0C, 0x1E, 0x0C, 0x00, 0x00,
  0x00, 0x00, 0x7C, 0xFE, 0x04, 0x80, 0x04, 0xFC, 0x04, 0x80, 0x7C, 0x80,
  0x40, 0xFC, 0x40, 0x80, 0x43, 0xFE, 0x7C, 0xA0, 0x44, 0x92, 0x04, 0x94,
  0x04, 0x98, 0x04, 0x88, 0x0D, 0xF6, 0x3B, 0x02, 0x00, 0x00, 0x00, 0x40,
  0x78, 0xC0, 0x08, 0x8C, 0x08, 0x84, 0x0B, 0xFE, 0x78, 0x22, 0x40, 0x20,
  0x43, 0xFE, 0x7B, 0x26, 0x4B, 0x26, 0x0B, 0xFE, 0x08, 0x20, 0x08, 0x24,
  0x08, 0x24, 0x0B, 0xFE, 0x7B, 0x82, 0x00, 0x00, 0x00, 0x00, 0x18, 0x20,
  0x10, 0x20, 0x23, 0xFC, 0x40, 0x20, 0x08, 0x20, 0x17, 0xFE, 0x30, 0x08,
  0x70, 0x08, 0x57, 0xFE, 0x10, 0x08, 0x11, 0x08, 0x10, 0x88, 0x10, 0x88,
  0x10, 0x08, 0x10, 0x38, 0x00, 0x00, 0x08, 0x00, 0x19, 0xFC, 0x31, 0x04,
  0x61, 0x04, 0x09, 0xFC, 0x19, 0x04, 0x31, 0x04, 0x71, 0xFC, 0x51, 0x20,
  0x11, 0x26, 0x11, 0x3C, 0x11, 0x18, 0x11, 0x18, 0x11, 0x6C, 0x17, 0xC6,
  0x10, 0x00, 0x08, 0x00, 0x18, 0x60, 0x33, 0xFC, 0x60, 0x64, 0x48, 0x64,
  0x1F, 0xFE, 0x10, 0x64, 0x33, 0xFC, 0x70, 0x60, 0x50, 0x60, 0x13, 0xFC,
  0x10, 0x60, 0x17, 0xFE, 0x10, 0x60, 0x10, 0x60, 0x10, 0x00, 0x00, 0x00,
  0x10, 0xC0, 0x30, 0x88, 0x63, 0x10, 0x49, 0xA0, 0x18, 0xC8, 0x10, 0x84,
  0x37, 0xFE, 0x50, 0xC2, 0x11, 0xFC, 0x13, 0x88, 0x14, 0x98, 0x10, 0x70,
  0x10, 0xF0, 0x17, 0x8E, 0x14, 0x02, 0x00, 0x00, 0x19, 0xFC, 0x31, 0x04,
  0x61, 0xFC, 0x09, 0x04, 0x19, 0xFC, 0x10, 0x00, 0x30, 0x00, 0x73, 0xFE,
  0x10, 0x08, 0x17, 0xFE, 0x10, 0x08, 0x11, 0x08, 0x10, 0x88, 0x10, 0x08,
  0x10, 0x30, 0x00, 0x88, 0x11, 0x88, 0x31, 0x08, 0x61, 0x98, 0x4B, 0xDC,
  0x1A, 0x76, 0x36, 0x22, 0x30, 0x20, 0x51, 0x20, 0x11, 0x20, 0x11, 0x3E,
  0x13, 0x20, 0x13, 0x20, 0x12, 0xA0, 0x14, 0xE0, 0x14, 0x3E, 0x00, 0x00,
  0x00, 0x00, 0x11, 0x00, 0x31, 0xFE, 0x62, 0x00, 0x0F, 0xFC, 0x11, 0x04,
  0x31, 0xFC, 0x71, 0x04, 0x51, 0xFC, 0x10, 0x80, 0x11, 0xFC, 0x13, 0x88,
  0x16, 0x58, 0x10, 0x70, 0x13, 0xDE, 0x16, 0x02, 0x00, 0x00, 0x03, 0x80,
  0x00, 0xC0, 0x00, 0x20, 0x00, 0x00, 0x04, 0x00, 0x24, 0x08, 0x24, 0x0C,
  0x24, 0x04, 0x24, 0x06, 0x64, 0x02, 0x44, 0x12, 0x04, 0x10, 0x04, 0x10,
  0x07, 0xF0, 0x00, 0x00, 0x00, 0x00, 0x06, 0x00, 0x01, 0x88, 0x00, 0xD8,
  0x04, 0x10, 0x24, 0x20, 0x24, 0x68, 0x24, 0xCC, 0x25, 0x84, 0x47, 0x06,
  0x46, 0x02, 0x0C, 0x18, 0x3C, 0x18, 0x64, 0x10, 0x07, 0xF0, 0x00, 0x00,
  0x01, 0x00, 0x01, 0x00, 0x01, 0x00, 0x01, 0xFC, 0x01, 0x00, 0x01, 0x00,
  0x7F, 0xFE, 0x00, 0x00, 0x01, 0x80, 0x04, 0xC0, 0x34, 0x48, 0x24, 0x04,
  0x24, 0x16, 0x44, 0x12, 0x07, 0xF0, 0x00, 0x00, 0x7F, 0xFE, 0x01, 0x80,
  0x01, 0xC0, 0x01, 0x38, 0x01, 0x0C, 0x01, 0x00, 0x01, 0x00, 0x03, 0x00,
  0x04, 0x80, 0x14, 0x88, 0x24, 0x04, 0x24, 0x16, 0x44, 0x12, 0x07, 0xE0,
  0x00, 0x00, 0x10, 0x40, 0x10, 0x40, 0x10, 0x40, 0x1B, 0xFC, 0x58, 0x64,
  0x54, 0x44, 0x50, 0x44, 0x50, 0x44, 0x17, 0xFE, 0x10, 0x60, 0x10, 0x60,
  0x10, 0xD0, 0x10, 0x98, 0x11, 0x0C, 0x16, 0x06, 0x14, 0x02, 0x01, 0x80,
  0x03, 0xC0, 0x06, 0x60, 0x1C, 0x38, 0x37, 0xEE, 0x40, 0x02, 0x1F, 0xF0,
  0x00, 0x10, 0x00, 0x20, 0x03, 0x20, 0x14, 0x88, 0x34, 0x0C, 0x24, 0x24,
  0x64, 0x22, 0x07, 0xE0, 0x00, 0x00, 0x04, 0x00, 0x08, 0x00, 0x1F, 0xFC,
  0x13, 0x24, 0x26, 0x44, 0x44, 0x44, 0x0C, 0x8C, 0x19, 0x88, 0x33, 0x08,
  0x06, 0x38, 0x01, 0x00, 0x04, 0x88, 0x34, 0x0C, 0x24, 0x14, 0x64, 0x12,
  0x07, 0xE0, 0x00, 0x00, 0x10, 0xFC, 0x7E, 0x44, 0x22, 0x44, 0x22, 0x68,
  0x76, 0x38, 0x1C, 0x30, 0x0E, 0x6C, 0x30, 0x86, 0x63, 0x00, 0x05, 0x88,
  0x34, 0x0C, 0x24, 0x04, 0x64, 0x32, 0x47, 0xE0, 0x00, 0x00, 0x10, 0x20,
  0x10, 0x20, 0x10, 0x20, 0x1D, 0xFE, 0x55, 0x02, 0x55, 0x02, 0x51, 0x02,
  0x51, 0x02, 0x11, 0xFE, 0x11, 0x02, 0x11, 0x02, 0x11, 0x02, 0x11, 0x02,
  0x11, 0x02, 0x11, 0xFE, 0x11, 0x02, 0x04, 0x00, 0x0C, 0x00, 0x0F, 0xE0,
  0x10, 0x40, 0x3F, 0xF8, 0x40, 0x08, 0x00, 0x08, 0x1F, 0xF8, 0x00, 0x08,
  0x1F, 0xF8, 0x03, 0x00, 0x14, 0x88, 0x34, 0x0C, 0x64, 0x26, 0x07, 0xE0,
  0x00, 0x00, 0x7E, 0xF8, 0x10, 0x88, 0x10, 0x88, 0x10, 0xE8, 0x10, 0xB8,
  0x3F, 0x08, 0x71, 0x0A, 0x06, 0x0E, 0x01, 0x00, 0x15, 0x88, 0x34, 0xCC,
  0x24, 0x14, 0x64, 0x12, 0x47, 0xE0, 0x00, 0x00, 0x10, 0x00, 0x12, 0x00,
  0x17, 0xFE, 0x1B, 0x00, 0x5A, 0x10, 0x56, 0x10, 0x52, 0x92, 0x12, 0x92,
  0x12, 0x94, 0x12, 0x90, 0x12, 0x30, 0x12, 0x28, 0x16, 0x48, 0x14, 0xC4,
  0x15, 0x86, 0x10, 0x00, 0x00, 0x00, 0x7F, 0x20, 0x26, 0x18, 0x26, 0x08,
  0x26, 0x00, 0x3E, 0x20, 0x26, 0x24, 0x26, 0xA4, 0x3E, 0xA2, 0x27, 0x22,
  0x27, 0x22, 0x27, 0x22, 0x7E, 0x20, 0x06, 0x22, 0x06, 0x24, 0x00, 0x3C,
  0x01, 0x00, 0x01, 0x00, 0x1F, 0xF8, 0x10, 0x08, 0x1F, 0xF8, 0x10, 0x08,
  0x1F, 0xF8, 0x10, 0x08, 0x10, 0x08, 0x1F, 0xF8, 0x01, 0x00, 0x01, 0x88,
  0x24, 0xCC, 0x24, 0x06, 0x44, 0x12, 0x07, 0xE0, 0x10, 0x80, 0x11, 0x80,
  0x11, 0xFE, 0x5B, 0x00, 0x5E, 0x00, 0x55, 0xFC, 0x51, 0x24, 0x51, 0x24,
  0x11, 0x24, 0x17, 0xFE, 0x11, 0x24, 0x13, 0x24, 0x13, 0xFE, 0x12, 0x04,
  0x10, 0x0C, 0x10, 0x18, 0x08, 0x00, 0x09, 0x00, 0x13, 0xFE, 0x32, 0x26,
  0x74, 0x24, 0x51, 0x28, 0x13, 0x24, 0x12, 0x24, 0x10, 0x20, 0x10, 0xE0,
  0x01, 0x80, 0x14, 0x88, 0x24, 0x04, 0x64, 0x12, 0x47, 0xE0, 0x00, 0x00,
  0x02, 0x40, 0x02, 0x40, 0x7E, 0x7E, 0x02, 0x40, 0x3E, 0x7C, 0x02, 0x40,
  0x0E, 0x40, 0x7C, 0x7E, 0x0C, 0x40, 0x3B, 0x40, 0x25, 0x88, 0x34, 0x8C,
  0x24, 0x04, 0x64, 0x32, 0x47, 0xE0, 0x00, 0x00, 0x7E, 0x7E, 0x62, 0x46,
  0x7E, 0x7E, 0x62, 0x46, 0x62, 0x46, 0x7E, 0x7E, 0x60, 0x06, 0x61, 0x86,
  0x60, 0x86, 0x6A, 0x26, 0x6A, 0x16, 0x6A, 0x1E, 0x72, 0x66, 0x63, 0xC6,
  0x00, 0x1C, 0x10, 0x0C, 0x13, 0xF0, 0x10, 0x20, 0x18, 0x20, 0x5F, 0xFE,
  0x54, 0xF8, 0x55, 0x2C, 0x16, 0x22, 0x11, 0xF8, 0x10, 0x18, 0x10, 0x20,
  0x17, 0xFE, 0x10, 0x20, 0x10, 0x20, 0x10, 0x20, 0x10, 0xE0, 0x30, 0x00,
  0x30, 0x60, 0x37, 0xFE, 0x38, 0x60, 0x7B, 0xFC, 0x70, 0x60, 0x77, 0xFE,
  0x70, 0x00, 0x33, 0xFC, 0x32, 0x04, 0x33, 0xFC, 0x32, 0x04, 0x33, 0xFC,
  0x32, 0x04, 0x32, 0x04, 0x32, 0x1C, 0x00, 0x00, 0x10, 0x20, 0x10, 0x20,
  0x13, 0xFE, 0x1A, 0x02, 0x5F, 0x02, 0x59, 0x00, 0x53, 0xFE, 0x12, 0x72,
  0x16, 0x72, 0x17, 0xF2, 0x11, 0xB2, 0x10, 0xBC, 0x11, 0x30, 0x13, 0x30,
  0x16, 0x32, 0x10, 0x1E, 0x10, 0x00, 0x13, 0xFE, 0x12, 0x02, 0x12, 0x92,
  0x5A, 0x12, 0x56, 0x52, 0x56, 0xFA, 0x52, 0x22, 0x12, 0xFA, 0x12, 0x82,
  0x12, 0x82, 0x12, 0x82, 0x12, 0xFA, 0x12, 0x02, 0x12, 0x02, 0x12, 0x0C,
  0x10, 0x88, 0x10, 0x88, 0x10, 0x88, 0x1B, 0xFE, 0x58, 0x88, 0x54, 0x88,
  0x53, 0xFE, 0x10, 0x00, 0x11, 0xFC, 0x11, 0x04, 0x11, 0x04, 0x11, 0xFC,
  0x11, 0x04, 0x11, 0x04, 0x11, 0xFC, 0x11, 0x04, 0x7F, 0xFE, 0x02, 0x40,
  0x3E, 0x7C, 0x20, 0x04, 0x20, 0x04, 0x20, 0x04, 0x3E, 0x7C, 0x02, 0x40,
  0x7F, 0xFE, 0x03, 0x00, 0x14, 0x88, 0x34, 0x0C, 0x64, 0x16, 0x47, 0xE2,
  0x00, 0x00, 0x10, 0x00, 0x11, 0x24, 0x12, 0x4C, 0x1A, 0x48, 0x5A, 0x6C,
  0x55, 0x24, 0x51, 0x22, 0x50, 0x60, 0x13, 0xFE, 0x12, 0x02, 0x12, 0xD2,
  0x12, 0x72, 0x12, 0xDA, 0x12, 0x82, 0x13, 0xFE, 0x12, 0x02, 0x08, 0x00,
  0x08, 0xFC, 0x08, 0x84, 0x7E, 0x84, 0x18, 0xFC, 0x1C, 0x84, 0x2A, 0xFC,
  0x68, 0x84, 0x48, 0x84, 0x08, 0xFC, 0x01, 0x00, 0x24, 0x84, 0x24, 0x16,
  0x44, 0x12, 0x07, 0xE0, 0x00, 0x00, 0x01, 0x80, 0x3F, 0xFC, 0x0C, 0x30,
  0x04, 0x20, 0x7F, 0xFE, 0x00, 0x00, 0x1F, 0xF8, 0x10, 0x08, 0x1F, 0xF8,
  0x10, 0x08, 0x1F, 0xF8, 0x01, 0x00, 0x14, 0x88, 0x24, 0x0C, 0x64, 0x26,
  0x47, 0xE0, 0x00, 0x50, 0x00, 0x48, 0x3F, 0xFE, 0x20, 0x40, 0x2F, 0xC8,
  0x20, 0x28, 0x2F, 0x38, 0x29, 0x30, 0x69, 0x32, 0x4F, 0xDA, 0x43, 0x0E,
  0x05, 0x88, 0x24, 0x04, 0x64, 0x16, 0x47, 0xE2, 0x00, 0x00, 0x10, 0x40,
  0x10, 0x40, 0x13, 0xFC, 0x1A, 0x24, 0x5A, 0x24, 0x57, 0xFC, 0x52, 0x24,
  0x52, 0x24, 0x13, 0xFC, 0x10, 0xA8, 0x11, 0xA8, 0x11, 0x2A, 0x11, 0x3E,
  0x13, 0x20, 0x12, 0x22, 0x14, 0x3E, 0x00, 0x00, 0x10, 0x40, 0x10, 0x5C,
  0x32, 0x60, 0x7F, 0x42, 0x3F, 0x7E, 0x22, 0x00, 0x3E, 0x40, 0x22, 0x5C,
  0x3E, 0x40, 0x22, 0x42, 0x26, 0x7E, 0x01, 0x00, 0x14, 0x88, 0x24, 0x0C,
  0x64, 0x16, 0x07, 0xE2, 0x10, 0x00, 0x10, 0x88, 0x17, 0xFE, 0x18, 0x88,
  0x58, 0x20, 0x57, 0xFE, 0x53, 0x00, 0x51, 0x00, 0x11, 0xFE, 0x10, 0x00,
  0x11, 0x68, 0x11, 0x68, 0x13, 0x68, 0x12, 0x68, 0x16, 0x68, 0x14, 0x06,
  0x11, 0xFC, 0x11, 0x04, 0x11, 0xFC, 0x19, 0x04, 0x59, 0xFC, 0x54, 0x00,
  0x53, 0xFE, 0x12, 0x12, 0x13, 0xFE, 0x10, 0x00, 0x13, 0xFC, 0x11, 0x8C,
  0x10, 0xD8, 0x10, 0x70, 0x13, 0xDE, 0x16, 0x02, 0x01, 0x00, 0x01, 0xFC,
  0x01, 0x00, 0x3F, 0xFE, 0x21, 0x04, 0x2F, 0xF6, 0x20, 0xFE, 0x20, 0x00,
  0x2F, 0xF8, 0x2F, 0xF8, 0x28, 0x88, 0x27, 0xF8, 0x20, 0x80, 0x4A, 0x0C,
  0x52, 0x16, 0x03, 0xF2, 0x00, 0x00, 0x3F, 0x08, 0x21, 0x08, 0x3F, 0x7E,
  0x20, 0x08, 0x20, 0x48, 0x3F, 0xA8, 0x44, 0x28, 0x55, 0x08, 0x64, 0x88,
  0x0C, 0x18, 0x01, 0x80, 0x34, 0x88, 0x24, 0x04, 0x44, 0x16, 0x07, 0xE0,
  0x7F, 0xFE, 0x01, 0x00, 0x0F, 0xF8, 0x10, 0x08, 0x1F, 0xF8, 0x1F, 0xF8,
  0x10, 0x08, 0x7F, 0xFE, 0x40, 0x92, 0x37, 0xEC, 0x06, 0x00, 0x0F, 0xF0,
  0x3C, 0x30, 0x03, 0xC0, 0x07, 0xE0, 0x78, 0x1E, 0x00, 0x00, 0x63, 0xFC,
  0x12, 0x20, 0x03, 0xFC, 0x03, 0xFC, 0x0A, 0x20, 0x13, 0xFE, 0x30, 0x02,
  0x25, 0x56, 0x45, 0x24, 0x00, 0x0C, 0x01, 0x80, 0x34, 0xC8, 0x24, 0x14,
  0x64, 0x16, 0x47, 0xE2, 0x10, 0x20, 0x13, 0xFE, 0x10, 0x20, 0x59, 0x28,
  0x5F, 0xFE, 0x51, 0x88, 0x53, 0xFC, 0x12, 0x04, 0x13, 0xFC, 0x12, 0x04,
  0x13, 0xFC, 0x12, 0x04, 0x13, 0xFC, 0x10, 0x98, 0x13, 0x0C, 0x14, 0x02,
  0x10, 0x20, 0x13, 0xFE, 0x10, 0x88, 0x18, 0x88, 0x57, 0xFE, 0x54, 0x00,
  0x51, 0xFC, 0x51, 0x04, 0x11, 0xFC, 0x11, 0x04, 0x11, 0xFC, 0x10, 0x60,
  0x12, 0x84, 0x12, 0x84, 0x14, 0x8A, 0x10, 0xF8, 0x00, 0x80, 0x00, 0x80,
  0x3F, 0xFE, 0x24, 0x90, 0x24, 0xFE, 0x2D, 0x90, 0x3F, 0xFC, 0x24, 0xFC,
  0x24, 0x90, 0x24, 0xFE, 0x20, 0x80, 0x60, 0x40, 0x49, 0x08, 0x49, 0x04,
  0x59, 0x12, 0x11, 0xF2, 0x10, 0x00, 0x10, 0x40, 0x13, 0xFE, 0x1A, 0x16,
  0x5A, 0x26, 0x56, 0xB6, 0x52, 0xFE, 0x52, 0x66, 0x12, 0xAE, 0x12, 0x06,
  0x10, 0x60, 0x17, 0xFE, 0x10, 0x60, 0x10, 0x90, 0x13, 0x0C, 0x14, 0x02,
  0x10, 0x20, 0x17, 0xFE, 0x10, 0x00, 0x1B, 0xFC, 0x5A, 0x14, 0x5B, 0xFC,
  0x50, 0x00, 0x13, 0xEE, 0x10, 0x60, 0x13, 0x2E, 0x10, 0x60, 0x13, 0xAC,
  0x17, 0x18, 0x11, 0x18, 0x13, 0xE6, 0x00, 0x02, 0x10, 0x00, 0x13, 0xDE,
  0x13, 0xDE, 0x1A, 0x52, 0x5B, 0xDE, 0x56, 0x52, 0x53, 0xDE, 0x51, 0x10,
  0x13, 0xFE, 0x17, 0x20, 0x13, 0xFC, 0x11, 0x20, 0x11, 0xFC, 0x11, 0x20,
  0x11, 0xFE, 0x10, 0x00, 0x00, 0x50, 0x00, 0x58, 0x00, 0x44, 0x3F, 0xFE,
  0x20, 0x40, 0x20, 0x40, 0x20, 0x44, 0x3E, 0x4C, 0x22, 0x68, 0x22, 0x38,
  0x22, 0x30, 0x22, 0x30, 0x2E, 0x72, 0x60, 0xD2, 0x41, 0x9A, 0x41, 0x0C,
  0x00, 0x00, 0x00, 0x40, 0x1F, 0x48, 0x7C, 0x4C, 0x0C, 0x44, 0x0C, 0x40,
  0x7F, 0xFE, 0x0C, 0x60, 0x0C, 0x64, 0x0C, 0x2C, 0x0F, 0x28, 0x7C, 0x30,
  0x0C, 0x30, 0x0C, 0x72, 0x0C, 0xD2, 0x0D, 0x9A, 0x38, 0x0E, 0x00, 0x40,
  0x00, 0x4C, 0x00, 0x44, 0x7F, 0xFE, 0x00, 0x40, 0x00, 0x40, 0x3F, 0x44,
  0x23, 0x6C, 0x23, 0x68, 0x23, 0x38, 0x3F, 0x30, 0x00, 0x30, 0x03, 0x72,
  0x3E, 0xD2, 0x61, 0x9A, 0x01, 0x0C, 0x00, 0x00, 0x7F, 0x1C, 0x00, 0x70,
  0x00, 0x40, 0x3E, 0x40, 0x22, 0x40, 0x22, 0x7E, 0x22, 0x4C, 0x3E, 0xCC,
  0x20, 0x8C, 0x60, 0x8C, 0x60, 0x8C, 0x41, 0x8C, 0x41, 0x0C, 0x43, 0x0C,
  0x00, 0x00, 0x00, 0x08, 0x01, 0xF8, 0x3F, 0x80, 0x01, 0x80, 0x01, 0x80,
  0x3F, 0xFC, 0x01, 0x80, 0x01, 0x80, 0x01, 0x80, 0x7F, 0xFE, 0x01, 0x80,
  0x01, 0x80, 0x01, 0x80, 0x01, 0x80, 0x01, 0x80, 0x0F, 0x00, 0x00, 0x00,
  0x00, 0x80, 0x00, 0x80, 0x00, 0x80, 0x00, 0x80, 0x7F, 0xFE, 0x00, 0x80,
  0x00, 0x88, 0x00, 0x98, 0x00, 0xE0, 0x01, 0xC0, 0x07, 0x80, 0x1C, 0x80,
  0x70, 0x80, 0x00, 0x80, 0x00, 0x80, 0x07, 0x80, 0x10, 0x00, 0x10, 0x00,
  0x11, 0xFE, 0x10, 0x10, 0x7E, 0x10, 0x10, 0x10, 0x10, 0x10, 0x10, 0x10,
  0x1C, 0x10, 0x70, 0x10, 0x10, 0x10, 0x10, 0x10, 0x10, 0x10, 0x10, 0x10,
  0x70, 0xF0, 0x00, 0x00, 0x10, 0x00, 0x10, 0x50, 0x10, 0x48, 0x10, 0x44,
  0x7C, 0x46, 0x13, 0xFC, 0x10, 0x40, 0x10, 0x44, 0x1C, 0x48, 0x78, 0x68,
  0x50, 0x30, 0x10, 0x30, 0x10, 0x72, 0x10, 0xDA, 0x13, 0x8E, 0x70, 0x00,
  0x10, 0x40, 0x11, 0x80, 0x12, 0x3E, 0x12, 0x22, 0x7A, 0x22, 0x12, 0x22,
  0x12, 0x22, 0x12, 0x22, 0x1A, 0x22, 0x72, 0x22, 0x12, 0x22, 0x12, 0xE2,
  0x13, 0xA6, 0x14, 0x2C, 0x10, 0x20, 0x60, 0x20, 0x00, 0x00, 0x10, 0x08,
  0x10, 0x08, 0x10, 0xC8, 0x10, 0x68, 0x7C, 0x08, 0x10, 0x08, 0x11, 0x08,
  0x10, 0xC8, 0x1C, 0x48, 0x78, 0x08, 0x50, 0x1E, 0x13, 0xF8, 0x10, 0x08,
  0x10, 0x08, 0x10, 0x08, 0x70, 0x08, 0x00, 0x00, 0x10, 0x20, 0x10, 0x20,
  0x10, 0x20, 0x10, 0x20, 0x7F, 0xFE, 0x13, 0x22, 0x13, 0x22, 0x13, 0x22,
  0x1F, 0x22, 0x7B, 0xFE, 0x13, 0x22, 0x13, 0x22, 0x13, 0x22, 0x13, 0xFE,
  0x13, 0x02, 0x70, 0x00, 0x10, 0x00, 0x10, 0x20, 0x10, 0x20, 0x10, 0x20,
  0x7F, 0xFE, 0x10, 0x00, 0x10, 0x8C, 0x10, 0x88, 0x1C, 0x88, 0x78, 0x88,
  0x10, 0x88, 0x10, 0xC8, 0x10, 0x50, 0x10, 0x10, 0x13, 0xFE, 0x70, 0x00,
  0x00, 0x00, 0x10, 0x00, 0x11, 0xFE, 0x11, 0x00, 0x11, 0x00, 0x7D, 0x00,
  0x11, 0xFC, 0x11, 0x04, 0x11, 0x04, 0x1D, 0x04, 0x79, 0x04, 0x51, 0xFC,
  0x11, 0x00, 0x11, 0x00, 0x11, 0x00, 0x11, 0xFE, 0x71, 0x00, 0x00, 0x00,
  0x10, 0x80, 0x10, 0x80, 0x11, 0x80, 0x11, 0xFE, 0x7B, 0x00, 0x12, 0x20,
  0x11, 0x2C, 0x11, 0x3C, 0x19, 0xE4, 0x7B, 0x24, 0x51, 0x24, 0x11, 0x2C,
  0x11, 0x20, 0x11, 0x02, 0x11, 0x02, 0x60, 0xFE, 0x00, 0x00, 0x00, 0x00,
  0x3F, 0xFE, 0x78, 0x10, 0x08, 0x10, 0x08, 0xFE, 0x7E, 0x10, 0x08, 0x10,
  0x08, 0x10, 0x08, 0xFE, 0x1E, 0x10, 0x78, 0x10, 0x11, 0xFE, 0x10, 0x10,
  0x30, 0x10, 0x60, 0x10, 0x00, 0x10, 0x01, 0x00, 0x19, 0x10, 0x09, 0x10,
  0x3F, 0xFC, 0x02, 0x40, 0x06, 0x20, 0x7F, 0xFE, 0x08, 0x18, 0x3F, 0xCC,
  0x61, 0x86, 0x0F, 0xF8, 0x01, 0x80, 0x3F, 0xFC, 0x01, 0x80, 0x01, 0x80,
  0x07, 0x00, 0x10, 0x20, 0x10, 0x20, 0x10, 0x20, 0x11, 0xFE, 0x7C, 0x20,
  0x10, 0x20, 0x13, 0xFE, 0x10, 0x08, 0x1C, 0x08, 0x73, 0xFE, 0x10, 0x08,
  0x11, 0x88, 0x10, 0x88, 0x10, 0x48, 0x10, 0x08, 0x70, 0x38, 0x00, 0x00,
  0x11, 0x00, 0x11, 0x00, 0x11, 0x3C, 0x11, 0xE0, 0x7D, 0x02, 0x11, 0x02,
  0x10, 0xFE, 0x10, 0x00, 0x3D, 0xFE, 0x79, 0x06, 0x11, 0x06, 0x11, 0xFE,
  0x11, 0x06, 0x11, 0x06, 0x11, 0xFE, 0x71, 0x00, 0x00, 0x00, 0x10, 0x20,
  0x10, 0x20, 0x10, 0x20, 0x13, 0xFE, 0x7E, 0x02, 0x12, 0x42, 0x10, 0x40,
  0x13, 0xFE, 0x1C, 0x8C, 0x70, 0x88, 0x11, 0x88, 0x11, 0xD8, 0x10, 0x70,
  0x10, 0x78, 0x11, 0xC6, 0x73, 0x02, 0x00, 0x00, 0x10, 0x00, 0x10, 0x20,
  0x11, 0x24, 0x11, 0x28, 0x7D, 0x28, 0x13, 0x2C, 0x13, 0xFC, 0x16, 0xF2,
  0x3C, 0x20, 0x70, 0x20, 0x13, 0xFC, 0x10, 0x20, 0x10, 0x20, 0x10, 0x20,
  0x17, 0xFE, 0x60, 0x00, 0x00, 0x00, 0x10, 0x00, 0x13, 0xFE, 0x12, 0x00,
  0x12, 0x00, 0x7E, 0xFC, 0x12, 0x00, 0x12, 0x00, 0x13, 0xFE, 0x3A, 0x90,
  0x72, 0x92, 0x12, 0x9C, 0x12, 0x98, 0x12, 0x88, 0x14, 0x8C, 0x14, 0xF6,
  0x61, 0x02, 0x00, 0x00, 0x01, 0x80, 0x19, 0x88, 0x09, 0x90, 0x7F, 0xFE,
  0x40, 0x02, 0x4F, 0xF2, 0x08, 0x10, 0x0F, 0xF0, 0x1F, 0xF8, 0x01, 0x80,
  0x3F, 0xFC, 0x01, 0x80, 0x7F, 0xFE, 0x01, 0x80, 0x01, 0x80, 0x07, 0x00,
  0x10, 0x10, 0x10, 0x90, 0x10, 0x90, 0x13, 0x9E, 0x7C, 0x90, 0x10, 0x90,
  0x10, 0x90, 0x13, 0x9E, 0x38, 0x90, 0x70, 0x90, 0x13, 0x9E, 0x14, 0x90,
  0x11, 0x90, 0x11, 0x10, 0x13, 0x10, 0x62, 0x10, 0x00, 0x00, 0x10, 0x00,
  0x10, 0x3C, 0x13, 0xE0, 0x10, 0x02, 0x7E, 0x26, 0x11, 0x24, 0x11, 0x0C,
  0x10, 0x20, 0x18, 0x20, 0x73, 0xFE, 0x10, 0x70, 0x10, 0xA8, 0x11, 0xAC,
  0x13, 0x26, 0x14, 0x22, 0x60, 0x20, 0x00, 0x00, 0x10, 0x00, 0x13, 0xFE,
  0x12, 0x02, 0x12, 0xD2, 0x7C, 0x90, 0x10, 0x92, 0x13, 0x1E, 0x10, 0x20,
  0x38, 0x20, 0x73, 0xFE, 0x10, 0x70, 0x10, 0xF8, 0x11, 0xAC, 0x13, 0x26,
  0x16, 0x22, 0x60, 0x20, 0x00, 0x00, 0x10, 0x20, 0x10, 0x20, 0x13, 0xFE,
  0x10, 0x88, 0x7C, 0x88, 0x10, 0x98, 0x17, 0xFE, 0x10, 0x40, 0x1C, 0xC0,
  0x77, 0xFE, 0x10, 0x88, 0x11, 0x08, 0x11, 0xD0, 0x10, 0x70, 0x10, 0xCC,
  0x77, 0x06, 0x00, 0x00, 0x10, 0x20, 0x10, 0x20, 0x13, 0xFE, 0x12, 0xD2,
  0x7E, 0x92, 0x10, 0x90, 0x10, 0x92, 0x13, 0x1E, 0x38, 0x00, 0x53, 0xFE,
  0x10, 0x20, 0x10, 0x20, 0x10, 0x20, 0x10, 0x20, 0x17, 0xFE, 0x60, 0x00,
  0x00, 0x00, 0x10, 0x88, 0x10, 0x88, 0x10, 0x88, 0x13, 0xFE, 0x7C, 0x88,
  0x10, 0x88, 0x13, 0xFE, 0x10, 0x00, 0x39, 0xFC, 0x71, 0x04, 0x11, 0x04,
  0x11, 0xFC, 0x11, 0x04, 0x11, 0x04, 0x11, 0xFC, 0x71, 0x04, 0x00, 0x00,
  0x11, 0xFC, 0x11, 0x04, 0x11, 0xFC, 0x7D, 0x04, 0x11, 0xFC, 0x10, 0x00,
  0x10, 0x00, 0x1F, 0xFE, 0x78, 0x20, 0x71, 0x20, 0x13, 0x3C, 0x13, 0x20,
  0x12, 0xA0, 0x16, 0x7E, 0x64, 0x00, 0x00, 0x00, 0x00, 0x00, 0x10, 0x80,
  0x11, 0xF0, 0x13, 0x10, 0x7F, 0xFE, 0x12, 0x52, 0x12, 0x92, 0x13, 0x9E,
  0x3A, 0x02, 0x70, 0x20, 0x17, 0xFE, 0x10, 0x60, 0x10, 0x50, 0x10, 0x98,
  0x11, 0x8C, 0x66, 0x06, 0x00, 0x00, 0x10, 0x00, 0x13, 0xFE, 0x12, 0x02,
  0x12, 0x02, 0x7F, 0xFE, 0x12, 0x00, 0x13, 0xFE, 0x12, 0x40, 0x3A, 0x44,
  0x73, 0xFE, 0x12, 0x22, 0x12, 0x20, 0x17, 0xFC, 0x14, 0x20, 0x15, 0xFE,
  0x60, 0x00, 0x00, 0x00, 0x10, 0x04, 0x13, 0xF8, 0x10, 0x44, 0x11, 0x2C,
  0x7D, 0x08, 0x13, 0xFE, 0x10, 0x80, 0x13, 0xFE, 0x1C, 0x80, 0x71, 0xFC,
  0x11, 0x8C, 0x11, 0x48, 0x13, 0x70, 0x12, 0x30, 0x14, 0xCE, 0x61, 0x02,
  0x00, 0x00, 0x10, 0x80, 0x10, 0x88, 0x13, 0xFE, 0x10, 0x88, 0x7B, 0xFC,
  0x12, 0x04, 0x13, 0xFC, 0x12, 0x04, 0x1E, 0x04, 0x7B, 0xFC, 0x30, 0x60,
  0x17, 0xFE, 0x10, 0x70, 0x10, 0xD8, 0x11, 0x8C, 0x66, 0x06, 0x00, 0x00,
  0x10, 0x20, 0x11, 0x24, 0x11, 0x2C, 0x13, 0xFE, 0x7E, 0x02, 0x13, 0xFE,
  0x11, 0x04, 0x11, 0xFC, 0x38, 0x00, 0x71, 0xFE, 0x11, 0x08, 0x13, 0xFE,
  0x10, 0x38, 0x10, 0xC8, 0x13, 0x88, 0x62, 0x38, 0x00, 0x00, 0x01, 0x00,
  0x11, 0x10, 0x17, 0xD0, 0x12, 0x18, 0x7A, 0x5E, 0x17, 0xF6, 0x10, 0x34,
  0x1F, 0xD4, 0x7C, 0x54, 0x70, 0x4C, 0x13, 0xCC, 0x10, 0x48, 0x13, 0xCC,
  0x10, 0x54, 0x10, 0x72, 0x60, 0xE2, 0x10, 0x0C, 0x13, 0xF0, 0x10, 0x24,
  0x11, 0x2C, 0x7D, 0xA8, 0x13, 0xFE, 0x10, 0xF0, 0x11, 0x2C, 0x3E, 0x26,
  0x73, 0xFC, 0x13, 0x24, 0x13, 0x24, 0x13, 0xFC, 0x13, 0x24, 0x13, 0xFC,
  0x60, 0x04, 0x00, 0x00, 0x10, 0x00, 0x13, 0xFE, 0x12, 0x52, 0x12, 0x52,
  0x7F, 0xFE, 0x10, 0x20, 0x13, 0xFC, 0x10, 0x20, 0x3F, 0xFE, 0x70, 0x88,
  0x13, 0xFE, 0x10, 0x20, 0x10, 0x20, 0x13, 0xFE, 0x10, 0x20, 0x60, 0x20,
  0x00, 0x00, 0x00, 0x00, 0x11, 0xF8, 0x11, 0x08, 0x11, 0xF8, 0x78, 0x00,
  0x13, 0xDE, 0x12, 0x52, 0x12, 0x52, 0x3B, 0xDE, 0x70, 0x20, 0x17, 0xFE,
  0x10, 0xF0, 0x11, 0xA8, 0x13, 0x2C, 0x16, 0x22, 0x60, 0x20, 0x00, 0x20,
  0x7F, 0x20, 0x10, 0x7E, 0x3F, 0x44, 0x41, 0xA8, 0x3D, 0x38, 0x3F, 0x7C,
  0x06, 0x02, 0x1F, 0xF0, 0x01, 0x80, 0x3F, 0xFC, 0x01, 0x80, 0x7F, 0xFE,
  0x01, 0x80, 0x01, 0x80, 0x07, 0x00, 0x10, 0x80, 0x11, 0xF0, 0x11, 0x10,
  0x13, 0xFE, 0x7E, 0x50, 0x16, 0x8E, 0x13, 0x00, 0x12, 0x78, 0x3B, 0xFE,
  0x72, 0x00, 0x12, 0xFC, 0x12, 0xFC, 0x12, 0x00, 0x14, 0xFC, 0x14, 0xFC,
  0x60, 0x80, 0x00, 0x00, 0x00, 0x00, 0x14, 0xBE, 0x17, 0x84, 0x14, 0x3C,
  0x7C, 0x58, 0x13, 0x84, 0x12, 0x7E, 0x1F, 0x8A, 0x7D, 0x0A, 0x71, 0x28,
  0x1F, 0xEE, 0x11, 0x28, 0x13, 0xA8, 0x12, 0xD8, 0x14, 0xCE, 0x68, 0x00,
  0x00, 0x00, 0x00, 0x00, 0x01, 0x80, 0x01, 0x80, 0x7F, 0xFE, 0x01, 0x80,
  0x01, 0x80, 0x01, 0x80, 0x3F, 0xF8, 0x08, 0x18, 0x0C, 0x10, 0x04, 0x20,
  0x03, 0x40, 0x01, 0x80, 0x07, 0xE0, 0x7C, 0x3E, 0x40, 0x06, 0x04, 0x40,
  0x04, 0x40, 0x24, 0xC0, 0x24, 0xFE, 0x24, 0x84, 0x25, 0x84, 0x27, 0x44,
  0x26, 0x48, 0x24, 0x48, 0x24, 0x38, 0x3C, 0x30, 0x64, 0x30, 0x04, 0x78,
  0x04, 0xCC, 0x07, 0x86, 0x04, 0x02, 0x00, 0x40, 0x00, 0x40, 0x7E, 0x40,
  0x06, 0xFE, 0x06, 0x84, 0x07, 0xC4, 0x7F, 0xCC, 0x47, 0x48, 0x40, 0x68,
  0x40, 0x38, 0x42, 0x30, 0x42, 0x30, 0x7E, 0x78, 0x00, 0xCC, 0x03, 0x86,
  0x00, 0x00, 0x08, 0x20, 0x08, 0x60, 0x08, 0x40, 0x7F, 0x7E, 0x10, 0x44,
  0x10, 0xC4, 0x1F, 0xCC, 0x13, 0xA8, 0x12, 0x28, 0x12, 0x38, 0x32, 0x30,
  0x22, 0x10, 0x22, 0x38, 0x22, 0x6C, 0x46, 0xC6, 0x4D, 0x02, 0x00, 0x00,
  0x08, 0x20, 0x08, 0x20, 0x08, 0x20, 0x7F, 0xFE, 0x00, 0x44, 0x22, 0x64,
  0x21, 0xE4, 0x41, 0xAC, 0x26, 0x28, 0x14, 0x38, 0x0C, 0x18, 0x0C, 0x18,
  0x1E, 0x38, 0x32, 0x6C, 0x60, 0xC6, 0x40, 0x00, 0x00, 0x00, 0x7E, 0x60,
  0x62, 0x40, 0x62, 0x7E, 0x7E, 0xC4, 0x62, 0xC4, 0x63, 0xCC, 0x7F, 0x48,
  0x62, 0x28, 0x62, 0x38, 0x7E, 0x30, 0x00, 0x30, 0x26, 0x78, 0x22, 0xCC,
  0x41, 0x86, 0x00, 0x00, 0x08, 0x20, 0x7F, 0x20, 0x08, 0x7E, 0x3F, 0x44,
  0x49, 0xAC, 0x7F, 0x18, 0x1C, 0x18, 0x3B, 0x3C, 0x68, 0xC6, 0x00, 0x00,
  0x3F, 0xFC, 0x01, 0x80, 0x19, 0xF8, 0x19, 0x80, 0x7F, 0xFE, 0x00, 0x00,
  0x3F, 0x20, 0x29, 0x20, 0x7F, 0xBE, 0x29, 0x24, 0x3F, 0x64, 0x08, 0x64,
  0x7F, 0xE4, 0x48, 0xA4, 0x3F, 0x18, 0x18, 0x18, 0x7E, 0x18, 0x32, 0x18,
  0x3E, 0x3C, 0x1F, 0x66, 0x60, 0x02, 0x00, 0x00, 0x01, 0x80, 0x01, 0x80,
  0x7F, 0xFE, 0x18, 0x18, 0x08, 0x10, 0x0C, 0x30, 0x04, 0x20, 0x06, 0x60,
  0x02, 0xC0, 0x01, 0x80, 0x03, 0x80, 0x06, 0x60, 0x1C, 0x38, 0x70, 0x1E,
  0x40, 0x02, 0x00, 0x08, 0x12, 0x08, 0x52, 0x48, 0x50, 0x28, 0x34, 0x08,
  0x10, 0x08, 0x7E, 0x88, 0x18, 0x48, 0x18, 0x08, 0x3C, 0x08, 0x36, 0x3E,
  0x51, 0xE8, 0x50, 0x08, 0x10, 0x08, 0x10, 0x08, 0x00, 0x08, 0x08, 0x00,
  0x08, 0x1E, 0x7F, 0x60, 0x22, 0x40, 0x22, 0x40, 0x04, 0x40, 0x7F, 0x7E,
  0x08, 0x4C, 0x08, 0x48, 0x7F, 0x48, 0x18, 0x48, 0x1C, 0xC8, 0x2A, 0x88,
  0x48, 0x88, 0x09, 0x08, 0x09, 0x00, 0x01, 0x00, 0x01, 0x80, 0x01, 0x80,
  0x7F, 0xFE, 0x02, 0x00, 0x02, 0x00, 0x02, 0x00, 0x07, 0xF8, 0x06, 0x08,
  0x04, 0x08, 0x04, 0x08, 0x0C, 0x08, 0x08, 0x08, 0x18, 0x18, 0x30, 0x10,
  0x40, 0xF0, 0x00, 0x00, 0x00, 0x00, 0x1F, 0xF8, 0x10, 0x08, 0x10, 0x08,
  0x10, 0x08, 0x10, 0x08, 0x1F, 0xF8, 0x10, 0x08, 0x10, 0x08, 0x10, 0x08,
  0x10, 0x08, 0x10, 0x08, 0x1F, 0xF8, 0x10, 0x08, 0x00, 0x00, 0x7E, 0xFE,
  0x46, 0x82, 0x46, 0x82, 0x46, 0x82, 0x46, 0xFE, 0x7E, 0x82, 0x46, 0x82,
  0x46, 0x82, 0x46, 0xFE, 0x7E, 0x82, 0x41, 0x82, 0x41, 0x02, 0x03, 0x02,
  0x02, 0x02, 0x06, 0x1C, 0x00, 0x00, 0x1F, 0xF8, 0x10, 0x08, 0x1F, 0xF8,
  0x10, 0x08, 0x10, 0x08, 0x1F, 0xF8, 0x18, 0x00, 0x11, 0x80, 0x3F, 0xFC,
  0x61, 0x80, 0x1F, 0xF8, 0x01, 0x80, 0x01, 0x80, 0x7F, 0xFE, 0x00, 0x00,
  0x1F, 0xF8, 0x10, 0x08, 0x1F, 0xF8, 0x10, 0x08, 0x10, 0x08, 0x1F, 0xF8,
  0x00, 0x00, 0x7F, 0xFE, 0x00, 0x80, 0x18, 0x80, 0x18, 0xFC, 0x18, 0x80,
  0x27, 0x80, 0x63, 0xFE, 0x00, 0x00, 0x00, 0x20, 0x7C, 0x20, 0x45, 0xFE,
  0x44, 0x20, 0x44, 0x20, 0x44, 0x20, 0x7F, 0xFE, 0x44, 0x08, 0x44, 0x08,
  0x47, 0xFE, 0x44, 0x08, 0x7C, 0x88, 0x40, 0xC8, 0x40, 0x48, 0x00, 0x08,
  0x00, 0x38, 0x1F, 0xF8, 0x10, 0x08, 0x1F, 0xF8, 0x10, 0x08, 0x1F, 0xF8,
  0x01, 0x80, 0x7F, 0xFE, 0x00, 0x00, 0x1F, 0xF8, 0x10, 0x08, 0x1F, 0xF8,
  0x01, 0x80, 0x19, 0x98, 0x71, 0x8C, 0x03, 0x00, 0x0F, 0xF0, 0x08, 0x10,
  0x0F, 0xF0, 0x08, 0x10, 0x08, 0x10, 0x0F, 0xF0, 0x00, 0x00, 0x3E, 0x7E,
  0x22, 0x46, 0x22, 0x46, 0x3E, 0x7E, 0x22, 0x46, 0x22, 0x46, 0x3E, 0x7E,
  0x02, 0x40, 0x00, 0x20, 0x7C, 0x20, 0x4F, 0xFE, 0x44, 0x84, 0x44, 0x88,
  0x44, 0x88, 0x7F, 0xFE, 0x4C, 0x00, 0x45, 0xFC, 0x45, 0x04, 0x45, 0x04,
  0x7D, 0xFC, 0x41, 0x04, 0x01, 0x04, 0x01, 0xFC, 0x01, 0x04, 0x08, 0x04,
  0x7F, 0x7C, 0x08, 0x40, 0x7F, 0x40, 0x7F, 0x7E, 0x49, 0x48, 0x3E, 0xC8,
  0x7F, 0x88, 0x09, 0x88, 0x1F, 0xF8, 0x10, 0x08, 0x10, 0x08, 0x1F, 0xF8,
  0x10, 0x08, 0x1F, 0xF8, 0x10, 0x08, 0x1F, 0xF8, 0x10, 0x08, 0x1F, 0xF8,
  0x10, 0x08, 0x1F, 0xF8, 0x04, 0x20, 0x3F, 0xFC, 0x04, 0x20, 0x7F, 0xFE,
  0x08, 0x10, 0x39, 0x9C, 0x45, 0xA2, 0x07, 0xE0, 0x19, 0x98, 0x03, 0x00,
  0x01, 0x00, 0x01, 0x00, 0x3F, 0xFC, 0x21, 0x04, 0x21, 0x04, 0x3F, 0xFC,
  0x21, 0x84, 0x20, 0x84, 0x3F, 0xFC, 0x20, 0x88, 0x00, 0x98, 0x00, 0x70,
  0x00, 0xE2, 0x03, 0xE2, 0x1E, 0x32, 0x70, 0x1E, 0x00, 0x00, 0x7F, 0xFE,
  0x01, 0x80, 0x01, 0x80, 0x1F, 0xFC, 0x11, 0x84, 0x1F, 0xFC, 0x11, 0x84,
  0x11, 0x84, 0x1F, 0xFC, 0x11, 0x00, 0x09, 0x00, 0x0F, 0x00, 0x07, 0x00,
  0x1D, 0xE0, 0x60, 0x3E, 0x00, 0x00, 0x01, 0x00, 0x1F, 0xF8, 0x01, 0x88,
  0x7F, 0xFE, 0x01, 0x88, 0x1F, 0xF8, 0x01, 0x80, 0x3F, 0xFC, 0x01, 0x80,
  0x7F, 0xFE, 0x00, 0x00, 0x10, 0x08, 0x1F, 0xF8, 0x10, 0x08, 0x1F, 0xF8,
  0x10, 0x08, 0x08, 0x10, 0x08, 0x10, 0x3E, 0xFC, 0x08, 0x10, 0x7E, 0xFE,
  0x18, 0x38, 0x1C, 0x68, 0x32, 0xC4, 0x60, 0x86, 0x1F, 0xF8, 0x10, 0x08,
  0x1F, 0xF8, 0x10, 0x08, 0x10, 0x08, 0x1F, 0xF8, 0x10, 0x08, 0x1F, 0xF8,
  0x10, 0x08, 0x1F, 0xF8, 0x10, 0x08, 0x1F, 0xF8, 0x00, 0x00, 0x7F, 0xFE,
  0x22, 0x00, 0x3E, 0xFC, 0x22, 0x44, 0x3E, 0x68, 0x22, 0x38, 0x3E, 0x30,
  0x7F, 0x6C, 0x03, 0x86, 0x01, 0x80, 0x02, 0xC0, 0x0C, 0x30, 0x3F, 0xFC,
  0x60, 0x06, 0x1F, 0xF8, 0x15, 0x28, 0x15, 0x28, 0x1F, 0xF8, 0x00, 0x00,
  0x0F, 0xF0, 0x08, 0x18, 0x0F, 0xF8, 0x08, 0x18, 0x0F, 0xF8, 0x00, 0x00,
  0x1F, 0xF8, 0x18, 0x08, 0x18, 0x08, 0x18, 0x08, 0x1F, 0xF8, 0x18, 0x08,
  0x10, 0x08, 0x10, 0x08, 0x1F, 0xF8, 0x10, 0x08, 0x10, 0x08, 0x30, 0x08,
  0x20, 0x08, 0x60, 0x08, 0x40, 0x78, 0x00, 0x00, 0x00, 0x00, 0x02, 0x00,
  0x02, 0x00, 0x7F, 0xFE, 0x04, 0x00, 0x0C, 0x00, 0x1F, 0xF8, 0x38, 0x08,
  0x6F, 0xF8, 0x48, 0x08, 0x08, 0x08, 0x0F, 0xF8, 0x08, 0x08, 0x08, 0x08,
  0x08, 0x08, 0x08, 0x78, 0x00, 0x00, 0x00, 0x00, 0x3C, 0xFE, 0x24, 0x86,
  0x24, 0x86, 0x24, 0x9C, 0x3C, 0x80, 0x24, 0x80, 0x24, 0xFE, 0x24, 0xA2,
  0x3C, 0xA4, 0x24, 0xB4, 0x24, 0x98, 0x44, 0x98, 0x44, 0x98, 0x44, 0xA6,
  0x4C, 0xC2, 0x00, 0x00, 0x08, 0x00, 0x08, 0x7E, 0x7F, 0x42, 0x20, 0x7E,
  0x20, 0x42, 0x20, 0x7E, 0x20, 0x84, 0x3F, 0x9C, 0x00, 0x00, 0x3F, 0xFC,
  0x01, 0x80, 0x01, 0x80, 0x1F, 0xF8, 0x01, 0x80, 0x7F, 0xFE, 0x00, 0x00,
  0x22, 0x7E, 0x22, 0x42, 0x7F, 0x42, 0x22, 0x42, 0x3E, 0x7E, 0x22, 0x42,
  0x22, 0x42, 0x3E, 0x42, 0x22, 0x7E, 0x22, 0x42, 0x7F, 0xC2, 0x00, 0x42,
  0x22, 0xC2, 0x63, 0x86, 0x40, 0x8C, 0x00, 0x00, 0x00, 0x00, 0x01, 0x80,
  0x01, 0x80, 0x3F, 0xFC, 0x01, 0x80, 0x01, 0x80, 0x01, 0x80, 0x7F, 0xFE,
  0x03, 0xC0, 0x03, 0xC0, 0x05, 0xA0, 0x09, 0x90, 0x11, 0x98, 0x61, 0x86,
  0x41, 0x82, 0x00, 0x00, 0x01, 0x00, 0x01, 0x80, 0x01, 0x80, 0x7F, 0xFE,
  0x01, 0x80, 0x01, 0x80, 0x01, 0x80, 0x3F, 0xFC, 0x03, 0xC0, 0x03, 0xC0,
  0x05, 0xA0, 0x09, 0x90, 0x31, 0x8C, 0x61, 0x86, 0x01, 0x80, 0x00, 0x00,
  0x00, 0x00, 0x01, 0x80, 0x01, 0x80, 0x01, 0x80, 0x7F, 0xFE, 0x03, 0xC0,
  0x03, 0xC0, 0x05, 0xA0, 0x0D, 0xB0, 0x19, 0x98, 0x31, 0x8C, 0x6F, 0xF6,
  0x41, 0x80, 0x01, 0x80, 0x01, 0x80, 0x00, 0x00, 0x00, 0x00, 0x10, 0x18,
  0x10, 0x18, 0x18, 0x18, 0x7F, 0xFE, 0x18, 0x10, 0x18, 0x10, 0x3C, 0x90,
  0x36, 0x90, 0x30, 0xD0, 0x50, 0x60, 0x50, 0x60, 0x10, 0x70, 0x10, 0xD8,
  0x13, 0x8E, 0x10, 0x02, 0x00, 0x00, 0x01, 0x80, 0x7F, 0xFE, 0x01, 0x80,
  0x01, 0x80, 0x3F, 0xFC, 0x31, 0x8C, 0x31, 0x84, 0x31, 0x8C, 0x3F, 0xFC,
  0x03, 0xC0, 0x07, 0xE0, 0x0D, 0xB0, 0x31, 0x9C, 0x61, 0x86, 0x00, 0x00,
  0x00, 0x00, 0x10, 0x3C, 0x10, 0xE0, 0x18, 0x80, 0x7E, 0x80, 0x10, 0x80,
  0x18, 0xFE, 0x38, 0x88, 0x3C, 0x88, 0x36, 0x88, 0x51, 0x88, 0x51, 0x08,
  0x11, 0x08, 0x13, 0x08, 0x12, 0x08, 0x00, 0x08, 0x1F, 0xFC, 0x11, 0x8C,
  0x11, 0x8C, 0x1F, 0xFC, 0x11, 0x8C, 0x11, 0x8C, 0x1F, 0xFC, 0x01, 0x80,
  0x7F, 0xFE, 0x03, 0xC0, 0x07, 0xA0, 0x09, 0x98, 0x31, 0x8C, 0x61, 0x86,
  0x00, 0x00, 0x01, 0x00, 0x01, 0x80, 0x7F, 0xFE, 0x03, 0xC0, 0x05, 0xA0,
  0x0D, 0xB0, 0x19, 0x9C, 0x60, 0x06, 0x0F, 0xF0, 0x08, 0x10, 0x0F, 0xF0,
  0x08, 0x10, 0x0F, 0xF0, 0x00, 0x00, 0x7F, 0xFE, 0x00, 0x00, 0x10, 0x40,
  0x10, 0x40, 0x10, 0xFC, 0x11, 0x8C, 0x7F, 0xC8, 0x12, 0x58, 0x18, 0x30,
  0x3C, 0x70, 0x34, 0xCC, 0x33, 0x86, 0x53, 0xFC, 0x51, 0x04, 0x11, 0x04,
  0x11, 0x84, 0x11, 0xFC, 0x10, 0x04, 0x10, 0x00, 0x13, 0xFE, 0x13, 0x00,
  0x13, 0x00, 0x7F, 0x7E, 0x13, 0x10, 0x1B, 0x10, 0x3B, 0x7C, 0x37, 0x10,
  0x13, 0x10, 0x53, 0x10, 0x53, 0xFE, 0x13, 0x00, 0x13, 0x00, 0x13, 0xFE,
  0x11, 0x00, 0x00, 0x00, 0x11, 0x08, 0x23, 0xD0, 0x6A, 0x74, 0x3A, 0x5C,
  0x13, 0xC8, 0x1A, 0x4C, 0x3E, 0x5E, 0x7F, 0xFA, 0x01, 0x80, 0x7F, 0xFE,
  0x03, 0xC0, 0x0D, 0xA0, 0x19, 0x98, 0x61, 0x86, 0x00, 0x00, 0x10, 0x00,
  0x13, 0xFE, 0x10, 0x50, 0x11, 0xFE, 0x7D, 0x52, 0x11, 0x52, 0x11, 0xFE,
  0x38, 0x00, 0x35, 0xFC, 0x50, 0x00, 0x53, 0xFE, 0x50, 0x20, 0x11, 0xA4,
  0x13, 0x26, 0x12, 0x22, 0x10, 0xE0, 0x10, 0x88, 0x10, 0x88, 0x13, 0xFE,
  0x10, 0x88, 0x7F, 0xFC, 0x13, 0x04, 0x3B, 0xFC, 0x3B, 0x04, 0x37, 0x04,
  0x73, 0xFC, 0x50, 0x20, 0x57, 0xFE, 0x10, 0x50, 0x10, 0x98, 0x13, 0x0E,
  0x10, 0x02, 0x10, 0x20, 0x11, 0x28, 0x12, 0xA8, 0x12, 0xB4, 0x7D, 0x2C,
  0x11, 0xAA, 0x33, 0xFE, 0x3A, 0x20, 0x30, 0x24, 0x37, 0xFE, 0x51, 0x24,
  0x53, 0x1C, 0x13, 0xD8, 0x12, 0x10, 0x16, 0x7A, 0x14, 0xC6, 0x10, 0x20,
  0x10, 0x70, 0x10, 0xC8, 0x11, 0x86, 0x7E, 0xFA, 0x10, 0x00, 0x19, 0xDE,
  0x3A, 0x52, 0x36, 0x52, 0x53, 0xDE, 0x50, 0x88, 0x50, 0x88, 0x11, 0x88,
  0x11, 0xDC, 0x12, 0x72, 0x10, 0x00, 0x10, 0x00, 0x13, 0xDE, 0x12, 0x52,
  0x13, 0xDE, 0x7E, 0x52, 0x13, 0xDE, 0x32, 0x22, 0x3A, 0xFA, 0x3A, 0xFA,
  0x56, 0xAA, 0x52, 0xFA, 0x52, 0xFA, 0x12, 0x72, 0x12, 0xF2, 0x13, 0x2A,
  0x12, 0x0E, 0x10, 0x00, 0x10, 0x88, 0x13, 0xFE, 0x10, 0x88, 0x7D, 0xDE,
  0x10, 0x52, 0x31, 0xDE, 0x38, 0x90, 0x35, 0xFE, 0x53, 0x20, 0x57, 0xFC,
  0x51, 0x20, 0x11, 0xFC, 0x11, 0x20, 0x11, 0xFE, 0x11, 0x00, 0x08, 0x00,
  0x08, 0x00, 0x08, 0x00, 0x1F, 0xFE, 0x11, 0x86, 0x31, 0x84, 0x21, 0x8C,
  0x41, 0x88, 0x01, 0x80, 0x03, 0x80, 0x02, 0x40, 0x06, 0x60, 0x0C, 0x30,
  0x18, 0x18, 0x70, 0x0E, 0x00, 0x00, 0x01, 0x00, 0x01, 0x00, 0x33, 0x00,
  0x1B, 0xFE, 0x02, 0x46, 0x06, 0x44, 0x04, 0x44, 0x00, 0x44, 0x08, 0x60,
  0x18, 0xE0, 0x30, 0xA0, 0x61, 0x90, 0x41, 0x18, 0x06, 0x0C, 0x0C, 0x06,
  0x00, 0x00, 0x12, 0x20, 0x7F, 0xA0, 0x12, 0x60, 0x00, 0x7E, 0x77, 0x52,
  0x55, 0xD2, 0x77, 0xD2, 0x24, 0x10, 0x3F, 0x10, 0x64, 0x18, 0x7F, 0x38,
  0x24, 0x28, 0x3F, 0x2C, 0x24, 0x44, 0x3F, 0xC2, 0x20, 0x00, 0x00, 0x80,
  0x00, 0x80, 0x00, 0x80, 0x00, 0x80, 0x10, 0x80, 0x10, 0x80, 0x10, 0xFC,
  0x10, 0x80, 0x10, 0x80, 0x10, 0x80, 0x10, 0x80, 0x10, 0x80, 0x10, 0x80,
  0x10, 0x80, 0x7F, 0xFE, 0x00, 0x00, 0x3F, 0xFE, 0x00, 0x80, 0x00, 0x80,
  0x00, 0x80, 0x10, 0x80, 0x10, 0xFC, 0x10, 0x80, 0x10, 0x80, 0x10, 0x80,
  0x10, 0x80, 0x10, 0x80, 0x10, 0x80, 0x7F, 0xFE, 0x04, 0x00, 0x04, 0x60,
  0x04, 0x60, 0x04, 0x60, 0x24, 0x60, 0x24, 0x6E, 0x27, 0x78, 0x24, 0x60,
  0x24, 0x60, 0x24, 0x60, 0x24, 0x60, 0x24, 0x60, 0x24, 0x62, 0x27, 0xE2,
  0x7C, 0x3E, 0x00, 0x00, 0x00, 0x80, 0x01, 0x80, 0x11, 0xF8, 0x11, 0x80,
  0x11, 0x80, 0x7F, 0xFE, 0x01, 0x80, 0x09, 0x80, 0x19, 0x88, 0x31, 0x98,
  0x61, 0x90, 0x07, 0x30, 0x00, 0x60, 0x01, 0x80, 0x1E, 0x00, 0x10, 0x00,
  0x00, 0x00, 0x1E, 0xF8, 0x30, 0xC8, 0x20, 0x88, 0x20, 0x88, 0x3E, 0x8A,
  0x21, 0x8E, 0x20, 0x00, 0x3E, 0xFC, 0x20, 0x84, 0x20, 0x4C, 0x2E, 0x68,
  0x78, 0x30, 0x20, 0x78, 0x21, 0xCE, 0x21, 0x02, 0x00, 0x00, 0x37, 0x7C,
  0x41, 0x4C, 0x41, 0x4C, 0x77, 0x4C, 0x41, 0x46, 0x41, 0x86, 0x7F, 0x00,
  0x08, 0xFC, 0x08, 0x44, 0x7F, 0x6C, 0x08, 0x28, 0x08, 0x30, 0x1F, 0x38,
  0x70, 0xCE, 0x00, 0x02, 0x08, 0x00, 0x08, 0x00, 0x1F, 0xFE, 0x10, 0x00,
  0x20, 0x00, 0x6F, 0xF8, 0x19, 0x08, 0x11, 0x88, 0x10, 0x48, 0x7F, 0xFE,
  0x13, 0x08, 0x10, 0x88, 0x1F, 0xFE, 0x30, 0x18, 0x00, 0x10, 0x00, 0x70,
  0x08, 0x00, 0x08, 0x00, 0x1F, 0xFE, 0x30, 0x00, 0x2F, 0xF8, 0x40, 0x00,
  0x3F, 0xF8, 0x02, 0x18, 0x12, 0xD8, 0x12, 0x88, 0x7F, 0xE8, 0x0E, 0x08,
  0x1B, 0x88, 0x32, 0xC8, 0x62, 0x4E, 0x02, 0x06, 0x00, 0x00, 0x01, 0x80,
  0x01, 0x80, 0x01, 0x80, 0x01, 0x84, 0x7D, 0x88, 0x05, 0xD8, 0x05, 0xE0,
  0x0D, 0xE0, 0x09, 0xA0, 0x19, 0xB0, 0x11, 0x98, 0x21, 0x8C, 0x41, 0x86,
  0x01, 0x82, 0x07, 0x00, 0x04, 0x00, 0x07, 0x80, 0x00, 0xE0, 0x00, 0x00,
  0x1F, 0x80, 0x01, 0x84, 0x01, 0x8C, 0x7D, 0xD8, 0x0D, 0xF0, 0x0D, 0xE0,
  0x09, 0xA0, 0x19, 0x90, 0x31, 0x98, 0x61, 0x8E, 0x41, 0x82, 0x07, 0x00,
  0x00, 0x00, 0x01, 0x98, 0x01, 0x88, 0x7F, 0xFE, 0x01, 0x80, 0x21, 0x84,
  0x31, 0x8C, 0x19, 0xD8, 0x09, 0xF0, 0x01, 0xA0, 0x05, 0xB0, 0x0D, 0x98,
  0x31, 0x8C, 0x61, 0x86, 0x01, 0x82, 0x07, 0x00, 0x00, 0x00, 0x33, 0xFE,
  0x18, 0x60, 0x00, 0x20, 0x00, 0x20, 0x40, 0x20, 0x30, 0x20, 0x17, 0xFE,
  0x00, 0x60, 0x00, 0x20, 0x08, 0x20, 0x10, 0x20, 0x10, 0x20, 0x20, 0x20,
  0x60, 0x20, 0x00, 0x20, 0x00, 0x20, 0x30, 0x20, 0x0A, 0x20, 0x02, 0x24,
  0x02, 0x3E, 0x43, 0xE6, 0x33, 0xA6, 0x07, 0x26, 0x02, 0x26, 0x0A, 0x24,
  0x1A, 0x2C, 0x12, 0x20, 0x33, 0x02, 0x23, 0x02, 0x21, 0xFE, 0x00, 0x00,
  0x00, 0x00, 0x33, 0xFE, 0x1A, 0x02, 0x02, 0x02, 0x02, 0x02, 0x00, 0x00,
  0x61, 0xF8, 0x11, 0x88, 0x01, 0x88, 0x01, 0x88, 0x09, 0x08, 0x11, 0x08,
  0x31, 0x0A, 0x22, 0x0A, 0x66, 0x0E, 0x00, 0x00, 0x00, 0x80, 0x30, 0x80,
  0x19, 0xFC, 0x01, 0x04, 0x01, 0x04, 0x62, 0x04, 0x36, 0x38, 0x00, 0x00,
  0x03, 0xFC, 0x01, 0x0C, 0x18, 0x88, 0x10, 0xD0, 0x30, 0x70, 0x20, 0xF8,
  0x67, 0x8E, 0x04, 0x02, 0x00, 0x20, 0x30, 0x20, 0x18, 0x20, 0x00, 0x20,
  0x03, 0xFE, 0x42, 0x22, 0x32, 0x22, 0x02, 0x22, 0x02, 0x22, 0x03, 0xFE,
  0x0A, 0x22, 0x10, 0x20, 0x10, 0x20, 0x20, 0x20, 0x60, 0x20, 0x00, 0x20,
  0x00, 0x00, 0x31, 0xFC, 0x09, 0x04, 0x01, 0x04, 0x01, 0x04, 0x61, 0xFC,
  0x11, 0x04, 0x01, 0x04, 0x01, 0x04, 0x01, 0x04, 0x09, 0xFC, 0x11, 0x04,
  0x31, 0x04, 0x21, 0x04, 0x67, 0xFE, 0x00, 0x00, 0x00, 0x00, 0x30, 0x60,
  0x08, 0x60, 0x03, 0xFC, 0x00, 0x60, 0x60, 0x60, 0x30, 0x60, 0x07, 0xFE,
  0x00, 0xC0, 0x08, 0x80, 0x19, 0x88, 0x11, 0x08, 0x31, 0x04, 0x23, 0xFE,
  0x67, 0x82, 0x00, 0x00, 0x00, 0x00, 0x30, 0x60, 0x08, 0x60, 0x07, 0xFE,
  0x00, 0x00, 0x61, 0x08, 0x31, 0x08, 0x01, 0x08, 0x01, 0x08, 0x01, 0x98,
  0x19, 0x90, 0x10, 0x90, 0x30, 0x90, 0x20, 0x10, 0x6F, 0xFE, 0x00, 0x00,
  0x00, 0x20, 0x31, 0x20, 0x1B, 0x20, 0x03, 0xFE, 0x02, 0x60, 0x66, 0x20,
  0x30, 0x20, 0x07, 0xFE, 0x00, 0x90, 0x10, 0x90, 0x11, 0x90, 0x11, 0x10,
  0x21, 0x12, 0x22, 0x12, 0x4C, 0x1E, 0x00, 0x00, 0x00, 0x40, 0x30, 0x40,
  0x08, 0x60, 0x07, 0xFE, 0x00, 0x80, 0x61, 0x88, 0x37, 0xFC, 0x00, 0x02,
  0x03, 0x48, 0x0B, 0x48, 0x13, 0x48, 0x12, 0x48, 0x22, 0x48, 0x26, 0x4A,
  0x44, 0x0E, 0x00, 0x00, 0x00, 0x20, 0x32, 0x26, 0x1B, 0x24, 0x01, 0x2C,
  0x00, 0x20, 0x43, 0xFC, 0x32, 0x04, 0x02, 0x04, 0x03, 0xFC, 0x02, 0x04,
  0x1A, 0x04, 0x13, 0xFC, 0x32, 0x04, 0x22, 0x04, 0x62, 0x04, 0x02, 0x1C,
  0x00, 0x00, 0x00, 0x00, 0x37, 0xFE, 0x1C, 0x92, 0x04, 0x92, 0x00, 0x90,
  0x41, 0x92, 0x73, 0x1E, 0x10, 0x40, 0x00, 0x60, 0x07, 0xFE, 0x18, 0xF0,
  0x11, 0xF8, 0x31, 0x68, 0x26, 0x66, 0x64, 0x62, 0x00, 0x00, 0x00, 0x00,
  0x30, 0x98, 0x18, 0x8E, 0x07, 0xFC, 0x00, 0x58, 0x40, 0x70, 0x60, 0xF2,
  0x17, 0x0E, 0x00, 0xB8, 0x00, 0x8A, 0x1F, 0xFC, 0x10, 0xC8, 0x30, 0x70,
  0x20, 0x62, 0x63, 0xF2, 0x06, 0x0E, 0x00, 0x00, 0x20, 0x20, 0x33, 0xFE,
  0x08, 0x60, 0x03, 0xFC, 0x00, 0x60, 0x67, 0xFE, 0x30, 0x00, 0x03, 0xFC,
  0x03, 0x04, 0x03, 0x04, 0x1B, 0xFC, 0x13, 0x04, 0x33, 0xFC, 0x23, 0x04,
  0x63, 0x04, 0x03, 0x1C, 0x00, 0x00, 0x00, 0x02, 0x37, 0xC2, 0x14, 0x52,
  0x04, 0x52, 0x07, 0xD2, 0x64, 0x52, 0x34, 0x52, 0x07, 0xD2, 0x04, 0x52,
  0x04, 0x52, 0x14, 0x52, 0x37, 0xD2, 0x20, 0x02, 0x24, 0xC2, 0x6C, 0x46,
  0x08, 0x1C, 0x00, 0x00, 0x00, 0x00, 0x33, 0xFC, 0x1A, 0x04, 0x02, 0x44,
  0x02, 0x64, 0x42, 0xB4, 0x72, 0x04, 0x13, 0xFC, 0x00, 0x00, 0x07, 0xFC,
  0x16, 0x94, 0x16, 0x94, 0x26, 0x94, 0x26, 0x94, 0x6F, 0xFE, 0x00, 0x00,
  0x00, 0x00, 0x30, 0x14, 0x10, 0x12, 0x07, 0xFE, 0x04, 0x10, 0x67, 0xF0,
  0x34, 0x92, 0x04, 0x94, 0x05, 0xB4, 0x16, 0xDC, 0x16, 0x98, 0x24, 0xC8,
  0x2D, 0x58, 0x6B, 0x38, 0x48, 0x6E, 0x00, 0x46, 0x00, 0x00, 0x00, 0x00,
  0x30, 0x60, 0x1F, 0xFE, 0x01, 0x08, 0x01, 0x90, 0x47, 0xFE, 0x34, 0x42,
  0x14, 0x42, 0x05, 0xFA, 0x04, 0x42, 0x14, 0xF2, 0x14, 0x92, 0x34, 0x92,
  0x24, 0xF2, 0x64, 0x02, 0x04, 0x0C, 0x01, 0x08, 0x31, 0x18, 0x1F, 0xFE,
  0x01, 0x08, 0x01, 0xF8, 0x60, 0x40, 0x30, 0x40, 0x07, 0xFE, 0x04, 0x42,
  0x05, 0x52, 0x15, 0x4A, 0x15, 0x5A, 0x24, 0xFE, 0x26, 0x66, 0x64, 0x42,
  0x04, 0x4C, 0x03, 0xFC, 0x32, 0x04, 0x1B, 0xFC, 0x02, 0x04, 0x03, 0xFC,
  0x40, 0x00, 0x67, 0xFE, 0x14, 0x92, 0x07, 0xFE, 0x00, 0x00, 0x1F, 0xFC,
  0x11, 0x08, 0x30, 0x98, 0x20, 0xF0, 0x67, 0x9E, 0x04, 0x02, 0x00, 0x00,
  0x31, 0x0E, 0x1F, 0xD8, 0x01, 0x10, 0x01, 0x10, 0x4F, 0xD0, 0x69, 0x5E,
  0x0F, 0xD4, 0x09, 0x54, 0x0F, 0xF4, 0x11, 0x24, 0x31, 0x24, 0x2F, 0xE4,
  0x21, 0x24, 0x41, 0x44, 0x00, 0x04, 0x01, 0x80, 0x01, 0x80, 0x01, 0x80,
  0x11, 0x84, 0x11, 0x84, 0x11, 0x88, 0x21, 0x98, 0x61, 0x90, 0x03, 0xC0,
  0x02, 0x40, 0x06, 0x60, 0x0C, 0x30, 0x18, 0x18, 0x60, 0x06, 0x00, 0x00,
  0x3F, 0xFE, 0x20, 0x00, 0x20, 0x80, 0x20, 0xC0, 0x20, 0xC4, 0x24, 0xC4,
  0x24, 0xC8, 0x28, 0xC8, 0x28, 0xE0, 0x21, 0xA0, 0x21, 0x20, 0x23, 0x10,
  0x46, 0x18, 0x4C, 0x0E, 0x00, 0x00, 0x00, 0x80, 0x08, 0x80, 0x05, 0x80,
  0x7F, 0xF0, 0x03, 0x10, 0x02, 0x10, 0x07, 0xFC, 0x0C, 0x08, 0x08, 0x08,
  0x1F, 0xFE, 0x60, 0x02, 0x50, 0xA6, 0x12, 0x96, 0x12, 0x84, 0x22, 0x04,
  0x20, 0x1C, 0x00, 0x00, 0x00, 0x00, 0x7F, 0xC4, 0x08, 0x44, 0x18, 0x44,
  0x1F, 0x44, 0x23, 0x44, 0x72, 0x44, 0x0E, 0x44, 0x04, 0x44, 0x0C, 0x04,
  0x18, 0x04, 0x60, 0x1C, 0x10, 0x00, 0x22, 0x44, 0x22, 0x66, 0x42, 0x02,
  0x08, 0x00, 0x18, 0x00, 0x1F, 0xFE, 0x32, 0x48, 0x52, 0x48, 0x12, 0x48,
  0x7F, 0xFE, 0x12, 0x48, 0x12, 0x48, 0x12, 0x48, 0x7F, 0xFE, 0x00, 0x00,
  0x32, 0x4C, 0x22, 0x44, 0x62, 0x66, 0x40, 0x02, 0x00, 0x00, 0x08, 0x40,
  0x08, 0xC0, 0x1F, 0xFE, 0x30, 0x80, 0x7F, 0xFC, 0x50, 0x80, 0x10, 0x80,
  0x1F, 0xFC, 0x10, 0x80, 0x1F, 0xFE, 0x00, 0x00, 0x32, 0x4C, 0x22, 0x44,
  0x62, 0x66, 0x40, 0x02, 0x00, 0x00, 0x3D, 0xFE, 0x24, 0x66, 0x24, 0x46,
  0x24, 0xC4, 0x3D, 0x9C, 0x24, 0x00, 0x25, 0xFC, 0x25, 0x04, 0x25, 0x04,
  0x3D, 0xFC, 0x20, 0x00, 0x10, 0x4C, 0x22, 0x64, 0x62, 0x22, 0x42, 0x02,
  0x00, 0x00, 0x13, 0xFE, 0x10, 0x20, 0x10, 0x20, 0x15, 0xFC, 0x55, 0x04,
  0x59, 0xFC, 0x51, 0x04, 0x11, 0x04, 0x11, 0xFC, 0x19, 0x04, 0x1D, 0xFC,
  0x24, 0x48, 0x60, 0x8C, 0x43, 0x06, 0x02, 0x00, 0x00, 0x20, 0x10, 0x20,
  0x11, 0xFC, 0x11, 0x04, 0x55, 0xFC, 0x55, 0x04, 0x59, 0xFC, 0x51, 0x04,
  0x11, 0xFC, 0x10, 0x40, 0x10, 0x20, 0x18, 0x90, 0x26, 0x84, 0x22, 0x82,
  0x62, 0x8A, 0x40, 0xF8, 0x00, 0x00, 0x08, 0x20, 0x3E, 0x20, 0x08, 0x20,
  0x08, 0xFC, 0x7F, 0x24, 0x14, 0x24, 0x27, 0xE4, 0x08, 0x74, 0x7F, 0x7C,
  0x08, 0x44, 0x0F, 0xC4, 0x7D, 0x86, 0x00, 0x00, 0x32, 0x4C, 0x22, 0x66,
  0x42, 0x02, 0x00, 0x00, 0x13, 0xDC, 0x10, 0x58, 0x17, 0x8E, 0x55, 0x8C,
  0x59, 0xFE, 0x56, 0x02, 0x11, 0xFC, 0x11, 0x04, 0x11, 0x04, 0x11, 0xFC,
  0x38, 0x08, 0x24, 0x88, 0x60, 0x90, 0x43, 0xFE, 0x00, 0x00, 0x00, 0x00,
  0x11, 0xF8, 0x11, 0x08, 0x15, 0xF8, 0x50, 0x00, 0x5B, 0xDE, 0x5A, 0x52,
  0x52, 0x52, 0x13, 0xFE, 0x10, 0x20, 0x33, 0xFE, 0x38, 0x70, 0x28, 0xA8,
  0x63, 0x2C, 0x46, 0x22, 0x00, 0x20, 0x08, 0x20, 0x48, 0x20, 0x4B, 0xFE,
  0x49, 0x24, 0x49, 0x2C, 0x7A, 0xBE, 0x08, 0x20, 0x0F, 0xFE, 0x08, 0x00,
  0x7B, 0xFE, 0x6A, 0x02, 0x4A, 0x72, 0x4A, 0x72, 0x4A, 0x02, 0x4B, 0xFE,
  0x08, 0x00, 0x00, 0x40, 0x10, 0x40, 0x10, 0x40, 0x10, 0x40, 0x10, 0x40,
  0x1F, 0xFC, 0x10, 0x00, 0x10, 0x00, 0x10, 0x00, 0x1F, 0xF0, 0x10, 0x10,
  0x30, 0x10, 0x20, 0x10, 0x20, 0x10, 0x60, 0x10, 0x40, 0x10, 0x00, 0x00,
  0x24, 0xFE, 0x24, 0x80, 0x24, 0x80, 0x2C, 0x80, 0x3E, 0xFE, 0x20, 0xC6,
  0x20, 0xC4, 0x20, 0xA4, 0x3C, 0xA4, 0x24, 0xAC, 0x65, 0x18, 0x45, 0x18,
  0x45, 0x3C, 0x47, 0x66, 0x04, 0x00, 0x00, 0x00, 0x08, 0x80, 0x68, 0x80,
  0x58, 0xFE, 0x7D, 0x2A, 0x49, 0x4A, 0x4A, 0x4A, 0x08, 0xD2, 0x1E, 0x92,
  0x79, 0xB2, 0x0B, 0x22, 0x08, 0x66, 0x08, 0x44, 0x08, 0x84, 0x09, 0x1C,
  0x00, 0x00, 0x04, 0x20, 0x44, 0x28, 0x44, 0x24, 0x44, 0x22, 0x44, 0x20,
  0x7F, 0xFE, 0x04, 0x20, 0x04, 0x20, 0x04, 0x30, 0x7C, 0x70, 0x24, 0x50,
  0x24, 0x58, 0x24, 0xC8, 0x65, 0x8C, 0x47, 0x06, 0x06, 0x02, 0x00, 0x00,
  0x24, 0x00, 0x3D, 0xFE, 0x18, 0x20, 0x18, 0x20, 0x68, 0x20, 0x48, 0x20,
  0x0C, 0x20, 0x1D, 0xFE, 0x3C, 0x20, 0x64, 0x20, 0x4C, 0x20, 0x0C, 0x20,
  0x08, 0x20, 0x3B, 0xFE, 0x00, 0x00, 0x7D, 0xFE, 0x11, 0x06, 0x11, 0x06,
  0x11, 0xFE, 0x11, 0x06, 0x7D, 0xFE, 0x11, 0x06, 0x11, 0x06, 0x11, 0xFE,
  0x1C, 0xD0, 0x3C, 0x90, 0x60, 0x90, 0x01, 0x92, 0x03, 0x12, 0x06, 0x1E,
  0x00, 0x00, 0x7D, 0xFE, 0x11, 0x26, 0x11, 0x22, 0x11, 0xFE, 0x11, 0x22,
  0x79, 0x22, 0x11, 0x26, 0x11, 0xFE, 0x10, 0x20, 0x10, 0x20, 0x13, 0xFE,
  0x78, 0x20, 0x40, 0x20, 0x07, 0xFE, 0x00, 0x00, 0x7F, 0xFE, 0x12, 0x52,
  0x13, 0xFE, 0x10, 0x00, 0x13, 0xFE, 0x78, 0x00, 0x11, 0xFC, 0x11, 0x04,
  0x11, 0x04, 0x15, 0xFC, 0x3C, 0x62, 0x61, 0xDC, 0x07, 0x48, 0x04, 0x4E,
  0x00, 0x42, 0x00, 0x00, 0x09, 0x80, 0x19, 0x80, 0x11, 0x80, 0x1F, 0xFC,
  0x21, 0x80, 0x61, 0x80, 0x41, 0x80, 0x01, 0x80, 0x1F, 0xFC, 0x01, 0x80,
  0x01, 0x80, 0x01, 0x80, 0x01, 0x80, 0x7F, 0xFE, 0x00, 0x00, 0x00, 0x00,
  0x01, 0x80, 0x3F, 0xFC, 0x06, 0x60, 0x03, 0xC0, 0x0C, 0x30, 0x3F, 0xFE,
  0x20, 0x40, 0x24, 0x40, 0x27, 0xFC, 0x28, 0x40, 0x27, 0xFC, 0x20, 0x40,
  0x40, 0x40, 0x4F, 0xFE, 0x00, 0x00, 0x00, 0x00, 0x3F, 0xFC, 0x31, 0x84,
  0x31, 0x84, 0x3F, 0xFC, 0x31, 0x84, 0x31, 0x84, 0x31, 0x84, 0x3F, 0xFC,
  0x21, 0x84, 0x21, 0x84, 0x21, 0x84, 0x21, 0x84, 0x41, 0x84, 0x40, 0xBC,
  0x00, 0x00, 0x3F, 0xFC, 0x21, 0x84, 0x21, 0x04, 0x3F, 0xFC, 0x21, 0x04,
  0x21, 0x04, 0x21, 0x84, 0x3F, 0xFC, 0x21, 0x04, 0x21, 0x04, 0x21, 0x1C,
  0x01, 0x00, 0x01, 0x82, 0x00, 0xFE, 0x00, 0x00, 0x00, 0x00, 0x01, 0x80,
  0x01, 0x80, 0x01, 0x80, 0x3F, 0xFC, 0x21, 0x84, 0x21, 0x84, 0x21, 0x84,
  0x21, 0x84, 0x3F, 0xFC, 0x21, 0x84, 0x21, 0x84, 0x21, 0x84, 0x21, 0x84,
  0x3F, 0xFC, 0x20, 0x04, 0x02, 0x00, 0x0E, 0xFE, 0x30, 0x26, 0x20, 0x26,
  0x26, 0x64, 0x22, 0x44, 0x3F, 0xC4, 0x71, 0x9C, 0x00, 0x00, 0x1F, 0xF8,
  0x11, 0x88, 0x1F, 0xF8, 0x11, 0x88, 0x11, 0x88, 0x1F, 0xF8, 0x10, 0x08,
  0x01, 0x00, 0x1F, 0xF8, 0x01, 0x88, 0x7F, 0xFE, 0x01, 0x88, 0x1F, 0xF8,
  0x3F, 0xFC, 0x01, 0x80, 0x7F, 0xFE, 0x00, 0x00, 0x1F, 0xF8, 0x1F, 0xF8,
  0x11, 0x88, 0x1F, 0xF8, 0x7F, 0xFE, 0x00, 0x00, 0x11, 0x88, 0x09, 0x90,
  0x7F, 0xFE, 0x40, 0x02, 0x4F, 0xF2, 0x08, 0x10, 0x08, 0x10, 0x0F, 0xF0,
  0x00, 0x00, 0x3F, 0xFC, 0x31, 0x84, 0x3F, 0xFC, 0x31, 0x84, 0x3F, 0xFC,
  0x00, 0x00, 0x00, 0x80, 0x00, 0x80, 0x1F, 0xFE, 0x50, 0x80, 0x50, 0x80,
  0x31, 0x80, 0x31, 0xF0, 0x13, 0x10, 0x12, 0x10, 0x74, 0x30, 0x50, 0x70,
  0x10, 0x58, 0x30, 0x88, 0x21, 0x8C, 0x66, 0x06, 0x04, 0x02, 0x00, 0x80,
  0x00, 0x80, 0x1F, 0xFE, 0x10, 0x00, 0x50, 0x60, 0x53, 0xFE, 0x32, 0x64,
  0x12, 0x60, 0x17, 0xFC, 0x77, 0x88, 0x14, 0x88, 0x34, 0xD0, 0x24, 0x70,
  0x2C, 0x70, 0x6B, 0x9E, 0x02, 0x00, 0x00, 0x80, 0x00, 0x80, 0x1F, 0xFE,
  0x10, 0x00, 0x53, 0xFC, 0x51, 0x18, 0x10, 0xE0, 0x17, 0xFC, 0x14, 0x44,
  0x74, 0x44, 0x57, 0xFC, 0x14, 0x44, 0x27, 0xFC, 0x24, 0x44, 0x64, 0x44,
  0x04, 0x4C, 0x00, 0x00, 0x3E, 0xD8, 0x02, 0x70, 0x24, 0x24, 0x1C, 0x38,
  0x1F, 0xF8, 0x60, 0x06, 0x4F, 0xF0, 0x08, 0x10, 0x08, 0x10, 0x08, 0x10,
  0x0F, 0xF0, 0x04, 0x20, 0x04, 0x20, 0x7F, 0xFE, 0x00, 0x00, 0x00, 0x80,
  0x3E, 0xD0, 0x26, 0x62, 0x1C, 0x2C, 0x18, 0x18, 0x7E, 0xFE, 0x02, 0x90,
  0x02, 0x90, 0x3F, 0x8C, 0x21, 0x00, 0x20, 0xF8, 0x3E, 0x88, 0x06, 0x58,
  0x04, 0x30, 0x04, 0x78, 0x1D, 0x8E, 0x01, 0x00, 0x01, 0x00, 0x03, 0x00,
  0x3F, 0xFC, 0x30, 0x0C, 0x30, 0x0C, 0x30, 0x0C, 0x30, 0x0C, 0x3F, 0xFC,
  0x30, 0x0C, 0x30, 0x0C, 0x30, 0x0C, 0x30, 0x0C, 0x3F, 0xFC, 0x30, 0x0C,
  0x00, 0x00, 0x08, 0x00, 0x08, 0x40, 0x10, 0x40, 0x7E, 0x7E, 0x62, 0x82,
  0x62, 0x82, 0x63, 0x82, 0x62, 0x42, 0x7E, 0x66, 0x62, 0x26, 0x62, 0x14,
  0x62, 0x04, 0x62, 0x04, 0x7E, 0x04, 0x60, 0x3C, 0x00, 0x00, 0x00, 0x20,
  0x7F, 0x20, 0x48, 0x60, 0x7F, 0x7E, 0x41, 0xC0, 0x7F, 0x00, 0x48, 0x00,
  0x48, 0x7E, 0x7F, 0x00, 0x00, 0x00, 0x1F, 0xF8, 0x12, 0x4C, 0x12, 0x4C,
  0x12, 0x4C, 0x7F, 0xFE, 0x00, 0x00, 0x08, 0x00, 0x3E, 0x78, 0x22, 0x48,
  0x2A, 0x4A, 0x2A, 0x8E, 0x7F, 0xFC, 0x22, 0x4C, 0x2A, 0x38, 0x6A, 0x78,
  0x46, 0xC6, 0x00, 0x00, 0x1F, 0xF8, 0x12, 0x48, 0x12, 0x48, 0x7F, 0xFE,
  0x1F, 0xF8, 0x10, 0x08, 0x10, 0x08, 0x10, 0x08, 0x1F, 0xF8, 0x10, 0x08,
  0x10, 0x08, 0x10, 0x08, 0x1F, 0xF8, 0x10, 0x08, 0x10, 0x08, 0x10, 0x08,
  0x1F, 0xF8, 0x10, 0x08, 0x00, 0x00, 0x00, 0x80, 0x00, 0x80, 0x7F, 0xFE,
  0x01, 0x80, 0x07, 0xF8, 0x24, 0x08, 0x24, 0x08, 0x27, 0xF8, 0x24, 0x08,
  0x27, 0xF8, 0x24, 0x08, 0x27, 0xF8, 0x20, 0x00, 0x20, 0x00, 0x3F, 0xFE,
  0x20, 0x00, 0x08, 0x00, 0x18, 0xFE, 0x18, 0x86, 0x18, 0x82, 0x7E, 0x82,
  0x18, 0xFE, 0x18, 0x82, 0x3C, 0x82, 0x3C, 0x82, 0x3A, 0xFE, 0x58, 0x82,
  0x58, 0x82, 0x18, 0x82, 0x18, 0x82, 0x18, 0xFE, 0x08, 0x82, 0x00, 0x08,
  0x3F, 0xF0, 0x03, 0x00, 0x3F, 0xFC, 0x02, 0x00, 0x06, 0x00, 0x7F, 0xFE,
  0x0C, 0x00, 0x0F, 0xF8, 0x18, 0x08, 0x6F, 0xF8, 0x48, 0x08, 0x0F, 0xF8,
  0x08, 0x08, 0x0F, 0xF8, 0x08, 0x08, 0x7D, 0xFC, 0x45, 0x04, 0x45, 0x04,
  0x45, 0xFC, 0x7D, 0x04, 0x45, 0x04, 0x45, 0xFC, 0x7D, 0x20, 0x45, 0x16,
  0x45, 0x1C, 0x45, 0x18, 0x7D, 0x08, 0x41, 0xFC, 0x03, 0xC6, 0x00, 0x00,
  0x00, 0x20, 0x7D, 0xFE, 0x44, 0x20, 0x44, 0x20, 0x45, 0xFC, 0x7C, 0x20,
  0x47, 0xFE, 0x44, 0x00, 0x7D, 0xFC, 0x45, 0x24, 0x45, 0x24, 0x45, 0xFC,
  0x7D, 0x04, 0x41, 0x04, 0x01, 0x04, 0x01, 0x0C, 0x00, 0x04, 0x7B, 0xF0,
  0x48, 0x20, 0x48, 0x20, 0x4B, 0xFE, 0x79, 0x24, 0x49, 0x24, 0x4F, 0xFE,
  0x7D, 0x24, 0x49, 0x24, 0x49, 0x24, 0x4B, 0xFE, 0x78, 0x20, 0x40, 0x20,
  0x03, 0xFE, 0x00, 0x00, 0x00, 0x00, 0x30, 0x00, 0x20, 0x7C, 0x3F, 0x44,
  0x68, 0x44, 0x48, 0x44, 0x08, 0x44, 0x7F, 0x44, 0x08, 0x44, 0x08, 0x44,
  0x0C, 0x44, 0x16, 0x44, 0x13, 0x44, 0x21, 0x7C, 0x60, 0x44, 0x40, 0x00,
  0x00, 0x20, 0x7E, 0x20, 0x11, 0xFE, 0x30, 0x00, 0x20, 0x88, 0x20, 0x88,
  0x3D, 0xDC, 0x65, 0x56, 0x67, 0x22, 0x64, 0x20, 0x64, 0x20, 0x27, 0xFE,
  0x3C, 0x20, 0x20, 0x20, 0x20, 0x20, 0x00, 0x20, 0x00, 0x20, 0x7C, 0x20,
  0x13, 0xFE, 0x31, 0x42, 0x20, 0xCA, 0x20, 0x90, 0x3D, 0xFE, 0x67, 0x90,
  0x64, 0xFE, 0x64, 0x90, 0x24, 0x90, 0x24, 0xFE, 0x3C, 0x90, 0x20, 0x90,
  0x20, 0xFE, 0x00, 0x80, 0x7F, 0xFE, 0x11, 0x10, 0x31, 0x10, 0x21, 0xFC,
  0x21, 0x10, 0x3D, 0xFC, 0x65, 0x10, 0x65, 0x10, 0x65, 0xFE, 0x24, 0x02,
  0x25, 0x2A, 0x25, 0x56, 0x3F, 0x52, 0x22, 0x06, 0x00, 0x1C, 0x08, 0x00,
  0x7F, 0x78, 0x08, 0x48, 0x3E, 0xCE, 0x3E, 0xFC, 0x2A, 0x4C, 0x2A, 0x38,
  0x7E, 0xFC, 0x40, 0x86, 0x7F, 0xFE, 0x04, 0x00, 0x0C, 0x00, 0x1F, 0xFC,
  0x68, 0x04, 0x0F, 0xFC, 0x08, 0x00, 0x00, 0x88, 0x7C, 0x88, 0x33, 0xFE,
  0x31, 0x8C, 0x21, 0xDC, 0x22, 0xAA, 0x3E, 0x88, 0x24, 0x00, 0x67, 0xFE,
  0x64, 0x22, 0x65, 0x20, 0x25, 0x3C, 0x3D, 0xA0, 0x23, 0xE0, 0x06, 0x3E,
  0x00, 0x00, 0x00, 0x00, 0x3F, 0xFC, 0x00, 0x00, 0x00, 0x00, 0x00, 0x00,
  0x7F, 0xFE, 0x01, 0x80, 0x01, 0x80, 0x19, 0x90, 0x11, 0x88, 0x31, 0x8C,
  0x21, 0x84, 0x41, 0x86, 0x01, 0x80, 0x07, 0x00, 0x10, 0x20, 0x10, 0x20,
  0x10, 0x20, 0x7D, 0xFE, 0x05, 0x22, 0x0D, 0x22, 0x19, 0x22, 0x19, 0xFE,
  0x3D, 0x22, 0x77, 0x22, 0x51, 0xFE, 0x11, 0x22, 0x10, 0x20, 0x10, 0x20,
  0x10, 0x20, 0x10, 0x20, 0x00, 0x00, 0x3C, 0x30, 0x78, 0x30, 0x18, 0xB4,
  0x18, 0xB4, 0x7F, 0xB6, 0x19, 0x32, 0x19, 0x32, 0x3C, 0x30, 0x3C, 0x34,
  0x78, 0x64, 0x58, 0x08, 0x18, 0x18, 0x18, 0x30, 0x19, 0xC0, 0x01, 0x00,
  0x00, 0x20, 0x1C, 0x60, 0x78, 0x7C, 0x19, 0x84, 0x19, 0x48, 0x7E, 0x30,
  0x18, 0x70, 0x19, 0xB0, 0x3C, 0x3E, 0x3E, 0xC6, 0x59, 0xC4, 0x58, 0x3C,
  0x18, 0x18, 0x18, 0x70, 0x19, 0xC0, 0x00, 0x00, 0x00, 0x00, 0x1D, 0xFC,
  0x79, 0x04, 0x19, 0x04, 0x19, 0x04, 0x7F, 0xFC, 0x18, 0x00, 0x18, 0x00,
  0x3D, 0xFE, 0x3E, 0x20, 0x58, 0x20, 0x59, 0xFE, 0x18, 0x20, 0x18, 0x20,
  0x1B, 0xFE, 0x00, 0x00, 0x00, 0x20, 0x3C, 0xA4, 0x78, 0xA4, 0x19, 0x22,
  0x18, 0x22, 0x7F, 0xFE, 0x19, 0x86, 0x19, 0x06, 0x3D, 0xFE, 0x3F, 0x06,
  0x59, 0x86, 0x59, 0xFE, 0x19, 0x06, 0x19, 0x06, 0x19, 0x06, 0x01, 0x0C,
  0x00, 0x00, 0x04, 0x04, 0x7D, 0xF8, 0x58, 0x20, 0x1B, 0xFE, 0x18, 0x20,
  0x7F, 0xFE, 0x19, 0x22, 0x19, 0x22, 0x3D, 0xFE, 0x3F, 0x22, 0x59, 0xFE,
  0x58, 0x20, 0x19, 0xFE, 0x18, 0x20, 0x1B, 0xFE, 0x00, 0x00, 0x00, 0x00,
  0x3D, 0xF0, 0x71, 0x04, 0x11, 0x26, 0x13, 0x22, 0x7C, 0x20, 0x11, 0xFE,
  0x39, 0x26, 0x39, 0x26, 0x35, 0xFE, 0x51, 0x26, 0x53, 0xFE, 0x11, 0x06,
  0x11, 0x06, 0x11, 0x06, 0x11, 0x0C, 0x00, 0x00, 0x01, 0x80, 0x7F, 0xFE,
  0x66, 0x46, 0x46, 0x42, 0x04, 0x40, 0x0C, 0x46, 0x38, 0x7C, 0x20, 0x00,
  0x00, 0x00, 0x1F, 0xFC, 0x01, 0x80, 0x01, 0x80, 0x01, 0x80, 0x7F, 0xFE,
  0x00, 0x00, 0x00, 0x00, 0x01, 0x80, 0x7F, 0xFE, 0x44, 0x46, 0x38, 0x7C,
  0x00, 0x00, 0x3F, 0xFC, 0x04, 0x20, 0x0C, 0x18, 0x3F, 0xFC, 0x01, 0x84,
  0x01, 0x80, 0x1F, 0xFC, 0x01, 0x80, 0x7F, 0xFE, 0x00, 0x00, 0x01, 0x80,
  0x01, 0x80, 0x01, 0x80, 0x7F, 0xFE, 0x00, 0x00, 0x08, 0x10, 0x08, 0x10,
  0x08, 0x10, 0x0C, 0x30, 0x04, 0x20, 0x04, 0x20, 0x04, 0x60, 0x00, 0x40,
  0x7F, 0xFE, 0x00, 0x20, 0x11, 0x22, 0x11, 0x22, 0x11, 0x22, 0x7D, 0xFE,
  0x00, 0x00, 0x4B, 0xFE, 0x28, 0x20, 0x28, 0x20, 0x29, 0xFE, 0x29, 0x52,
  0x1F, 0x52, 0x79, 0x52, 0x41, 0x52, 0x01, 0x52, 0x01, 0x46, 0x10, 0x40,
  0x30, 0x40, 0x3F, 0xFE, 0x68, 0x90, 0x45, 0x10, 0x08, 0x08, 0x18, 0x08,
  0x17, 0xFE, 0x30, 0x08, 0x70, 0x08, 0x51, 0x08, 0x11, 0x88, 0x10, 0x88,
  0x10, 0x08, 0x10, 0x08, 0x10, 0x70, 0x00, 0x00, 0x10, 0x40, 0x10, 0x40,
  0x3F, 0xFE, 0x69, 0x10, 0x41, 0x80, 0x1F, 0xF8, 0x01, 0x88, 0x7F, 0xFE,
  0x01, 0x88, 0x1F, 0xF8, 0x01, 0x80, 0x3F, 0xFC, 0x01, 0x80, 0x7F, 0xFE,
  0x01, 0x80, 0x00, 0x00, 0x10, 0x40, 0x30, 0x40, 0x3F, 0xFE, 0x69, 0x90,
  0x01, 0x80, 0x3F, 0xFC, 0x01, 0x80, 0x01, 0x80, 0x7F, 0xFE, 0x00, 0x10,
  0x00, 0x10, 0x7F, 0xFE, 0x08, 0x10, 0x04, 0x10, 0x02, 0x10, 0x00, 0xE0,
  0x10, 0x40, 0x10, 0x40, 0x3F, 0xFE, 0x69, 0x90, 0x41, 0x10, 0x3E, 0x20,
  0x22, 0x20, 0x22, 0xFE, 0x3E, 0x22, 0x22, 0x26, 0x22, 0x26, 0x3E, 0x26,
  0x22, 0x44, 0x22, 0x44, 0x42, 0x84, 0x4F, 0x1C, 0x00, 0x00, 0x00, 0x40,
  0x30, 0x40, 0x3F, 0xFE, 0x69, 0x90, 0x08, 0x00, 0x7F, 0x7E, 0x08, 0x46,
  0x7F, 0x46, 0x49, 0x46, 0x7F, 0x46, 0x49, 0x4C, 0x3F, 0x40, 0x08, 0x42,
  0x7F, 0xC2, 0x08, 0x7E, 0x08, 0x00, 0x10, 0x00, 0x10, 0x40, 0x3F, 0xFE,
  0x6C, 0x98, 0x51, 0x20, 0x3B, 0xA4, 0x2A, 0xA0, 0x7F, 0xFE, 0x0A, 0x20,
  0x3B, 0xB4, 0x3B, 0x94, 0x0A, 0x18, 0x3B, 0x98, 0x0A, 0x38, 0x7F, 0xEA,
  0x00, 0x46, 0x10, 0x00, 0x10, 0xFE, 0x24, 0x06, 0x64, 0x06, 0x68, 0x06,
  0x38, 0x06, 0x14, 0x06, 0x22, 0xFE, 0x7E, 0x86, 0x09, 0x80, 0x08, 0x80,
  0x6A, 0x80, 0x4A, 0x80, 0x48, 0x82, 0x08, 0x82, 0x08, 0x7E, 0x00, 0x00,
  0x10, 0x40, 0x10, 0xC0, 0x24, 0x80, 0x68, 0xFE, 0x29, 0x02, 0x33, 0x02,
  0x16, 0x02, 0x24, 0x02, 0x7E, 0x42, 0x12, 0x62, 0x14, 0x22, 0x54, 0x26,
  0x52, 0x06, 0x52, 0x04, 0x10, 0x04, 0x10, 0x3C, 0x00, 0x00, 0x00, 0x00,
  0x01, 0x80, 0x7F, 0xFE, 0x01, 0x80, 0x01, 0x80, 0x7F, 0xFE, 0x42, 0x02,
  0x44, 0x62, 0x1C, 0x80, 0x07, 0x18, 0x07, 0xFC, 0x7F, 0x80, 0x09, 0xB0,
  0x31, 0x8C, 0x61, 0x86, 0x01, 0x00, 0x10, 0x40, 0x10, 0x40, 0x24, 0xFC,
  0x69, 0x8C, 0x6B, 0xC8, 0x32, 0x78, 0x10, 0x30, 0x24, 0x70, 0x7C, 0xCC,
  0x13, 0x06, 0x14, 0x30, 0x54, 0x18, 0x52, 0x00, 0x50, 0xE0, 0x10, 0x18,
  0x10, 0x04, 0x10, 0x00, 0x10, 0xFC, 0x20, 0x84, 0x6C, 0x84, 0x68, 0x84,
  0x38, 0x84, 0x14, 0xFC, 0x24, 0x84, 0x7E, 0x84, 0x12, 0x84, 0x54, 0xFC,
  0x54, 0x84, 0x52, 0x84, 0x50, 0x84, 0x13, 0xFE, 0x10, 0x00, 0x10, 0x00,
  0x10, 0x30, 0x24, 0x30, 0x69, 0xFE, 0x78, 0x30, 0x30, 0x30, 0x05, 0xFE,
  0x3E, 0x00, 0x72, 0x00, 0x10, 0xFE, 0x54, 0x86, 0x52, 0x86, 0x52, 0x86,
  0x50, 0x86, 0x10, 0xFE, 0x10, 0x80, 0x10, 0x00, 0x11, 0xFE, 0x20, 0x64,
  0x6C, 0x44, 0x68, 0x9C, 0x33, 0x80, 0x11, 0xFE, 0x25, 0x02, 0x7D, 0x02,
  0x13, 0x32, 0x15, 0xFE, 0x55, 0x02, 0x53, 0x00, 0x51, 0x02, 0x11, 0x82,
  0x10, 0xFE, 0x10, 0x20, 0x10, 0x70, 0x20, 0x58, 0x6C, 0x88, 0x69, 0x84,
  0x33, 0x06, 0x16, 0xFA, 0x24, 0x00, 0x7C, 0x00, 0x11, 0xFC, 0x55, 0x84,
  0x55, 0x04, 0x53, 0x04, 0x51, 0x84, 0x11, 0xFC, 0x10, 0x04, 0x00, 0x20,
  0x10, 0x20, 0x20, 0x20, 0x2F, 0xFE, 0x68, 0x40, 0x30, 0x8C, 0x10, 0xFE,
  0x27, 0x82, 0x7C, 0x00, 0x10, 0xD8, 0x54, 0x98, 0x54, 0x98, 0x54, 0x98,
  0x50, 0x9A, 0x11, 0x1A, 0x12, 0x0E, 0x00, 0x00, 0x10, 0x00, 0x11, 0xFE,
  0x20, 0x00, 0x6C, 0xB4, 0x69, 0x24, 0x31, 0x68, 0x31, 0x48, 0x25, 0x24,
  0x7C, 0xB4, 0x10, 0x00, 0x55, 0xFE, 0x54, 0x20, 0x54, 0x20, 0x50, 0x20,
  0x13, 0xFE, 0x10, 0x00, 0x10, 0x00, 0x11, 0xFE, 0x25, 0x02, 0x69, 0x4A,
  0x39, 0x52, 0x31, 0xFA, 0x35, 0x22, 0x27, 0x22, 0x7F, 0xFA, 0x13, 0x42,
  0x55, 0x42, 0x57, 0x42, 0x57, 0x7A, 0x51, 0x02, 0x11, 0x02, 0x11, 0x0E,
  0x00, 0x00, 0x00, 0x00, 0x33, 0xFE, 0x20, 0x44, 0x69, 0xD4, 0x49, 0x8C,
  0x31, 0xDE, 0x39, 0x32, 0x2C, 0x00, 0x7F, 0xFE, 0x10, 0x52, 0x52, 0x54,
  0x55, 0x9C, 0x54, 0x88, 0x51, 0x5C, 0x13, 0x36, 0x10, 0x22, 0x00, 0x00,
  0x7F, 0xFE, 0x48, 0x44, 0x7F, 0x44, 0x41, 0x28, 0x7F, 0x38, 0x48, 0x7C,
  0x7F, 0x86, 0x06, 0x60, 0x1C, 0xC0, 0x07, 0x18, 0x7F, 0xFC, 0x01, 0x82,
  0x19, 0x98, 0x61, 0x86, 0x00, 0x00, 0x10, 0x40, 0x10, 0x46, 0x25, 0xFC,
  0x68, 0x4C, 0x38, 0x48, 0x33, 0xFE, 0x34, 0x20, 0x24, 0x40, 0x7C, 0xFC,
  0x13, 0x84, 0x56, 0x84, 0x54, 0xFC, 0x54, 0x84, 0x50, 0x84, 0x10, 0xFC,
  0x10, 0x84, 0x10, 0x20, 0x10, 0x20, 0x25, 0xFE, 0x69, 0x02, 0x79, 0xFE,
  0x31, 0x02, 0x25, 0x02, 0x3D, 0xFE, 0x72, 0x20, 0x13, 0xF2, 0x54, 0xFC,
  0x54, 0xB8, 0x51, 0xA8, 0x53, 0x24, 0x12, 0x22, 0x10, 0x60, 0x10, 0x00,
  0x13, 0xFE, 0x20, 0x00, 0x68, 0x00, 0x69, 0xFE, 0x31, 0x06, 0x31, 0xFE,
  0x25, 0x00, 0x7D, 0x00, 0x15, 0xFE, 0x15, 0xAA, 0x57, 0xFE, 0x57, 0xAA,
  0x52, 0xAA, 0x16, 0xAA, 0x10, 0xAE, 0x10, 0x20, 0x10, 0x20, 0x23, 0xFE,
  0x6A, 0x02, 0x68, 0x00, 0x30, 0xFE, 0x31, 0x98, 0x25, 0x10, 0x7F, 0x7E,
  0x13, 0x42, 0x51, 0x42, 0x55, 0x7E, 0x55, 0x42, 0x51, 0x42, 0x11, 0x7E,
  0x11, 0x02, 0x10, 0x20, 0x10, 0x20, 0x21, 0xFE, 0x69, 0x22, 0x69, 0x7A,
  0x31, 0x72, 0x31, 0x3A, 0x25, 0x42, 0x7D, 0xFE, 0x14, 0x40, 0x10, 0x30,
  0x54, 0x10, 0x55, 0x44, 0x51, 0x42, 0x12, 0x4A, 0x10, 0x78, 0x00, 0x20,
  0x32, 0x22, 0x22, 0x22, 0x6B, 0xFE, 0x48, 0x00, 0x30, 0x00, 0x3B, 0xDE,
  0x2A, 0x52, 0x7F, 0xDE, 0x16, 0x52, 0x12, 0x52, 0x57, 0xDE, 0x56, 0x52,
  0x52, 0x52, 0x12, 0x62, 0x14, 0xE6, 0x02, 0x00, 0x22, 0x88, 0x22, 0x94,
  0x6A, 0xCC, 0x52, 0xAA, 0x33, 0xFE, 0x3A, 0x00, 0x2B, 0xFE, 0x7E, 0x88,
  0x16, 0xB8, 0x5A, 0xCC, 0x56, 0x0C, 0x56, 0xEE, 0x52, 0x00, 0x13, 0xFE,
  0x12, 0x00, 0x10, 0x20, 0x13, 0xFE, 0x20, 0x20, 0x69, 0xFC, 0x69, 0xFE,
  0x31, 0x52, 0x39, 0x82, 0x25, 0xFE, 0x7D, 0xFC, 0x11, 0x04, 0x55, 0xFC,
  0x55, 0xFC, 0x55, 0x04, 0x51, 0xFC, 0x11, 0x8C, 0x12, 0x02, 0x20, 0x20,
  0x20, 0x20, 0x7E, 0x20, 0x58, 0xFC, 0x48, 0x24, 0x08, 0x24, 0x7E, 0x24,
  0x18, 0x24, 0x4B, 0xFE, 0x4A, 0x30, 0x4A, 0x30, 0x4A, 0x48, 0x7E, 0xC8,
  0x42, 0x84, 0x41, 0x06, 0x00, 0x00, 0x3F, 0xFC, 0x22, 0x44, 0x3F, 0xFC,
  0x00, 0x80, 0x7F, 0xFE, 0x01, 0x00, 0x07, 0xF8, 0x24, 0x0C, 0x27, 0xFC,
  0x27, 0xFC, 0x24, 0x0C, 0x27, 0xFC, 0x20, 0x00, 0x3F, 0xFE, 0x20, 0x00,
  0x08, 0x10, 0x0C, 0x20, 0x3F, 0xFC, 0x01, 0x80, 0x01, 0x80, 0x3F, 0xFC,
  0x01, 0x80, 0x7F, 0xFE, 0x08, 0x00, 0x0F, 0xF8, 0x18, 0x88, 0x10, 0x88,
  0x37, 0xFE, 0x21, 0x18, 0x4F, 0xFE, 0x00, 0x00, 0x7E, 0xFC, 0x22, 0x44,
  0x12, 0x24, 0x02, 0x04, 0x1A, 0x34, 0x72, 0xC4, 0x07, 0x0C, 0x01, 0x00,
  0x1F, 0xF8, 0x10, 0x08, 0x1F, 0xF8, 0x10, 0x08, 0x10, 0x08, 0x1F, 0xF8,
  0x10, 0x08, 0x02, 0x00, 0x7C, 0xFE, 0x2A, 0x22, 0x2A, 0x22, 0x7F, 0xAA,
  0x1C, 0x6A, 0x3A, 0x66, 0x69, 0x22, 0x48, 0x22, 0x7E, 0x66, 0x49, 0x6E,
  0x7F, 0xB2, 0x49, 0x22, 0x49, 0x22, 0x7F, 0x22, 0x40, 0x6E, 0x03, 0x00,
  0x03, 0x04, 0x3F, 0xF8, 0x03, 0x10, 0x03, 0x30, 0x03, 0x60, 0x7F, 0xFE,
  0x03, 0x00, 0x06, 0x00, 0x1F, 0xF8, 0x68, 0x08, 0x0F, 0xF8, 0x08, 0x08,
  0x08, 0x08, 0x0F, 0xF8, 0x00, 0x08, 0x7F, 0xFE, 0x01, 0x80, 0x01, 0x00,
  0x01, 0x00, 0x3F, 0xFC, 0x26, 0x44, 0x26, 0x44, 0x26, 0x44, 0x26, 0x44,
  0x26, 0x44, 0x26, 0x44, 0x26, 0x44, 0x26, 0x44, 0x26, 0x44, 0x20, 0x1C,
  0x00, 0x00, 0x08, 0x00, 0x7F, 0x78, 0x3E, 0x4E, 0x00, 0x80, 0x3E, 0x7C,
  0x28, 0x28, 0x7E, 0x38, 0x40, 0xC6, 0x7F, 0xFE, 0x10, 0x08, 0x1F, 0xF8,
  0x10, 0x08, 0x1F, 0xF8, 0x10, 0x0E, 0x7F, 0xF8, 0x00, 0x00, 0x00, 0x00,
  0x7E, 0x20, 0x25, 0xFE, 0x3C, 0x20, 0x25, 0xFE, 0x3D, 0x02, 0x25, 0x02,
  0x3D, 0xFE, 0x44, 0x00, 0x7D, 0xFE, 0x24, 0x60, 0x24, 0x30, 0x75, 0x44,
  0x25, 0x42, 0x7F, 0x4A, 0x04, 0x78, 0x7F, 0xFE, 0x00, 0x00, 0x3F, 0xFC,
  0x30, 0x04, 0x30, 0x04, 0x3F, 0xFC, 0x30, 0x00, 0x3F, 0xFC, 0x2C, 0x04,
  0x2F, 0xFC, 0x2C, 0x04, 0x2F, 0xFC, 0x6C, 0x04, 0x4C, 0x04, 0x0C, 0x38,
  0x3F, 0xFC, 0x21, 0x84, 0x3F, 0xFC, 0x21, 0x84, 0x21, 0x84, 0x3F, 0xFC,
  0x00, 0x00, 0x1F, 0xF8, 0x10, 0x08, 0x1F, 0xF8, 0x10, 0x08, 0x1F, 0xF8,
  0x10, 0x08, 0x10, 0x08, 0x10, 0x78, 0x00, 0x00, 0x00, 0x40, 0x04, 0x44,
  0x7C, 0x7C, 0x04, 0x40, 0x1C, 0x42, 0x64, 0x7E, 0x00, 0x00, 0x1F, 0xF8,
  0x10, 0x08, 0x1F, 0xF8, 0x10, 0x08, 0x10, 0x08, 0x1F, 0xF8, 0x10, 0x08,
  0x10, 0x08, 0x10, 0x78, 0x00, 0x00, 0x3C, 0x80, 0x25, 0x80, 0x25, 0xFE,
  0x2F, 0x02, 0x3E, 0x22, 0x25, 0xAA, 0x25, 0x4A, 0x2D, 0x6A, 0x3D, 0x7A,
  0x65, 0x8A, 0x45, 0xFA, 0x45, 0x0A, 0x45, 0x06, 0x4C, 0x04, 0x58, 0x3C,
  0x00, 0x00, 0x00, 0x40, 0x10, 0x40, 0x32, 0x4C, 0x22, 0x78, 0x7F, 0x40,
  0x01, 0x42, 0x3E, 0x42, 0x22, 0x7E, 0x22, 0x40, 0x3E, 0x40, 0x22, 0x4C,
  0x3E, 0x70, 0x22, 0x40, 0x22, 0x42, 0x22, 0x42, 0x2E, 0x7E, 0x00, 0x00,
  0x00, 0x20, 0x3C, 0x20, 0x25, 0xFE, 0x24, 0x20, 0x24, 0x20, 0x3F, 0xFE,
  0x26, 0x02, 0x24, 0xFC, 0x24, 0x18, 0x3C, 0x10, 0x24, 0x20, 0x47, 0xFE,
  0x44, 0x20, 0x44, 0x20, 0x44, 0x20, 0x58, 0xE0, 0x00, 0x00, 0x00, 0x00,
  0x7A, 0x5E, 0x4A, 0x52, 0x4E, 0x52, 0x4C, 0x12, 0x79, 0x92, 0x49, 0x52,
  0x4A, 0x52, 0x4E, 0x32, 0x7F, 0xD2, 0x4A, 0x52, 0x4A, 0x52, 0x4A, 0x56,
  0x4A, 0x50, 0x4B, 0xD0, 0x1A, 0x50, 0x00, 0x00, 0x00, 0x00, 0x3C, 0x80,
  0x25, 0xFE, 0x25, 0x00, 0x27, 0xFC, 0x3D, 0x84, 0x25, 0xFC, 0x25, 0x84,
  0x25, 0xFC, 0x3C, 0x40, 0x24, 0xFC, 0x45, 0xCC, 0x46, 0x78, 0x44, 0x70,
  0x45, 0xCE, 0x5D, 0x02, 0x00, 0x00, 0x00, 0x00, 0x3B, 0x7E, 0x29, 0x46,
  0x28, 0x46, 0x2A, 0x7E, 0x39, 0x46, 0x28, 0x7E, 0x28, 0x50, 0x2F, 0x4A,
  0x79, 0x4C, 0x49, 0x4C, 0x49, 0x7C, 0x49, 0xC2, 0x4B, 0x80, 0x4E, 0x7E,
  0x58, 0x00, 0x00, 0x00, 0x00, 0x20, 0x3C, 0x20, 0x27, 0xFE, 0x24, 0x88,
  0x24, 0x88, 0x3F, 0xFE, 0x26, 0x22, 0x24, 0x20, 0x27, 0xFE, 0x3C, 0x40,
  0x24, 0x40, 0x44, 0x7C, 0x44, 0x84, 0x44, 0x84, 0x45, 0x0C, 0x5A, 0x38,
  0x00, 0x00, 0x00, 0x10, 0x3E, 0xFE, 0x22, 0x44, 0x3E, 0x48, 0x20, 0xFE,
  0x7E, 0x10, 0x62, 0xFE, 0x7E, 0x10, 0x0F, 0xF8, 0x18, 0x18, 0x1F, 0xF8,
  0x10, 0x08, 0x1F, 0xF8, 0x10, 0x08, 0x10, 0x08, 0x10, 0x78, 0x00, 0x60,
  0x38, 0x50, 0x28, 0x88, 0x29, 0x04, 0x2E, 0xFA, 0x38, 0x00, 0x2B, 0xDC,
  0x2A, 0x50, 0x2A, 0x50, 0x7A, 0x50, 0x4B, 0xDC, 0x48, 0x88, 0x49, 0x88,
  0x49, 0x98, 0x4A, 0x76, 0x18, 0x22, 0x01, 0x00, 0x01, 0x00, 0x01, 0x00,
  0x1F, 0xFC, 0x10, 0x0C, 0x10, 0x0C, 0x1F, 0xFC, 0x10, 0x0C, 0x10, 0x0C,
  0x10, 0x0C, 0x1F, 0xFC, 0x10, 0x0C, 0x10, 0x0C, 0x10, 0x0C, 0x1F, 0xFC,
  0x10, 0x08, 0x7F, 0xFE, 0x06, 0x00, 0x06, 0x20, 0x04, 0x30, 0x0C, 0x18,
  0x3F, 0xFC, 0x00, 0x06, 0x01, 0x80, 0x01, 0x80, 0x3F, 0xFC, 0x01, 0x80,
  0x01, 0x80, 0x01, 0x80, 0x7F, 0xFE, 0x00, 0x00, 0x1A, 0x3C, 0x23, 0xC4,
  0x22, 0x04, 0x3A, 0x1C, 0x23, 0xC4, 0x20, 0x44, 0x22, 0x44, 0x3A, 0x5C,
  0x22, 0x44, 0x32, 0x4C, 0x7F, 0xFE, 0x04, 0x20, 0x0C, 0x38, 0x30, 0x0C,
  0x40, 0x00, 0x04, 0x20, 0x7F, 0xFE, 0x04, 0x20, 0x18, 0x80, 0x1F, 0xFC,
  0x31, 0x80, 0x7F, 0xF8, 0x1F, 0xF8, 0x11, 0x80, 0x1F, 0xFE, 0x02, 0x00,
  0x38, 0x7C, 0x3E, 0x7C, 0x20, 0x04, 0x3F, 0xFC, 0x20, 0x04, 0x00, 0x00,
  0x08, 0x78, 0x10, 0x48, 0x3E, 0x48, 0x22, 0xC8, 0x2A, 0x8E, 0x22, 0x00,
  0x26, 0x00, 0x72, 0xFC, 0x22, 0x44, 0x22, 0x4C, 0x22, 0x68, 0x22, 0x30,
  0x42, 0x38, 0x42, 0xCE, 0x0C, 0x02, 0x00, 0x00, 0x08, 0x30, 0x18, 0x78,
  0x10, 0x4C, 0x3C, 0xFE, 0x27, 0x02, 0x2C, 0xFC, 0x2C, 0x84, 0x26, 0xFC,
  0x7C, 0x84, 0x24, 0xFC, 0x24, 0x80, 0x24, 0xFE, 0x45, 0xC2, 0x45, 0x42,
  0x47, 0x7E, 0x0C, 0x42, 0x04, 0x00, 0x0F, 0xE0, 0x08, 0x60, 0x10, 0x40,
  0x30, 0xC0, 0x7F, 0xFC, 0x70, 0x84, 0x10, 0x84, 0x11, 0x84, 0x1F, 0xFC,
  0x10, 0x04, 0x10, 0x00, 0x10, 0x02, 0x10, 0x02, 0x1F, 0xFC, 0x00, 0x00,
  0x04, 0x20, 0x04, 0x20, 0x7F, 0xFE, 0x04, 0x20, 0x05, 0x20, 0x03, 0x00,
  0x7F, 0xFE, 0x06, 0x00, 0x04, 0x00, 0x0C, 0x00, 0x1F, 0xFC, 0x38, 0x04,
  0x68, 0x04, 0x08, 0x0C, 0x0F, 0xFC, 0x08, 0x04, 0x04, 0x20, 0x7F, 0xFE,
  0x04, 0x20, 0x04, 0xA0, 0x20, 0x80, 0x19, 0xFC, 0x03, 0x88, 0x06, 0xD8,
  0x60, 0x70, 0x11, 0xD8, 0x07, 0x06, 0x0B, 0xFC, 0x13, 0x04, 0x33, 0x04,
  0x63, 0xFC, 0x00, 0x04, 0x04, 0x20, 0x7F, 0xFE, 0x04, 0x20, 0x04, 0x20,
  0x03, 0x04, 0x3F, 0xF8, 0x03, 0x30, 0x7F, 0xFE, 0x03, 0x80, 0x07, 0x00,
  0x1F, 0xFC, 0x68, 0x0C, 0x0F, 0xFC, 0x08, 0x0C, 0x0F, 0xFC, 0x08, 0x00,
  0x04, 0x20, 0x7F, 0xFE, 0x04, 0x20, 0x3F, 0x20, 0x24, 0x60, 0x3F, 0x7E,
  0x21, 0xC0, 0x3F, 0x00, 0x24, 0x7E, 0x3F, 0x00, 0x00, 0x00, 0x1F, 0xFC,
  0x12, 0x4C, 0x12, 0x4C, 0x7F, 0xFE, 0x00, 0x00, 0x04, 0x20, 0x7F, 0xFE,
  0x04, 0x20, 0x01, 0x00, 0x23, 0xC8, 0x62, 0x70, 0x33, 0xD4, 0x32, 0x48,
  0x2A, 0x4A, 0x7F, 0xFE, 0x01, 0x80, 0x7F, 0xFE, 0x07, 0xE0, 0x0D, 0xB0,
  0x71, 0x8E, 0x00, 0x00, 0x00, 0x00, 0x01, 0x00, 0x01, 0xFC, 0x01, 0x00,
  0x3F, 0xFE, 0x21, 0x04, 0x27, 0xF0, 0x21, 0x02, 0x20, 0xFC, 0x21, 0x00,
  0x29, 0x24, 0x29, 0x24, 0x2F, 0x3C, 0x61, 0x20, 0x5F, 0xFE, 0x00, 0x00,
  0x00, 0x20, 0x7C, 0x3E, 0x44, 0x20, 0x44, 0x20, 0x45, 0xFE, 0x7D, 0x22,
  0x01, 0xFA, 0x7F, 0x22, 0x21, 0x1C, 0x3D, 0x00, 0x45, 0x48, 0x05, 0x48,
  0x05, 0x48, 0x0F, 0x4A, 0x0B, 0x8E, 0x3A, 0x00, 0x00, 0x00, 0x00, 0x00,
  0x0F, 0x7E, 0x0C, 0x10, 0x3F, 0x90, 0x28, 0xB0, 0x3E, 0xFE, 0x29, 0x20,
  0x27, 0x20, 0x2A, 0x3E, 0x7F, 0xA2, 0x72, 0x02, 0x7F, 0x02, 0x5F, 0x06,
  0x52, 0x04, 0x5F, 0x84, 0x00, 0x1C, 0x00, 0x00, 0x08, 0x10, 0x28, 0x50,
  0x2A, 0xB4, 0x1C, 0x30, 0x36, 0xCC, 0x40, 0x84, 0x7F, 0xFE, 0x60, 0x06,
  0x61, 0x86, 0x1F, 0xF8, 0x11, 0x88, 0x1F, 0xF8, 0x01, 0x90, 0x01, 0x88,
  0x3F, 0xFC, 0x00, 0x02, 0x01, 0x00, 0x1F, 0xF8, 0x11, 0x88, 0x11, 0x88,
  0x1F, 0xF8, 0x01, 0x90, 0x3F, 0xFC, 0x00, 0x00, 0x08, 0x10, 0x7E, 0xFE,
  0x4A, 0x92, 0x7E, 0xFE, 0x08, 0x14, 0x0A, 0x16, 0x7F, 0xFE, 0x01, 0x00,
  0x08, 0x00, 0x19, 0xFE, 0x30, 0x00, 0x60, 0x00, 0x4C, 0x00, 0x08, 0x00,
  0x1B, 0xFE, 0x30, 0x08, 0x70, 0x08, 0x50, 0x08, 0x10, 0x08, 0x10, 0x08,
  0x10, 0x08, 0x10, 0x08, 0x10, 0x18, 0x10, 0x70, 0x00, 0x00, 0x10, 0x00,
  0x37, 0xDE, 0x61, 0x00, 0x4F, 0xE0, 0x11, 0x00, 0x37, 0xE0, 0x25, 0x3E,
  0x67, 0xE4, 0x65, 0x24, 0x27, 0xE4, 0x21, 0x04, 0x27, 0xE4, 0x21, 0x04,
  0x21, 0xE4, 0x2E, 0x04, 0x20, 0x1C, 0x00, 0x00, 0x01, 0x80, 0x3F, 0xFC,
  0x01, 0x80, 0x3F, 0xFC, 0x01, 0x80, 0x01, 0x80, 0x7F, 0xFE, 0x03, 0x80,
  0x0C, 0x4C, 0x3C, 0x58, 0x6C, 0x30, 0x04, 0x30, 0x05, 0xD8, 0x1E, 0x0E,
  0x10, 0x02, 0x10, 0x00, 0x10, 0x10, 0x10, 0x30, 0x7D, 0xFE, 0x05, 0x12,
  0x09, 0x16, 0x09, 0x30, 0x1D, 0xFC, 0x3D, 0xC4, 0x75, 0x44, 0x55, 0x68,
  0x11, 0x38, 0x13, 0x30, 0x12, 0x78, 0x12, 0xCE, 0x10, 0x82, 0x04, 0x20,
  0x24, 0x20, 0x24, 0x20, 0x3D, 0xFE, 0x04, 0x20, 0x7C, 0x20, 0x25, 0xFE,
  0x44, 0x00, 0x01, 0x80, 0x7F, 0xFE, 0x06, 0x80, 0x1C, 0x48, 0x6C, 0x30,
  0x0C, 0x30, 0x1F, 0x8E, 0x00, 0x02, 0x10, 0x00, 0x11, 0xFE, 0x11, 0x22,
  0x7D, 0x22, 0x0D, 0xFE, 0x09, 0x22, 0x19, 0x22, 0x1D, 0xFE, 0x3C, 0x20,
  0x74, 0x20, 0x51, 0xFE, 0x10, 0x20, 0x10, 0x20, 0x10, 0x20, 0x13, 0xFE,
  0x10, 0x00, 0x10, 0x80, 0x10, 0x80, 0x11, 0xFE, 0x13, 0x00, 0x7F, 0xFC,
  0x09, 0x04, 0x09, 0xFC, 0x15, 0x04, 0x38, 0xFC, 0x74, 0x40, 0x54, 0xFC,
  0x13, 0x8C, 0x12, 0x78, 0x10, 0x70, 0x13, 0xDE, 0x12, 0x02, 0x7F, 0xFE,
  0x06, 0x40, 0x06, 0x40, 0x3F, 0xFC, 0x26, 0x44, 0x26, 0x44, 0x3F, 0xFC,
  0x02, 0x00, 0x7F, 0xFE, 0x0C, 0x30, 0x08, 0x20, 0x1E, 0x60, 0x03, 0xE0,
  0x07, 0x38, 0x78, 0x04, 0x00, 0x00, 0x7F, 0xFE, 0x06, 0x60, 0x26, 0x64,
  0x3F, 0xFC, 0x01, 0x00, 0x13, 0xFE, 0x22, 0x00, 0x5F, 0x0C, 0x13, 0xFC,
  0x33, 0xFC, 0x50, 0x80, 0x13, 0xF8, 0x14, 0x98, 0x10, 0xF0, 0x17, 0x0E,
  0x00, 0x00, 0x10, 0xFC, 0x10, 0x84, 0x7E, 0x84, 0x18, 0xFC, 0x10, 0x84,
  0x10, 0xFC, 0x7E, 0x84, 0x10, 0x84, 0x18, 0xFC, 0x1C, 0x58, 0x16, 0x58,
  0x22, 0x9A, 0x61, 0x9A, 0x43, 0x0E, 0x00, 0x00, 0x10, 0x00, 0x10, 0xFC,
  0x10, 0x84, 0x7C, 0x84, 0x04, 0xFC, 0x0C, 0x84, 0x08, 0x84, 0x18, 0xFC,
  0x18, 0x84, 0x3C, 0x84, 0x52, 0xFC, 0x10, 0x50, 0x10, 0xD0, 0x10, 0x92,
  0x11, 0x92, 0x12, 0x0E, 0x00, 0x00, 0x00, 0x00, 0x05, 0xB8, 0x11, 0x88,
  0x1C, 0x38, 0x11, 0x88, 0x1D, 0xB8, 0x13, 0x8C, 0x60, 0x06, 0x4F, 0xF2,
  0x08, 0x10, 0x0F, 0xF0, 0x0F, 0xF0, 0x08, 0x10, 0x0F, 0xF0, 0x04, 0x42,
  0x0C, 0x42, 0x70, 0x7E, 0x00, 0x00, 0x3F, 0x40, 0x48, 0x7E, 0x7E, 0x80,
  0x43, 0xBC, 0x7E, 0x7E, 0x48, 0x4A, 0x3F, 0x7E, 0x1F, 0xF8, 0x10, 0x08,
  0x1F, 0xF8, 0x1F, 0xF8, 0x10, 0x08, 0x1F, 0xF8, 0x04, 0x42, 0x0C, 0x42,
  0x70, 0x7E, 0x00, 0x00, 0x02, 0x00, 0x7F, 0x7E, 0x12, 0x42, 0x00, 0x42,
  0x77, 0x7E, 0x55, 0x42, 0x77, 0x7E, 0x24, 0x42, 0x3F, 0x42, 0x60, 0x7E,
  0x7F, 0x28, 0x20, 0x28, 0x3F, 0x28, 0x20, 0x4A, 0x3F, 0xCE, 0x20, 0x80,
  0x04, 0x00, 0x07, 0xE0, 0x08, 0x60, 0x18, 0x40, 0x3F, 0xFC, 0x70, 0x84,
  0x10, 0x84, 0x10, 0x84, 0x1F, 0xFC, 0x10, 0x84, 0x10, 0x84, 0x1F, 0xFC,
  0x30, 0x04, 0x20, 0x04, 0x60, 0x04, 0x40, 0x38, 0x00, 0x00, 0x10, 0x00,
  0x10, 0xFE, 0x3C, 0x22, 0x24, 0x22, 0x24, 0x42, 0x7F, 0x4C, 0x68, 0x10,
  0x3F, 0x50, 0x29, 0xFE, 0x29, 0x90, 0x3F, 0x10, 0x21, 0xFE, 0x01, 0x10,
  0x41, 0x10, 0x43, 0x10, 0x46, 0x00, 0x00, 0x00, 0x00, 0x00, 0x11, 0xFE,
  0x3D, 0x4A, 0x25, 0x4A, 0x69, 0xFE, 0x7E, 0xC0, 0x6A, 0xFE, 0x3F, 0x22,
  0x2B, 0xFA, 0x2A, 0x2A, 0x3E, 0x2A, 0x02, 0xFA, 0x42, 0x22, 0x42, 0x7A,
  0x42, 0x06, 0x0C, 0x0C, 0x00, 0x00, 0x3C, 0x00, 0x01, 0xFE, 0x7E, 0x10,
  0x00, 0x10, 0x7C, 0x10, 0x00, 0x10, 0x00, 0x10, 0x7C, 0x10, 0x00, 0x10,
  0x7C, 0x10, 0x44, 0x10, 0x44, 0x10, 0x44, 0x10, 0x7C, 0x10, 0x00, 0x70,
  0x00, 0x10, 0x3C, 0x10, 0x00, 0x10, 0x7E, 0x10, 0x00, 0x10, 0x7C, 0x10,
  0x01, 0xFE, 0x00, 0x10, 0x7C, 0x10, 0x00, 0x10, 0x7C, 0x10, 0x44, 0x10,
  0x44, 0x10, 0x44, 0x10, 0x7C, 0x10, 0x00, 0x10, 0x7D, 0xFC, 0x00, 0x4C,
  0x7E, 0x4C, 0x00, 0x4C, 0x7C, 0x4C, 0x00, 0x4C, 0x01, 0xF4, 0x7C, 0x44,
  0x00, 0x44, 0x7C, 0xC4, 0x44, 0x84, 0x44, 0x84, 0x45, 0x05, 0x7F, 0x07,
  0x00, 0x02, 0x00, 0x00, 0x3C, 0xFE, 0x00, 0x06, 0x7E, 0x06, 0x00, 0x06,
  0x7C, 0x06, 0x00, 0x06, 0x00, 0xFE, 0x7C, 0x84, 0x00, 0x80, 0x7C, 0x80,
  0x44, 0x80, 0x44, 0x82, 0x44, 0x82, 0x7C, 0xFE, 0x00, 0x00, 0x00, 0x00,
  0x3C, 0xF8, 0x00, 0x88, 0x7E, 0x88, 0x00, 0x8A, 0x7D, 0x0E, 0x03, 0x00,
  0x00, 0x00, 0x7D, 0xFC, 0x00, 0x84, 0x7C, 0xCC, 0x44, 0x58, 0x44, 0x30,
  0x44, 0x78, 0x7D, 0xCE, 0x01, 0x02, 0x00, 0x40, 0x3C, 0xC0, 0x00, 0xC0,
  0x7E, 0xFE, 0x01, 0x90, 0x7F, 0x10, 0x00, 0x10, 0x00, 0x10, 0x7F, 0xFE,
  0x00, 0x10, 0x7C, 0x10, 0x44, 0x10, 0x44, 0x10, 0x44, 0x10, 0x7C, 0x10,
  0x00, 0x10, 0x7D, 0xFE, 0x00, 0x02, 0x7C, 0x02, 0x01, 0xF2, 0x7C, 0x02,
  0x00, 0x02, 0x01, 0xF2, 0x7D, 0x12, 0x01, 0x12, 0x7D, 0x12, 0x45, 0xF2,
  0x45, 0x02, 0x44, 0x02, 0x7C, 0x06, 0x00, 0x1C, 0x00, 0x00, 0x7C, 0x0E,
  0x00, 0x0A, 0x7C, 0x18, 0x01, 0xFE, 0x7C, 0x08, 0x00, 0x08, 0x01, 0xE8,
  0x7C, 0x88, 0x00, 0x88, 0x7C, 0x88, 0x44, 0x88, 0x44, 0xC8, 0x45, 0xEE,
  0x7C, 0x06, 0x00, 0x00, 0x00, 0x00, 0x3C, 0xFC, 0x00, 0xB0, 0x7E, 0x30,
  0x00, 0x30, 0x7D, 0xFE, 0x00, 0x30, 0x00, 0x30, 0x7C, 0x30, 0x00, 0xFE,
  0x7C, 0x86, 0x44, 0x86, 0x44, 0x86, 0x44, 0x86, 0x7C, 0xFE, 0x00, 0x80,
  0x00, 0x00, 0x7C, 0x30, 0x00, 0x30, 0x7F, 0xFE, 0x00, 0x60, 0x7D, 0xCC,
  0x01, 0x88, 0x00, 0xD0, 0x7C, 0x72, 0x00, 0x66, 0x7D, 0x8C, 0x45, 0x18,
  0x44, 0x38, 0x44, 0x6C, 0x7D, 0xC6, 0x01, 0x02, 0x7D, 0xFE, 0x00, 0x22,
  0x7D, 0xE2, 0x00, 0x66, 0x7C, 0x76, 0x00, 0x84, 0x01, 0x1C, 0x7C, 0x60,
  0x00, 0x30, 0x7C, 0x40, 0x45, 0x44, 0x45, 0x42, 0x47, 0x4A, 0x7E, 0x4A,
  0x00, 0x78, 0x3D, 0xFE, 0x00, 0x60, 0x7C, 0x40, 0x01, 0xFC, 0x7C, 0x44,
  0x00, 0x44, 0x01, 0xFE, 0x7C, 0x00, 0x00, 0x00, 0x7C, 0xFC, 0x44, 0x84,
  0x44, 0x84, 0x44, 0x84, 0x7C, 0xFC, 0x00, 0x84, 0x7C, 0x7E, 0x01, 0x46,
  0x7D, 0x46, 0x01, 0x46, 0x7D, 0x7E, 0x01, 0x00, 0x01, 0xFC, 0x7D, 0x04,
  0x00, 0x04, 0x7F, 0xFE, 0x44, 0x00, 0x44, 0xC8, 0x44, 0x84, 0x7D, 0x06,
  0x02, 0x02, 0x00, 0x00, 0x7D, 0xFC, 0x00, 0x0C, 0x7C, 0x70, 0x00, 0x18,
  0x7D, 0xFE, 0x01, 0x22, 0x01, 0x22, 0x7D, 0xFE, 0x01, 0x22, 0x7D, 0x22,
  0x45, 0xFE, 0x45, 0x22, 0x45, 0x22, 0x7D, 0x22, 0x01, 0x2C, 0x00, 0x00,
  0x7C, 0x78, 0x00, 0x8C, 0x7F, 0x84, 0x01, 0x06, 0x7F, 0xFE, 0x01, 0x84,
  0x00, 0x84, 0x7C, 0x84, 0x00, 0xFC, 0x7C, 0x58, 0x44, 0x58, 0x44, 0xD8,
  0x44, 0x9A, 0x7F, 0x1A, 0x02, 0x0E, 0x00, 0x20, 0x7D, 0xFE, 0x00, 0x20,
  0x7F, 0xFE, 0x00, 0x20, 0x7D, 0xFE, 0x00, 0x00, 0x00, 0xFC, 0x7C, 0x84,
  0x00, 0xFC, 0x7C, 0x84, 0x44, 0x84, 0x44, 0xFC, 0x44, 0x84, 0x7C, 0x84,
  0x00, 0x8C, 0x00, 0x10, 0x7D, 0xD4, 0x00, 0x58, 0x7D, 0x8E, 0x01, 0x8C,
  0x7D, 0xFE, 0x02, 0x02, 0x01, 0xFC, 0x7D, 0x04, 0x01, 0x04, 0x7D, 0xFC,
  0x44, 0x88, 0x44, 0x88, 0x44, 0x40, 0x7B, 0xFE, 0x00, 0x00, 0x00, 0x80,
  0x78, 0x94, 0x03, 0xF6, 0x7C, 0x52, 0x01, 0x50, 0x79, 0x50, 0x07, 0xFE,
  0x00, 0x08, 0x7B, 0xEA, 0x02, 0x2C, 0x7B, 0xEC, 0x4A, 0x28, 0x4A, 0x28,
  0x4B, 0xF8, 0x7A, 0x26, 0x00, 0x46, 0x00, 0x00, 0x00, 0x00, 0x78, 0x88,
  0x03, 0xFE, 0x7C, 0x20, 0x01, 0xFC, 0x78, 0x20, 0x03, 0xFE, 0x00, 0x50,
  0x7B, 0x94, 0x00, 0x92, 0x7F, 0xFE, 0x48, 0x90, 0x4F, 0xEC, 0x48, 0x88,
  0x78, 0xBA, 0x01, 0x86, 0x00, 0x20, 0x7B, 0xFE, 0x00, 0x20, 0x7D, 0xFC,
  0x01, 0xFE, 0x7A, 0x52, 0x03, 0x02, 0x01, 0xFE, 0x79, 0xFC, 0x01, 0x06,
  0x79, 0xFE, 0x49, 0xFE, 0x49, 0x06, 0x49, 0xFC, 0x79, 0x8C, 0x02, 0x02,
  0x00, 0x00, 0x23, 0x90, 0x6B, 0xF4, 0x30, 0x18, 0x28, 0x14, 0x7F, 0xFE,
  0x10, 0x08, 0x5B, 0xEA, 0x57, 0xEA, 0x14, 0x08, 0x0F, 0xFE, 0x3C, 0x30,
  0x66, 0x60, 0x03, 0xC0, 0x3E, 0x7E, 0x60, 0x06, 0x00, 0x20, 0x7B, 0xFE,
  0x00, 0x00, 0x7D, 0xDE, 0x01, 0x52, 0x79, 0xDE, 0x00, 0x88, 0x01, 0xFE,
  0x79, 0xFE, 0x00, 0x88, 0x7F, 0xFE, 0x48, 0xD0, 0x4F, 0x9C, 0x48, 0x88,
  0x79, 0xE6, 0x00, 0x02, 0x01, 0x80, 0x02, 0x40, 0x0C, 0x30, 0x3F, 0xFC,
  0x60, 0x06, 0x1F, 0xF0, 0x00, 0x30, 0x1F, 0xF8, 0x10, 0x08, 0x1F, 0xF8,
  0x1F, 0xF8, 0x10, 0x08, 0x1F, 0xF8, 0x04, 0x20, 0x38, 0x1C, 0x20, 0x04,
  0x01, 0x00, 0x3F, 0xFC, 0x01, 0x80, 0x1F, 0xF8, 0x01, 0x80, 0x7F, 0xFE,
  0x00, 0x00, 0x1F, 0xF8, 0x1F, 0xF8, 0x10, 0x08, 0x1F, 0xF8, 0x10, 0x08,
  0x1F, 0xF8, 0x04, 0x20, 0x38, 0x1C, 0x00, 0x04, 0x00, 0x20, 0x7E, 0x20,
  0x46, 0x20, 0x46, 0x20, 0x7E, 0x3E, 0x46, 0x30, 0x46, 0x20, 0x7E, 0x20,
  0x46, 0xFE, 0x46, 0x86, 0x7E, 0x86, 0x00, 0x86, 0x24, 0x86, 0x26, 0x86,
  0x42, 0xFE, 0x40, 0x80, 0x00, 0x80, 0x19, 0xFE, 0x02, 0x64, 0x00, 0x60,
  0x38, 0x98, 0x63, 0x0E, 0x1F, 0xF8, 0x10, 0x08, 0x1F, 0xF8, 0x10, 0x08,
  0x1F, 0xF8, 0x10, 0x08, 0x1F, 0xF8, 0x04, 0x20, 0x38, 0x1C, 0x20, 0x04,
  0x01, 0x80, 0x01, 0x80, 0x3F, 0xFC, 0x01, 0x80, 0x01, 0x80, 0x01, 0x80,
  0x7F, 0xFE, 0x01, 0x80, 0x09, 0x80, 0x19, 0x80, 0x11, 0xFC, 0x19, 0x80,
  0x3D, 0x80, 0x27, 0x80, 0x41, 0xFE, 0x00, 0x00, 0x08, 0x00, 0x08, 0x7C,
  0x7F, 0x04, 0x08, 0x04, 0x08, 0x04, 0x7F, 0x04, 0x08, 0x7C, 0x08, 0x40,
  0x28, 0x40, 0x2F, 0x40, 0x28, 0x42, 0x68, 0x42, 0x78, 0x7E, 0x5C, 0x00,
  0x47, 0xFE, 0x00, 0x00, 0x08, 0x00, 0x08, 0xFE, 0x7E, 0x22, 0x08, 0x22,
  0x08, 0x66, 0x08, 0x46, 0x7F, 0x9C, 0x08, 0x00, 0x08, 0xFC, 0x2F, 0x84,
  0x68, 0x84, 0x68, 0x84, 0x78, 0xFC, 0x58, 0x00, 0x4F, 0xFE, 0x00, 0x00,
  0x1F, 0xFC, 0x10, 0x0C, 0x10, 0x0C, 0x10, 0x0C, 0x10, 0x0C, 0x1F, 0xFC,
  0x01, 0x80, 0x01, 0x80, 0x19, 0x80, 0x19, 0xFC, 0x19, 0x80, 0x3D, 0x80,
  0x27, 0x80, 0x41, 0xFE, 0x00, 0x00, 0x00, 0x00, 0x7E, 0x40, 0x62, 0x7C,
  0x62, 0xCC, 0x63, 0xC8, 0x7F, 0x38, 0x08, 0x30, 0x08, 0x38, 0x48, 0x4C,
  0x4F, 0x86, 0x48, 0xFC, 0x48, 0x84, 0x48, 0x84, 0x7E, 0x84, 0x60, 0xFC,
  0x00, 0x84, 0x00, 0x50, 0x7C, 0x50, 0x44, 0x52, 0x45, 0x52, 0x45, 0x54,
  0x7D, 0xDC, 0x10, 0x50, 0x10, 0x50, 0x5C, 0xDC, 0x51, 0xD6, 0x52, 0xD2,
  0x50, 0x90, 0x5C, 0x90, 0x79, 0x12, 0x03, 0x1E, 0x00, 0x00, 0x00, 0x00,
  0x7C, 0x1E, 0x45, 0xF0, 0x44, 0x24, 0x45, 0x24, 0x7D, 0x24, 0x10, 0xA0,
  0x10, 0x20, 0x51, 0xFE, 0x5C, 0x70, 0x50, 0x78, 0x50, 0xA8, 0x5D, 0xA4,
  0x79, 0x22, 0x60, 0x20, 0x00, 0x20, 0x7C, 0xF8, 0x44, 0x88, 0x44, 0xF8,
  0x44, 0x00, 0x7F, 0xDE, 0x12, 0x52, 0x12, 0x52, 0x53, 0xDE, 0x5C, 0x20,
  0x53, 0xFE, 0x50, 0x70, 0x50, 0xA8, 0x79, 0xA4, 0x62, 0x22, 0x00, 0x20,
  0x01, 0x00, 0x01, 0x00, 0x1F, 0xF0, 0x18, 0x10, 0x18, 0x10, 0x1F, 0xF0,
  0x18, 0x16, 0x1F, 0xFC, 0x18, 0x18, 0x18, 0x30, 0x7F, 0xF0, 0x00, 0xD0,
  0x03, 0x10, 0x0E, 0x10, 0x38, 0x10, 0x60, 0xF0, 0x00, 0x00, 0x08, 0x10,
  0x10, 0x12, 0x3C, 0x96, 0x24, 0x94, 0x3C, 0x10, 0x24, 0xFE, 0x24, 0x82,
  0x3F, 0x82, 0x26, 0xBA, 0x3C, 0x8A, 0x7C, 0x8A, 0x1C, 0xBA, 0x34, 0x82,
  0x64, 0x82, 0x44, 0x82, 0x0C, 0x8E, 0x00, 0x00, 0x04, 0x68, 0x3F, 0xE4,
  0x04, 0x60, 0x7F, 0xFE, 0x04, 0x20, 0x7F, 0xA4, 0x04, 0x24, 0x3F, 0x2C,
  0x24, 0x28, 0x3F, 0x38, 0x3F, 0x30, 0x04, 0x32, 0x7F, 0xF2, 0x04, 0xCA,
  0x00, 0x0E, 0x00, 0x20, 0x10, 0x30, 0x7E, 0x48, 0x10, 0xCC, 0x7F, 0x86,
  0x53, 0xFC, 0x52, 0x00, 0x7F, 0xFE, 0x53, 0x02, 0x7F, 0x02, 0x11, 0x02,
  0x11, 0xFE, 0x7F, 0x02, 0x11, 0x02, 0x11, 0x02, 0x11, 0x06, 0x08, 0x00,
  0x08, 0xFC, 0x7E, 0xC4, 0x08, 0xFC, 0x7E, 0x00, 0x4B, 0xFE, 0x4A, 0xC4,
  0x7E, 0xC4, 0x4A, 0xFC, 0x7E, 0xC4, 0x08, 0xFC, 0x08, 0xC4, 0x7F, 0xC4,
  0x09, 0xFE, 0x08, 0x04, 0x08, 0x04, 0x10, 0x10, 0x10, 0x30, 0x7E, 0x48,
  0x10, 0xCC, 0x7F, 0x86, 0x53, 0x78, 0x52, 0x00, 0x7F, 0xE2, 0x53, 0x2A,
  0x7F, 0xEA, 0x11, 0x2A, 0x11, 0xEA, 0x7F, 0x2A, 0x11, 0x22, 0x11, 0x22,
  0x11, 0x6E, 0x00, 0x10, 0x09, 0xFE, 0x7E, 0x10, 0x18, 0xFE, 0x7E, 0x92,
  0x42, 0xFE, 0x42, 0x92, 0x7E, 0xFE, 0x42, 0x14, 0x7F, 0xFE, 0x08, 0x08,
  0x19, 0xFE, 0x7E, 0x08, 0x08, 0x48, 0x08, 0x08, 0x00, 0x38, 0x00, 0x00,
  0x41, 0x80, 0x23, 0x3E, 0x12, 0x22, 0x02, 0x22, 0x02, 0x22, 0x02, 0x22,
  0x72, 0x22, 0x12, 0x22, 0x12, 0x22, 0x13, 0xA2, 0x16, 0x2C, 0x10, 0x20,
  0x38, 0x20, 0x47, 0xFE, 0x00, 0x00, 0x00, 0x00, 0x63, 0xFE, 0x32, 0x00,
  0x12, 0x00, 0x02, 0x00, 0x03, 0xFC, 0x02, 0x84, 0x72, 0xC8, 0x12, 0x58,
  0x12, 0x70, 0x16, 0x70, 0x14, 0xD8, 0x19, 0x86, 0x7C, 0x00, 0x47, 0xFE,
  0x00, 0x00, 0x00, 0x00, 0x60, 0x60, 0x30, 0x40, 0x13, 0xFC, 0x02, 0x04,
  0x02, 0x04, 0x02, 0x04, 0x73, 0xFC, 0x12, 0x04, 0x12, 0x04, 0x12, 0x04,
  0x13, 0xFC, 0x18, 0x00, 0x7C, 0x00, 0x47, 0xFE, 0x00, 0x00, 0x00, 0x00,
  0x62, 0x44, 0x32, 0x44, 0x13, 0x48, 0x01, 0x48, 0x00, 0x60, 0x07, 0xFE,
  0x70, 0xF0, 0x10, 0xF0, 0x11, 0x48, 0x13, 0x4C, 0x16, 0x46, 0x18, 0x40,
  0x3C, 0x00, 0x47, 0xFE, 0x00, 0x00, 0x00, 0x00, 0x63, 0xFC, 0x33, 0x04,
  0x1B, 0x04, 0x03, 0xFC, 0x03, 0x04, 0x03, 0xFC, 0x73, 0x26, 0x13, 0x2C,
  0x13, 0x10, 0x13, 0x18, 0x13, 0xEC, 0x1F, 0x06, 0x3C, 0x00, 0x47, 0xFE,
  0x00, 0x00, 0x00, 0x00, 0x61, 0x08, 0x31, 0x08, 0x11, 0x10, 0x03, 0xFE,
  0x00, 0x60, 0x00, 0x60, 0x77, 0xFE, 0x10, 0x60, 0x10, 0x70, 0x10, 0x90,
  0x11, 0x8C, 0x1A, 0x06, 0x3C, 0x00, 0x47, 0xFE, 0x00, 0x00, 0x00, 0xA0,
  0x60, 0xA0, 0x34, 0xA4, 0x12, 0xA4, 0x02, 0xA8, 0x00, 0xA0, 0x00, 0xB0,
  0x71, 0xB8, 0x17, 0xA6, 0x15, 0x20, 0x11, 0x20, 0x13, 0x22, 0x16, 0x1E,
  0x7C, 0x00, 0x47, 0xFE, 0x00, 0x00, 0x00, 0x00, 0x63, 0xF8, 0x30, 0x60,
  0x17, 0xFE, 0x00, 0xF0, 0x01, 0x68, 0x06, 0x06, 0x73, 0xF0, 0x10, 0x90,
  0x10, 0x9E, 0x11, 0x86, 0x11, 0x04, 0x16, 0x1C, 0x7C, 0x00, 0x47, 0xFE,
  0x00, 0x00, 0x00, 0x00, 0x67, 0xFE, 0x30, 0x40, 0x10, 0xC4, 0x03, 0x4C,
  0x06, 0x78, 0x00, 0xB0, 0x73, 0x38, 0x10, 0x7C, 0x10, 0xD6, 0x13, 0x12,
  0x14, 0x30, 0x10, 0xE0, 0x6C, 0x00, 0x47, 0xFE, 0x00, 0x00, 0x00, 0x00,
  0x31, 0xFC, 0x18, 0x00, 0x07, 0xFE, 0x60, 0x00, 0x33, 0xFC, 0x00, 0x00,
  0x03, 0xFC, 0x70, 0x00, 0x13, 0xFC, 0x12, 0x04, 0x12, 0x04, 0x13, 0xFC,
  0x7C, 0x00, 0x47, 0xFE, 0x00, 0x00, 0x00, 0x00, 0x60, 0x60, 0x37, 0xFE,
  0x10, 0x60, 0x00, 0x60, 0x03, 0xFC, 0x02, 0x64, 0x72, 0x64, 0x13, 0xFC,
  0x10, 0xF0, 0x11, 0xF8, 0x13, 0x6C, 0x1C, 0x62, 0x3C, 0x00, 0x47, 0xFE,
  0x00, 0x00, 0x00, 0x40, 0x60, 0x40, 0x37, 0xFE, 0x10, 0x40, 0x03, 0xFC,
  0x02, 0x44, 0x03, 0xFC, 0x72, 0x44, 0x13, 0xFC, 0x10, 0x40, 0x10, 0x40,
  0x17, 0xFE, 0x10, 0x40, 0x78, 0x40, 0x47, 0xFE, 0x00, 0x00, 0x00, 0x00,
  0x63, 0xFC, 0x32, 0x04, 0x12, 0xF4, 0x02, 0x44, 0x02, 0x44, 0x03, 0xFC,
  0x72, 0x04, 0x16, 0xF4, 0x14, 0x94, 0x14, 0xF4, 0x14, 0x84, 0x38, 0x1C,
  0x68, 0x00, 0x47, 0xFE, 0x00, 0x00, 0x00, 0x00, 0x61, 0x10, 0x33, 0x30,
  0x13, 0xFE, 0x06, 0x20, 0x0E, 0x20, 0x0B, 0xFC, 0x72, 0x20, 0x12, 0x20,
  0x13, 0xFC, 0x12, 0x20, 0x12, 0x20, 0x13, 0xFE, 0x78, 0x00, 0x47, 0xFE,
  0x00, 0x00, 0x00, 0x10, 0x41, 0x10, 0x21, 0x3E, 0x3F, 0xE0, 0x02, 0x00,
  0x03, 0xBE, 0x02, 0x84, 0x72, 0x88, 0x12, 0xBE, 0x16, 0x88, 0x14, 0x88,
  0x14, 0x88, 0x39, 0x98, 0x6C, 0x00, 0x47, 0xFE, 0x00, 0x00, 0x00, 0x00,
  0x61, 0xF8, 0x31, 0x08, 0x11, 0x78, 0x01, 0x48, 0x01, 0x48, 0x03, 0xFC,
  0x76, 0x06, 0x16, 0xF6, 0x16, 0x96, 0x16, 0x96, 0x16, 0xF6, 0x16, 0x0C,
  0x7C, 0x00, 0x47, 0xFE, 0x00, 0x00, 0x00, 0x00, 0x33, 0xFC, 0x1A, 0x04,
  0x03, 0xFC, 0x62, 0x04, 0x33, 0xFC, 0x01, 0x80, 0x01, 0xFE, 0x72, 0x46,
  0x16, 0x66, 0x12, 0x96, 0x13, 0xF4, 0x12, 0x04, 0x7C, 0x0C, 0x47, 0xFE,
  0x00, 0x00, 0x00, 0x00, 0x60, 0x40, 0x37, 0xFE, 0x11, 0x18, 0x07, 0xFC,
  0x06, 0x46, 0x06, 0x46, 0x77, 0xFE, 0x16, 0x46, 0x16, 0xF6, 0x16, 0x96,
  0x16, 0xF6, 0x16, 0x0C, 0x3C, 0x00, 0x47, 0xFE, 0x00, 0x00, 0x00, 0x00,
  0x67, 0xBC, 0x30, 0x84, 0x17, 0xBC, 0x04, 0x22, 0x03, 0x9E, 0x01, 0x10,
  0x77, 0xFE, 0x11, 0x10, 0x11, 0x10, 0x17, 0xFE, 0x11, 0x90, 0x33, 0x0C,
  0x6C, 0x00, 0x47, 0xFE, 0x00, 0x00, 0x00, 0x08, 0x47, 0x88, 0x24, 0xBE,
  0x34, 0x80, 0x04, 0x84, 0x07, 0x94, 0x04, 0x7E, 0x77, 0x88, 0x34, 0x88,
  0x3C, 0xFE, 0x3C, 0x88, 0x37, 0x88, 0x34, 0x08, 0x78, 0x00, 0x47, 0xFE,
  0x00, 0x00, 0x08, 0x00, 0x08, 0x3E, 0x7F, 0xA2, 0x00, 0x24, 0x23, 0x24,
  0x12, 0x2C, 0x12, 0x28, 0x7F, 0xA4, 0x00, 0x26, 0x3F, 0x22, 0x21, 0x22,
  0x21, 0x22, 0x21, 0x2E, 0x21, 0x20, 0x3F, 0x20, 0x21, 0x00, 0x08, 0x00,
  0x08, 0xBE, 0x7F, 0x22, 0x09, 0x24, 0x0A, 0x24, 0x7F, 0xA8, 0x0C, 0x28,
  0x18, 0x24, 0x3F, 0x24, 0x71, 0x22, 0x71, 0x22, 0x3F, 0x22, 0x31, 0x2E,
  0x31, 0x20, 0x3F, 0x20, 0x01, 0x20, 0x00, 0x00, 0x7F, 0x7E, 0x14, 0x02,
  0x14, 0x02, 0x7F, 0x02, 0x55, 0x02, 0x55, 0x7E, 0x55, 0x42, 0x77, 0x40,
  0x61, 0x40, 0x41, 0x40, 0x7F, 0x40, 0x41, 0x42, 0x41, 0x42, 0x7F, 0x7E,
  0x40, 0x00, 0x7F, 0xFE, 0x14, 0x86, 0x14, 0xFE, 0x7E, 0x86, 0x52, 0x86,
  0x52, 0xFE, 0x52, 0x50, 0x66, 0xD0, 0x62, 0xFE, 0x43, 0x10, 0x7E, 0x7E,
  0x42, 0x10, 0x7E, 0x10, 0x43, 0xFE, 0x00, 0x00, 0x00, 0x00, 0x7D, 0xFE,
  0x11, 0x42, 0x53, 0x42, 0x55, 0xFE, 0x34, 0x20, 0x7E, 0xFC, 0x10, 0x20,
  0x39, 0xFE, 0x3C, 0x48, 0x35, 0xFE, 0x50, 0x20, 0x50, 0x20, 0x11, 0xFE,
  0x10, 0x20, 0x00, 0x20, 0x00, 0x18, 0x3F, 0xE0, 0x01, 0x80, 0x7F, 0xFE,
  0x01, 0x80, 0x1F, 0xF8, 0x11, 0x8C, 0x1F, 0xFC, 0x11, 0x8C, 0x11, 0x8C,
  0x1F, 0xF8, 0x01, 0x80, 0x3F, 0xFC, 0x01, 0x80, 0x7F, 0xFE, 0x1F, 0xF8,
  0x1F, 0xF8, 0x10, 0x08, 0x1F, 0xF8, 0x00, 0x00, 0x7F, 0xFE, 0x1F, 0xF8,
  0x11, 0x8C, 0x1F, 0xFC, 0x1F, 0xFC, 0x01, 0x80, 0x3F, 0xFC, 0x01, 0x80,
  0x7F, 0xFE, 0x18, 0x00, 0x1C, 0xFC, 0x26, 0x64, 0x62, 0x64, 0x7C, 0x44,
  0x18, 0x44, 0x10, 0x44, 0x7F, 0xFE, 0x11, 0xFE, 0x10, 0x44, 0x52, 0x44,
  0x34, 0x44, 0x10, 0x44, 0x1E, 0x4C, 0x73, 0xFE, 0x00, 0x00, 0x18, 0x30,
  0x1C, 0x70, 0x26, 0x48, 0x62, 0x84, 0x7F, 0x06, 0x09, 0x7A, 0x08, 0x00,
  0x7E, 0x00, 0x09, 0xFE, 0x0A, 0x26, 0x2A, 0x26, 0x2C, 0x26, 0x28, 0x26,
  0x1E, 0x2C, 0x78, 0x20, 0x00, 0x20, 0x18, 0x00, 0x1C, 0x40, 0x26, 0xFC,
  0x42, 0x84, 0x7C, 0xFC, 0x10, 0x8C, 0x10, 0x08, 0x7F, 0xFE, 0x10, 0x30,
  0x11, 0xB2, 0x54, 0xB4, 0x34, 0x38, 0x30, 0x78, 0x1F, 0xB4, 0x70, 0x32,
  0x00, 0x60, 0x18, 0x48, 0x1C, 0x48, 0x27, 0xFE, 0x62, 0x48, 0x7C, 0x48,
  0x18, 0x48, 0x11, 0xFE, 0x7E, 0x00, 0x18, 0x00, 0x52, 0xFC, 0x14, 0x84,
  0x34, 0xFC, 0x10, 0x84, 0x1E, 0x84, 0x70, 0xFC, 0x00, 0x84, 0x10, 0x00,
  0x1B, 0x90, 0x24, 0xBE, 0x41, 0x12, 0x7D, 0x7E, 0x11, 0x12, 0x13, 0xFE,
  0x7C, 0x90, 0x10, 0x90, 0x56, 0xFE, 0x55, 0x90, 0x11, 0x7E, 0x11, 0x90,
  0x3E, 0xC0, 0x66, 0x7E, 0x00, 0x00, 0x10, 0x00, 0x19, 0x10, 0x25, 0xFE,
  0x40, 0x10, 0x7C, 0x7E, 0x11, 0x42, 0x10, 0x7E, 0x7C, 0x42, 0x13, 0x7E,
  0x55, 0x10, 0x55, 0x10, 0x11, 0xFE, 0x11, 0x10, 0x3F, 0x90, 0x62, 0x7E,
  0x00, 0x00, 0x18, 0x20, 0x1D, 0xFE, 0x26, 0x88, 0x62, 0x48, 0x7F, 0xFE,
  0x10, 0x00, 0x11, 0xFE, 0x7F, 0x22, 0x11, 0xFE, 0x11, 0x22, 0x15, 0xFE,
  0x34, 0x20, 0x11, 0xFE, 0x1E, 0x20, 0x73, 0xFE, 0x00, 0x00, 0x0F, 0xFC,
  0x08, 0x00, 0x0F, 0xF8, 0x08, 0x00, 0x08, 0x00, 0x0F, 0xF8, 0x08, 0x00,
  0x7F, 0xFE, 0x09, 0x84, 0x08, 0x8C, 0x08, 0xF0, 0x08, 0x60, 0x09, 0xB0,
  0x3F, 0x0E, 0x00, 0x02, 0x3E, 0x7E, 0x22, 0x46, 0x3E, 0x7E, 0x22, 0x46,
  0x22, 0x46, 0x3E, 0x7E, 0x20, 0x06, 0x21, 0x06, 0x21, 0x86, 0x21, 0x86,
  0x22, 0xC6, 0x26, 0x46, 0x2C, 0x36, 0x20, 0x16, 0x20, 0x1C, 0x00, 0x00,
  0x7E, 0x7E, 0x62, 0x46, 0x7E, 0x7E, 0x62, 0x46, 0x62, 0x46, 0x7E, 0x7E,
  0x60, 0x06, 0x60, 0xC6, 0x6F, 0xF6, 0x60, 0xC6, 0x63, 0xC6, 0x66, 0xC6,
  0x68, 0xC6, 0x61, 0x86, 0x00, 0x1C, 0x7E, 0x7E, 0x62, 0x46, 0x7E, 0x7E,
  0x62, 0x46, 0x62, 0x46, 0x7E, 0x7E, 0x60, 0x06, 0x6F, 0xF6, 0x62, 0x46,
  0x62, 0x46, 0x6F, 0xF6, 0x62, 0x46, 0x64, 0x46, 0x6C, 0x46, 0x20, 0x1C,
  0x00, 0x00, 0x7E, 0x7E, 0x62, 0x46, 0x7E, 0x7E, 0x62, 0x46, 0x62, 0x46,
  0x7E, 0x7E, 0x60, 0x06, 0x67, 0xE6, 0x64, 0x26, 0x64, 0x26, 0x67, 0xE6,
  0x64, 0x26, 0x67, 0xE6, 0x64, 0x06, 0x20, 0x1C, 0x3E, 0x7C, 0x22, 0x44,
  0x3E, 0x7C, 0x22, 0x44, 0x3E, 0x7C, 0x20, 0x04, 0x21, 0xC4, 0x24, 0x24,
  0x2F, 0xF4, 0x24, 0x24, 0x27, 0xE4, 0x22, 0x84, 0x26, 0x94, 0x2C, 0x74,
  0x00, 0x0C, 0x7E, 0x7E, 0x62, 0x42, 0x7E, 0x7E, 0x62, 0x42, 0x7E, 0x7E,
  0x64, 0x42, 0x6C, 0x82, 0x66, 0x62, 0x64, 0x52, 0x6F, 0xF2, 0x60, 0x82,
  0x68, 0x92, 0x6E, 0xF2, 0x62, 0x86, 0x00, 0x0C, 0x00, 0x20, 0x7C, 0x20,
  0x64, 0x20, 0x4F, 0xFE, 0x48, 0xC0, 0x48, 0xC0, 0x48, 0xC0, 0x4C, 0xFC,
  0x44, 0x84, 0x44, 0x84, 0x44, 0x84, 0x5D, 0x84, 0x41, 0x04, 0x43, 0x04,
  0x46, 0x0C, 0x44, 0x38, 0x00, 0x00, 0x00, 0x40, 0x7C, 0x40, 0x48, 0xFC,
  0x49, 0x88, 0x4B, 0x58, 0x50, 0x30, 0x58, 0x78, 0x49, 0x9E, 0x4E, 0x10,
  0x45, 0xFE, 0x4C, 0x90, 0x58, 0x90, 0x43, 0xFE, 0x40, 0x10, 0x40, 0x10,
  0x00, 0x10, 0x00, 0x20, 0x7C, 0x70, 0x48, 0xD8, 0x49, 0x8C, 0x4B, 0x06,
  0x51, 0xFA, 0x48, 0x20, 0x48, 0x20, 0x47, 0xFE, 0x44, 0x20, 0x4C, 0x20,
  0x59, 0x2C, 0x43, 0x24, 0x42, 0x22, 0x44, 0x22, 0x40, 0xE0, 0x00, 0x00,
  0x7B, 0xFE, 0x48, 0x00, 0x49, 0xFC, 0x49, 0x04, 0x51, 0x04, 0x59, 0xFC,
  0x48, 0x00, 0x4B, 0xFE, 0x4A, 0x52, 0x4A, 0x9E, 0x5A, 0x02, 0x42, 0xFA,
  0x42, 0x22, 0x42, 0x22, 0x42, 0x2E, 0x00, 0x00, 0x79, 0x20, 0x4B, 0xFE,
  0x4A, 0x56, 0x5D, 0x94, 0x52, 0x88, 0x51, 0x0C, 0x4F, 0xFE, 0x4C, 0x00,
  0x48, 0x00, 0x4B, 0xFC, 0x78, 0x20, 0x42, 0x28, 0x42, 0x24, 0x44, 0x22,
  0x40, 0xC0, 0x00, 0x20, 0x7A, 0xFE, 0x4B, 0x40, 0x48, 0x7C, 0x50, 0x88,
  0x52, 0xFE, 0x52, 0x00, 0x48, 0x7C, 0x4F, 0x44, 0x49, 0x7C, 0x49, 0x44,
  0x79, 0x7C, 0x41, 0x44, 0x43, 0x4C, 0x46, 0x80, 0x44, 0x7E, 0x00, 0x00,
  0x08, 0x20, 0x08, 0x24, 0x7F, 0x2C, 0x00, 0x68, 0x15, 0x7E, 0x0D, 0xC8,
  0x11, 0xC8, 0x3F, 0x7E, 0x08, 0x48, 0x7F, 0x48, 0x49, 0x7E, 0x55, 0x48,
  0x7D, 0x48, 0x43, 0x48, 0x41, 0x7E, 0x43, 0x40, 0x00, 0x00, 0x24, 0x6C,
  0x7F, 0x48, 0x24, 0x48, 0x7E, 0xFE, 0x49, 0xC8, 0x49, 0xC8, 0x7E, 0x7E,
  0x08, 0x48, 0x7E, 0x48, 0x08, 0x7E, 0x7F, 0x48, 0x18, 0x48, 0x1C, 0x48,
  0x22, 0x7E, 0x40, 0x40, 0x7F, 0xFE, 0x01, 0x80, 0x01, 0x80, 0x01, 0x80,
  0x3F, 0xFC, 0x21, 0x84, 0x29, 0xE4, 0x2D, 0xB4, 0x21, 0x84, 0x21, 0x84,
  0x29, 0xE4, 0x27, 0x94, 0x21, 0x84, 0x21, 0x84, 0x21, 0x1C, 0x00, 0x00,
  0x3F, 0xFC, 0x01, 0x80, 0x7F, 0xFE, 0x41, 0x82, 0x5D, 0xBA, 0x01, 0x80,
  0x00, 0x00, 0x1F, 0xF8, 0x11, 0x08, 0x1F, 0xF8, 0x11, 0x08, 0x1F, 0xF8,
  0x11, 0x02, 0x01, 0x82, 0x00, 0xFE, 0x3F, 0xFC, 0x01, 0x00, 0x7F, 0xFE,
  0x41, 0x02, 0x5D, 0x7A, 0x01, 0x00, 0x00, 0x00, 0x7F, 0xFE, 0x01, 0x00,
  0x01, 0x00, 0x3F, 0xFC, 0x22, 0x44, 0x22, 0x44, 0x22, 0x44, 0x22, 0x4C,
  0x3F, 0xFC, 0x01, 0x80, 0x7F, 0xFE, 0x5D, 0xB2, 0x01, 0x80, 0x1D, 0xB8,
  0x3E, 0x7C, 0x22, 0xCC, 0x23, 0xF8, 0x3E, 0x38, 0x08, 0x4E, 0x2E, 0xFC,
  0x28, 0x44, 0x2A, 0x7C, 0x7C, 0x00, 0x08, 0x0C, 0x7E, 0xF4, 0x08, 0xA4,
  0x7F, 0x92, 0x09, 0x12, 0x7F, 0xFC, 0x00, 0xFC, 0x7E, 0x24, 0x4B, 0xFE,
  0x4A, 0x24, 0x4A, 0x24, 0x7E, 0xFC, 0x42, 0x24, 0x42, 0x20, 0x42, 0x20,
  0x46, 0x60, 0x7F, 0xFE, 0x01, 0x00, 0x01, 0x00, 0x01, 0x00, 0x3F, 0xFC,
  0x24, 0x24, 0x24, 0x24, 0x27, 0xE4, 0x24, 0x24, 0x24, 0x24, 0x27, 0xE4,
  0x24, 0x24, 0x24, 0x24, 0x3F, 0xFC, 0x20, 0x04, 0x00, 0x00, 0x08, 0x7E,
  0x3E, 0x12, 0x12, 0x12, 0x7F, 0x12, 0x00, 0x52, 0x3F, 0x52, 0x23, 0x52,
  0x3F, 0x92, 0x04, 0x32, 0x3F, 0x22, 0x24, 0x26, 0x24, 0x24, 0x7F, 0xC4,
  0x04, 0x44, 0x04, 0x9C, 0x00, 0x00, 0x00, 0x00, 0x01, 0x80, 0x3F, 0xFC,
  0x08, 0x10, 0x04, 0x30, 0x04, 0x20, 0x7F, 0xFE, 0x00, 0x00, 0x1F, 0xF8,
  0x10, 0x08, 0x10, 0x08, 0x1F, 0xF8, 0x10, 0x08, 0x10, 0x08, 0x1F, 0xF8,
  0x10, 0x08, 0x00, 0x00, 0x23, 0xDE, 0x6B, 0xD2, 0x32, 0x54, 0x2F, 0xD2,
  0x7A, 0x52, 0x17, 0xF6, 0x61, 0x10, 0x1F, 0xFC, 0x04, 0x20, 0x7F, 0xFE,
  0x00, 0x00, 0x18, 0x08, 0x1F, 0xF8, 0x1F, 0xF8, 0x10, 0x08, 0x7F, 0xFE,
  0x01, 0x80, 0x01, 0x00, 0x1F, 0xF8, 0x10, 0x08, 0x1F, 0xF8, 0x10, 0x08,
  0x10, 0x08, 0x1F, 0xF8, 0x10, 0x08, 0x1F, 0xF8, 0x04, 0x00, 0x0C, 0x38,
  0x70, 0x0E, 0x00, 0x00, 0x00, 0x00, 0x02, 0xFE, 0x0A, 0x10, 0x0A, 0x10,
  0x0A, 0xFE, 0x0A, 0x82, 0x0A, 0xFE, 0x4A, 0x82, 0x4A, 0x82, 0x4A, 0xFE,
  0x4A, 0x82, 0x4A, 0x82, 0x4A, 0xFE, 0x42, 0x4C, 0x42, 0xC6, 0x01, 0x02,
  0x00, 0x00, 0x0B, 0xFE, 0x10, 0x20, 0x60, 0x20, 0x41, 0xFE, 0x01, 0x06,
  0x09, 0xFE, 0x11, 0x06, 0x61, 0x06, 0x01, 0xFE, 0x05, 0x06, 0x09, 0xFE,
  0x18, 0x00, 0x71, 0x8C, 0x47, 0x06, 0x00, 0x00, 0x00, 0x00, 0x7F, 0xFE,
  0x04, 0x30, 0x28, 0x20, 0x18, 0xFE, 0x0C, 0x82, 0x7F, 0xFE, 0x12, 0x82,
  0x12, 0x82, 0x14, 0xFE, 0x10, 0x82, 0x10, 0x82, 0x10, 0xFE, 0x10, 0x48,
  0x11, 0x84, 0x73, 0x02, 0x00, 0x00, 0x7F, 0xFE, 0x00, 0x10, 0x00, 0x30,
  0x7E, 0xFE, 0x42, 0x82, 0x42, 0xFE, 0x7E, 0x82, 0x00, 0x82, 0x04, 0xFE,
  0x24, 0x82, 0x24, 0x82, 0x24, 0xFE, 0x1E, 0x40, 0x60, 0xC6, 0x01, 0x02,
  0x7F, 0xFE, 0x00, 0x10, 0x2A, 0x10, 0x52, 0xFE, 0x54, 0x82, 0x52, 0xFE,
  0x2A, 0x82, 0x00, 0x82, 0x7F, 0xFE, 0x08, 0x82, 0x08, 0x82, 0x08, 0xFE,
  0x3F, 0x6C, 0x60, 0xC6, 0x01, 0x02, 0x7F, 0xFE, 0x49, 0x10, 0x49, 0x10,
  0x7F, 0xFE, 0x49, 0x82, 0x7F, 0xFE, 0x08, 0x82, 0x08, 0x82, 0x7F, 0xFE,
  0x18, 0x82, 0x1C, 0x82, 0x2B, 0xFE, 0x48, 0x64, 0x08, 0xC6, 0x09, 0x02,
  0x08, 0x00, 0x08, 0xFE, 0x7F, 0x10, 0x24, 0x10, 0x1C, 0xFE, 0x22, 0xC2,
  0x7F, 0xFE, 0x44, 0xC2, 0x4C, 0xC2, 0x50, 0xFE, 0x46, 0xC2, 0x58, 0xC2,
  0x43, 0xFE, 0x46, 0x6C, 0x5C, 0xC6, 0x11, 0x02, 0x00, 0x00, 0x6A, 0xFE,
  0x2A, 0x10, 0x7F, 0x30, 0x18, 0xFE, 0x3E, 0x82, 0x6A, 0xFE, 0x08, 0x82,
  0x00, 0x82, 0x08, 0xFE, 0x7F, 0x82, 0x08, 0x82, 0x1C, 0xFE, 0x36, 0x48,
  0x61, 0xC6, 0x01, 0x02, 0x7F, 0x7E, 0x41, 0x10, 0x7F, 0x10, 0x41, 0x7E,
  0x7F, 0x42, 0x22, 0x7E, 0x6D, 0x42, 0x75, 0x42, 0x32, 0x7E, 0x25, 0x42,
  0x7F, 0xC2, 0x00, 0x7E, 0x55, 0x24, 0x54, 0x66, 0x00, 0x82, 0x1F, 0xF8,
  0x10, 0x08, 0x10, 0xE8, 0x1F, 0x88, 0x11, 0x08, 0x37, 0xE8, 0x35, 0x28,
  0x35, 0x28, 0x25, 0x2C, 0x27, 0xEC, 0x21, 0x04, 0x21, 0x24, 0x2F, 0xF4,
  0x40, 0x16, 0x40, 0x02, 0x00, 0x00, 0x18, 0x30, 0x14, 0x30, 0x26, 0x48,
  0x7E, 0xC4, 0x41, 0x86, 0x3F, 0xFC, 0x22, 0x10, 0x3E, 0x10, 0x23, 0xFE,
  0x3E, 0x10, 0x20, 0x94, 0x3E, 0x94, 0x21, 0x92, 0x3F, 0x12, 0x20, 0x30,
  0x00, 0x60, 0x08, 0x10, 0x0C, 0x10, 0x04, 0x20, 0x7F, 0xFE, 0x01, 0x00,
  0x1F, 0xF8, 0x10, 0x08, 0x10, 0x08, 0x1F, 0xF8, 0x10, 0x08, 0x10, 0x08,
  0x1F, 0xF8, 0x10, 0x08, 0x10, 0x08, 0x1F, 0xF8, 0x10, 0x08, 0x00, 0x60,
  0x7E, 0x30, 0x48, 0x08, 0x7E, 0xFE, 0x48, 0x10, 0x48, 0x10, 0x7E, 0x10,
  0x48, 0x10, 0x48, 0xFE, 0x7E, 0x10, 0x02, 0x10, 0x4E, 0x10, 0x4A, 0x10,
  0x42, 0x10, 0x03, 0xFE, 0x0E, 0x00, 0x00, 0x20, 0x7E, 0x30, 0x48, 0x48,
  0x48, 0x84, 0x7F, 0x7A, 0x48, 0x00, 0x7C, 0xEE, 0x49, 0x32, 0x49, 0x32,
  0x7F, 0xFE, 0x02, 0x00, 0x6A, 0x88, 0x66, 0xC8, 0x62, 0xCC, 0x07, 0x32,
  0x0C, 0x00, 0x12, 0x00, 0x7F, 0x60, 0x32, 0x7E, 0x61, 0xAC, 0x3D, 0x38,
  0x3D, 0x6E, 0x02, 0x02, 0x1F, 0xF8, 0x11, 0x80, 0x1F, 0xF8, 0x1F, 0xF8,
  0x11, 0x80, 0x1F, 0xFE, 0x20, 0x24, 0x24, 0x94, 0x44, 0x1C, 0x00, 0x00,
  0x3C, 0x28, 0x24, 0xFE, 0x2C, 0xAA, 0x24, 0xFE, 0x7E, 0xAA, 0x42, 0xFE,
  0x43, 0x00, 0x24, 0x00, 0x24, 0xFC, 0x3C, 0x84, 0x24, 0x84, 0x3C, 0xFC,
  0x24, 0x48, 0x25, 0xFE, 0x2C, 0x00, 0x00, 0x00, 0x01, 0x80, 0x7F, 0xFE,
  0x00, 0x00, 0x0F, 0xF0, 0x08, 0x10, 0x0F, 0xF0, 0x00, 0x00, 0x3F, 0xFC,
  0x20, 0x04, 0x20, 0x04, 0x27, 0xE4, 0x24, 0x24, 0x27, 0xE4, 0x24, 0x04,
  0x20, 0x1C, 0x00, 0x00, 0x3F, 0x18, 0x3F, 0x60, 0x20, 0x0C, 0x3F, 0x30,
  0x7F, 0x86, 0x13, 0x18, 0x7F, 0x60, 0x08, 0x38, 0x7E, 0x8C, 0x19, 0x86,
  0x1D, 0x62, 0x2E, 0x48, 0x48, 0x4C, 0x09, 0xFC, 0x08, 0x00, 0x00, 0x00,
  0x3E, 0xFC, 0x24, 0x24, 0x3E, 0xF4, 0x24, 0x24, 0x3E, 0xFC, 0x21, 0x04,
  0x2F, 0xF4, 0x21, 0x04, 0x2F, 0xE4, 0x29, 0x04, 0x29, 0x04, 0x29, 0x04,
  0x29, 0x64, 0x21, 0x04, 0x20, 0x1C, 0x10, 0x08, 0x73, 0xCE, 0x31, 0x9C,
  0x3B, 0xDC, 0x50, 0x6A, 0x13, 0xC8, 0x00, 0x00, 0x7F, 0xFE, 0x6A, 0x9A,
  0x24, 0xE0, 0x20, 0x88, 0x3F, 0xB0, 0x20, 0x06, 0x3C, 0x0C, 0x20, 0xB8,
  0x1F, 0x40, 0x00, 0x00, 0x00, 0x60, 0x7D, 0xFC, 0x4D, 0x04, 0x4D, 0xFC,
  0x4D, 0x04, 0x4D, 0xFC, 0x4D, 0x00, 0x4D, 0xFE, 0x4D, 0x00, 0x7D, 0xFE,
  0x40, 0x02, 0x02, 0xAA, 0x04, 0xAA, 0x04, 0x86, 0x00, 0x1C, 0x00, 0x00,
  0x01, 0x80, 0x7F, 0xFE, 0x09, 0x80, 0x19, 0x90, 0x3D, 0xB8, 0x67, 0xE6,
  0x0D, 0x30, 0x1B, 0x18, 0x67, 0xE6, 0x18, 0x20, 0x36, 0x40, 0x01, 0xC0,
  0x03, 0x60, 0x3C, 0x18, 0x20, 0x08, 0x00, 0x10, 0x7F, 0x10, 0x49, 0x14,
  0x6B, 0x14, 0x5D, 0x10, 0x49, 0xFE, 0x3F, 0x10, 0x08, 0x10, 0x7F, 0x10,
  0x08, 0x38, 0x0F, 0x28, 0x70, 0x28, 0x04, 0x44, 0x55, 0x46, 0x54, 0x82,
  0x00, 0x00, 0x00, 0x10, 0x7F, 0x10, 0x4B, 0x10, 0x6F, 0x10, 0x5D, 0x1E,
  0x49, 0x10, 0x7E, 0x10, 0x08, 0x10, 0x7F, 0xFE, 0x08, 0xC2, 0x7F, 0xC2,
  0x00, 0xC2, 0x12, 0xC2, 0x55, 0xC2, 0x54, 0xFE, 0x00, 0x00, 0x00, 0x00,
  0x11, 0x80, 0x11, 0xFC, 0x11, 0x80, 0x7F, 0xFE, 0x04, 0x20, 0x24, 0x64,
  0x2E, 0x74, 0x20, 0x94, 0x3F, 0xFC, 0x24, 0x24, 0x24, 0x64, 0x2A, 0x74,
  0x20, 0x94, 0x3F, 0xFC, 0x20, 0x04, 0x00, 0x00, 0x00, 0x02, 0x00, 0x04,
  0x00, 0x0C, 0x00, 0x08, 0x00, 0x08, 0x00, 0x10, 0x00, 0x10, 0x00, 0x10,
  0x00, 0x10, 0x00, 0x18, 0x00, 0x08, 0x00, 0x08, 0x00, 0x0C, 0x00, 0x04,
  0x00, 0x02, 0x00, 0x00, 0x40, 0x00, 0x20, 0x00, 0x30, 0x00, 0x10, 0x00,
  0x10, 0x00, 0x18, 0x00, 0x08, 0x00, 0x08, 0x00, 0x08, 0x00, 0x18, 0x00,
  0x10, 0x00, 0x10, 0x00, 0x30, 0x00, 0x20, 0x00, 0x40, 0x00, 0x00, 0x00,
  0x18, 0x00, 0x18, 0x00, 0x08, 0x00, 0x18, 0x00, 0x30, 0x00, 0x00, 0x00,
  0x00, 0x02, 0x00, 0x04, 0x00, 0x08, 0x00, 0x10, 0x00, 0x20, 0x00, 0x40,
  0x00, 0x80, 0x01, 0x00, 0x02, 0x00, 0x04, 0x00, 0x08, 0x00, 0x10, 0x00,
  0x20, 0x00, 0x40, 0x00, 0x00, 0x00, 0x00, 0x00, 0x01, 0x80, 0x01, 0x80,
  0x00, 0x00, 0x00, 0x00, 0x00, 0x00, 0x00, 0x00, 0x00, 0x00, 0x00, 0x00,
  0x01, 0x80, 0x01, 0x80, 0x00, 0x00, 0x00, 0x00, 0x01, 0x80, 0x01, 0x80,
  0x00, 0x00, 0x00, 0x00, 0x00, 0x00, 0x00, 0x00, 0x00, 0x00, 0x01, 0x80,
  0x01, 0x80, 0x00, 0x80, 0x00, 0x80, 0x01, 0x80, 0x03, 0x00, 0x00, 0x00,
};

const GFXglyph SourceHanSansTC_UI8pt8bGlyphs[] PROGMEM = {
  {     0,   0,   0,   4,    0,    0 }, // 0x0020
  {     0,   5,  13,   5,    0,  -13 }, // 0x0021
  {     9,   8,  13,   8,    0,  -13 }, // 0x0022
  {    22,   9,  12,   9,    0,  -12 }, // 0x0023
  {    36,   9,  16,   9,    0,  -14 }, // 0x0024
  {    54,  15,  12,  15,    0,  -12 }, // 0x0025
  {    77,  11,  12,  11,    0,  -12 }, // 0x0026
  {    94,   4,  13,   4,    0,  -13 }, // 0x0027
  {   101,   5,  17,   5,    0,  -13 }, // 0x0028
  {   112,   5,  17,   5,    0,  -13 }, // 0x0029
  {   123,   7,  13,   7,    0,  -13 }, // 0x002A
  {   135,   9,  10,   9,    0,  -10 }, // 0x002B
  {   147,   4,   7,   4,    0,   -3 }, // 0x002C
  {   151,   6,   5,   6,    0,   -5 }, // 0x002D
  {   155,   4,   3,   4,    0,   -3 }, // 0x002E
  {   157,   7,  16,   6,    0,  -13 }, // 0x002F
  {   171,   9,  12,   9,    0,  -12 }, // 0x0030
  {   185,   9,  12,   9,    0,  -12 }, // 0x0031
  {   199,   9,  12,   9,    0,  -12 }, // 0x0032
  {   213,   9,  12,   9,    0,  -12 }, // 0x0033
  {   227,   9,  12,   9,    0,  -12 }, // 0x0034
  {   241,   9,  12,   9,    0,  -12 }, // 0x0035
  {   255,   9,  12,   9,    0,  -12 }, // 0x0036
  {   269,   9,  12,   9,    0,  -12 }, // 0x0037
  {   283,   9,  12,   9,    0,  -12 }, // 0x0038
  {   297,   9,  12,   9,    0,  -12 }, // 0x0039
  {   311,   4,   9,   4,    0,   -9 }, // 0x003A
  {   316,   4,  13,   4,    0,   -9 }, // 0x003B
  {   323,   9,  10,   9,    0,  -10 }, // 0x003C
  {   335,   9,   9,   9,    0,   -9 }, // 0x003D
  {   346,   9,  10,   9,    0,  -10 }, // 0x003E
  {   358,   8,  13,   8,    0,  -13 }, // 0x003F
  {   371,  15,  15,  15,    0,  -12 }, // 0x0040
  {   400,  10,  12,  10,    0,  -12 }, // 0x0041
  {   415,  11,  12,  11,    0,  -12 }, // 0x0042
  {   432,  10,  12,  10,    0,  -12 }, // 0x0043
  {   447,  11,  12,  11,    0,  -12 }, // 0x0044
  {   464,   9,  12,   9,    0,  -12 }, // 0x0045
  {   478,   9,  12,   9,    0,  -12 }, // 0x0046
  {   492,  11,  12,  11,    0,  -12 }, // 0x0047
  {   509,  12,  12,  12,    0,  -12 }, // 0x0048
  {   527,   5,  12,   5,    0,  -12 }, // 0x0049
  {   535,   9,  12,   9,    0,  -12 }, // 0x004A
  {   549,  11,  12,  10,    0,  -12 }, // 0x004B
  {   566,   9,  12,   9,    0,  -12 }, // 0x004C
  {   580,  13,  12,  13,    0,  -12 }, // 0x004D
  {   600,  12,  12,  12,    0,  -12 }, // 0x004E
  {   618,  12,  12,  12,    0,  -12 }, // 0x004F
  {   636,  10,  12,  10,    0,  -12 }, // 0x0050
  {   651,  12,  15,  12,    0,  -12 }, // 0x0051
  {   674,  10,  12,  10,    0,  -12 }, // 0x0052
  {   689,  10,  12,  10,    0,  -12 }, // 0x0053
  {   704,  10,  12,  10,    0,  -12 }, // 0x0054
  {   719,  12,  12,  12,    0,  -12 }, // 0x0055
  {   737,  10,  12,   9,    0,  -12 }, // 0x0056
  {   752,  14,  12,  14,    0,  -12 }, // 0x0057
  {   773,   9,  12,   9,    0,  -12 }, // 0x0058
  {   787,  10,  12,   9,   -1,  -12 }, // 0x0059
  {   802,  10,  12,  10,    0,  -12 }, // 0x005A
  {   817,   5,  16,   5,    0,  -13 }, // 0x005B
  {   827,   7,  16,   6,    0,  -13 }, // 0x005C
  {   841,   5,  16,   5,    0,  -13 }, // 0x005D
  {   851,   9,  12,   9,    0,  -12 }, // 0x005E
  {   865,   9,   2,   9,    0,    0 }, // 0x005F
  {   868,  10,  14,  10,    0,  -14 }, // 0x0060
  {   886,   9,   9,   9,    0,   -9 }, // 0x0061
  {   897,  10,  13,  10,    0,  -13 }, // 0x0062
  {   914,   8,   9,   8,    0,   -9 }, // 0x0063
  {   923,  10,  13,  10,    0,  -13 }, // 0x0064
  {   940,   9,   9,   9,    0,   -9 }, // 0x0065
  {   951,   6,  14,   5,    0,  -14 }, // 0x0066
  {   962,   9,  13,   9,    0,   -9 }, // 0x0067
  {   977,  10,  13,  10,    0,  -13 }, // 0x0068
  {   994,   4,  13,   4,    0,  -13 }, // 0x0069
  {  1001,   5,  17,   4,   -1,  -13 }, // 0x006A
  {  1012,   9,  14,   9,    0,  -14 }, // 0x006B
  {  1028,   5,  13,   5,    0,  -13 }, // 0x006C
  {  1037,  15,   9,  15,    0,   -9 }, // 0x006D
  {  1054,  10,   9,  10,    0,   -9 }, // 0x006E
  {  1066,  10,   9,  10,    0,   -9 }, // 0x006F
  {  1078,  10,  13,  10,    0,   -9 }, // 0x0070
  {  1095,  10,  13,  10,    0,   -9 }, // 0x0071
  {  1112,   7,   9,   6,    0,   -9 }, // 0x0072
  {  1120,   7,   9,   7,    0,   -9 }, // 0x0073
  {  1128,   6,  12,   6,    0,  -12 }, // 0x0074
  {  1137,  10,   9,  10,    0,   -9 }, // 0x0075
  {  1149,   9,   9,   8,    0,   -9 }, // 0x0076
  {  1160,  13,   9,  13,    0,   -9 }, // 0x0077
  {  1175,   8,   9,   8,    0,   -9 }, // 0x0078
  {  1184,   9,  13,   8,    0,   -9 }, // 0x0079
  {  1199,   8,   9,   8,    0,   -9 }, // 0x007A
  {  1208,   5,  16,   5,    0,  -13 }, // 0x007B
  {  1218,   4,  18,   4,    0,  -13 }, // 0x007C
  {  1227,   5,  16,   5,    0,  -13 }, // 0x007D
  {  1237,   9,   8,   9,    0,   -8 }, // 0x007E
  {  1246,   9,   7,   9,    0,   -7 }, // 0x00B7
  {  1254,  16,  11,  16,    0,  -11 }, // 0x00D7
  {  1276,   9,  13,   9,    0,  -13 }, // 0x00E3
  {  1291,   9,   5,   9,    0,   -5 }, // 0x2013
  {  1297,  14,   5,  14,    0,   -5 }, // 0x2014
  {  1306,  16,   7,  16,    0,   -7 }, // 0x2026
  {  1320,  16,  10,  16,    0,  -10 }, // 0x2192
  {  1340,  16,  16,  16,    0,  -14 }, // 0x25B6
  {  1372,  16,  16,  16,    0,  -14 }, // 0x25C0
  {  1404,  16,  15,  16,    0,  -13 }, // 0x25CF
  {  1434,  11,  13,  11,    0,  -12 }, // 0x2713
  {  1452,  16,   1,  16,    0,    0 }, // 0x3000
  {  1454,  16,   5,  16,    0,   -3 }, // 0x3001
  {  1464,  16,   6,  16,    0,   -4 }, // 0x3002
  {  1476,  16,  14,  16,    0,  -14 }, // 0x300C
  {  1504,  16,  12,  16,    0,  -10 }, // 0x300D
  {  1528,  16,   7,  16,    0,   -7 }, // 0x4E00
  {  1542,  16,  13,  16,    0,  -12 }, // 0x4E09
  {  1568,  16,  15,  16,    0,  -14 }, // 0x4E0A
  {  1598,  16,  15,  16,    0,  -13 }, // 0x4E0B
  {  1628,  16,  15,  16,    0,  -13 }, // 0x4E0D
  {  1658,  16,  14,  16,    0,  -13 }, // 0x4E14
  {  1686,  16,  16,  16,    0,  -14 }, // 0x4E16
  {  1718,  16,  15,  16,    0,  -14 }, // 0x4E26
  {  1748,  16,  16,  16,    0,  -14 }, // 0x4E2D
  {  1780,  16,  16,  16,    0,  -14 }, // 0x4E38
  {  1812,  16,  16,  16,    0,  -14 }, // 0x4E3B
  {  1844,  16,  16,  16,    0,  -14 }, // 0x4E45
  {  1876,  16,  16,  16,    0,  -14 }, // 0x4E4F
  {  1908,  16,  16,  16,    0,  -14 }, // 0x4E5F
  {  1940,  16,  17,  16,    0,  -14 }, // 0x4E82
  {  1974,  16,  16,  16,    0,  -14 }, // 0x4E8B
  {  2006,  16,  12,  16,    0,  -12 }, // 0x4E8C
  {  2030,  16,  13,  16,    0,  -12 }, // 0x4E94
  {  2056,  16,  17,  16,    0,  -14 }, // 0x4EAE
  {  2090,  16,  14,  16,    0,  -13 }, // 0x4EBA
  {  2118,  16,  16,  16,    0,  -14 }, // 0x4ECA
  {  2150,  16,  17,  16,    0,  -14 }, // 0x4ECD
  {  2184,  16,  16,  16,    0,  -14 }, // 0x4ED6
  {  2216,  16,  17,  16,    0,  -14 }, // 0x4EE3
  {  2250,  16,  16,  16,    0,  -14 }, // 0x4EE4
  {  2282,  16,  14,  16,    0,  -13 }, // 0x4EE5
  {  2310,  16,  16,  16,    0,  -14 }, // 0x4EFB
  {  2342,  16,  16,  16,    0,  -14 }, // 0x4F38
  {  2374,  16,  16,  16,    0,  -14 }, // 0x4F3A
  {  2406,  16,  16,  16,    0,  -14 }, // 0x4F46
  {  2438,  16,  16,  16,    0,  -14 }, // 0x4F47
  {  2470,  16,  16,  16,    0,  -14 }, // 0x4F48
  {  2502,  16,  16,  16,    0,  -14 }, // 0x4F4D
  {  2534,  16,  16,  16,    0,  -14 }, // 0x4F4E
  {  2566,  16,  16,  16,    0,  -14 }, // 0x4F4F
  {  2598,  16,  16,  16,    0,  -14 }, // 0x4F5B
  {  2630,  16,  16,  16,    0,  -14 }, // 0x4F5C
  {  2662,  16,  16,  16,    0,  -14 }, // 0x4F7F
  {  2694,  16,  16,  16,    0,  -14 }, // 0x4F86
  {  2726,  16,  17,  16,    0,  -14 }, // 0x4F8B
  {  2760,  16,  16,  16,    0,  -14 }, // 0x4F9B
  {  2792,  16,  16,  16,    0,  -14 }, // 0x4F9D
  {  2824,  16,  16,  16,    0,  -14 }, // 0x4FC3
  {  2856,  16,  16,  16,    0,  -14 }, // 0x4FD7
  {  2888,  16,  16,  16,    0,  -14 }, // 0x4FDD
  {  2920,  16,  16,  16,    0,  -14 }, // 0x4FE1
  {  2952,  16,  16,  16,    0,  -14 }, // 0x4FEE
  {  2984,  16,  16,  16,    0,  -14 }, // 0x4FF1
  {  3016,  16,  16,  16,    0,  -14 }, // 0x500B
  {  3048,  16,  16,  16,    0,  -14 }, // 0x5012
  {  3080,  16,  16,  16,    0,  -14 }, // 0x5019
  {  3112,  16,  17,  16,    0,  -14 }, // 0x5026
  {  3146,  16,  16,  16,    0,  -14 }, // 0x503C
  {  3178,  16,  16,  16,    0,  -14 }, // 0x5047
  {  3210,  16,  16,  16,    0,  -14 }, // 0x504F
  {  3242,  16,  16,  16,    0,  -14 }, // 0x505C
  {  3274,  16,  16,  16,    0,  -14 }, // 0x5075
  {  3306,  16,  16,  16,    0,  -14 }, // 0x5099
  {  3338,  16,  16,  16,    0,  -14 }, // 0x50B3
  {  3370,  16,  16,  16,    0,  -14 }, // 0x50B7
  {  3402,  16,  16,  16,    0,  -14 }, // 0x50C5
  {  3434,  16,  16,  16,    0,  -14 }, // 0x50F5
  {  3466,  16,  16,  16,    0,  -14 }, // 0x512A
  {  3498,  16,  16,  16,    0,  -14 }, // 0x5132
  {  3530,  16,  17,  16,    0,  -14 }, // 0x5141
  {  3564,  16,  15,  16,    0,  -13 }, // 0x5143
  {  3594,  16,  17,  16,    0,  -14 }, // 0x5145
  {  3628,  16,  16,  16,    0,  -14 }, // 0x5148
  {  3660,  16,  17,  16,    0,  -14 }, // 0x5149
  {  3694,  16,  16,  16,    0,  -14 }, // 0x514B
  {  3726,  16,  15,  16,    0,  -13 }, // 0x5165
  {  3756,  16,  16,  16,    0,  -13 }, // 0x5167
  {  3788,  16,  16,  16,    0,  -14 }, // 0x5168
  {  3820,  16,  15,  16,    0,  -13 }, // 0x5169
  {  3850,  16,  16,  16,    0,  -14 }, // 0x516D
  {  3882,  16,  16,  16,    0,  -14 }, // 0x5176
  {  3914,  16,  16,  16,    0,  -13 }, // 0x518D
  {  3946,  16,  15,  16,    0,  -13 }, // 0x5192
  {  3976,  16,  16,  16,    0,  -14 }, // 0x51B7
  {  4008,  16,  16,  16,    0,  -14 }, // 0x51FA
  {  4040,  16,  17,  16,    0,  -14 }, // 0x5206
  {  4074,  16,  16,  16,    0,  -14 }, // 0x5207
  {  4106,  16,  17,  16,    0,  -14 }, // 0x5217
  {  4140,  16,  17,  16,    0,  -14 }, // 0x5225
  {  4174,  16,  16,  16,    0,  -14 }, // 0x5230
  {  4206,  16,  16,  16,    0,  -14 }, // 0x5236
  {  4238,  16,  17,  16,    0,  -14 }, // 0x523B
  {  4272,  16,  17,  16,    0,  -14 }, // 0x524D
  {  4306,  16,  17,  16,    0,  -14 }, // 0x525B
  {  4340,  16,  16,  16,    0,  -14 }, // 0x5269
  {  4372,  16,  17,  16,    0,  -14 }, // 0x5275
  {  4406,  16,  16,  16,    0,  -14 }, // 0x529B
  {  4438,  16,  16,  16,    0,  -14 }, // 0x529F
  {  4470,  16,  16,  16,    0,  -14 }, // 0x52A0
  {  4502,  16,  17,  16,    0,  -14 }, // 0x52A9
  {  4536,  16,  17,  16,    0,  -14 }, // 0x52D5
  {  4570,  16,  17,  16,    0,  -14 }, // 0x52D9
  {  4604,  16,  17,  16,    0,  -14 }, // 0x52FE
  {  4638,  16,  17,  16,    0,  -14 }, // 0x52FF
  {  4672,  16,  16,  16,    0,  -14 }, // 0x5316
  {  4704,  16,  15,  16,    0,  -13 }, // 0x5340
  {  4734,  16,  16,  16,    0,  -14 }, // 0x534A
  {  4766,  16,  16,  16,    0,  -14 }, // 0x5357
  {  4798,  16,  15,  16,    0,  -13 }, // 0x5373
  {  4828,  16,  15,  16,    0,  -13 }, // 0x539F
  {  4858,  16,  15,  16,    0,  -13 }, // 0x53AD
  {  4888,  16,  16,  16,    0,  -14 }, // 0x53BB
  {  4920,  16,  16,  16,    0,  -14 }, // 0x53CA
  {  4952,  16,  15,  16,    0,  -13 }, // 0x53CD
  {  4982,  16,  15,  16,    0,  -13 }, // 0x53D6
  {  5012,  16,  16,  16,    0,  -14 }, // 0x53D7
  {  5044,  16,  16,  16,    0,  -14 }, // 0x53DB
  {  5076,  16,  14,  16,    0,  -12 }, // 0x53E3
  {  5104,  16,  17,  16,    0,  -14 }, // 0x53E5
  {  5138,  16,  16,  16,    0,  -13 }, // 0x53E6
  {  5170,  16,  15,  16,    0,  -13 }, // 0x53EA
  {  5200,  16,  15,  16,    0,  -13 }, // 0x53ED
  {  5230,  16,  15,  16,    0,  -13 }, // 0x53EF
  {  5260,  16,  16,  16,    0,  -14 }, // 0x53F0
  {  5292,  16,  16,  16,    0,  -14 }, // 0x53F3
  {  5324,  16,  16,  16,    0,  -14 }, // 0x5404
  {  5356,  16,  16,  16,    0,  -14 }, // 0x5408
  {  5388,  16,  16,  16,    0,  -13 }, // 0x540C
  {  5420,  16,  16,  16,    0,  -14 }, // 0x540D
  {  5452,  16,  16,  16,    0,  -14 }, // 0x5411
  {  5484,  16,  15,  16,    0,  -13 }, // 0x5426
  {  5514,  16,  16,  16,    0,  -14 }, // 0x542B
  {  5546,  16,  16,  16,    0,  -14 }, // 0x5438
  {  5578,  16,  15,  16,    0,  -13 }, // 0x5446
  {  5608,  16,  17,  16,    0,  -14 }, // 0x547C
  {  5642,  16,  16,  16,    0,  -14 }, // 0x548C
  {  5674,  16,  15,  16,    0,  -13 }, // 0x5492
  {  5704,  16,  15,  16,    0,  -13 }, // 0x54ED
  {  5734,  16,  16,  16,    0,  -14 }, // 0x552F
  {  5766,  16,  16,  16,    0,  -14 }, // 0x555F
  {  5798,  16,  17,  16,    0,  -14 }, // 0x5587
  {  5832,  16,  16,  16,    0,  -14 }, // 0x5589
  {  5864,  16,  16,  16,    0,  -14 }, // 0x559A
  {  5896,  16,  16,  16,    0,  -14 }, // 0x559C
  {  5928,  16,  15,  16,    0,  -13 }, // 0x559D
  {  5958,  16,  16,  16,    0,  -14 }, // 0x55AA
  {  5990,  16,  15,  16,    0,  -13 }, // 0x55AE
  {  6020,  16,  16,  16,    0,  -14 }, // 0x5606
  {  6052,  16,  15,  16,    0,  -13 }, // 0x5668
  {  6082,  16,  16,  16,    0,  -14 }, // 0x56A8
  {  6114,  16,  15,  16,    0,  -13 }, // 0x56DB
  {  6144,  16,  15,  16,    0,  -13 }, // 0x56DE
  {  6174,  16,  15,  16,    0,  -13 }, // 0x56E0
  {  6204,  16,  15,  16,    0,  -13 }, // 0x56FA
  {  6234,  16,  15,  16,    0,  -13 }, // 0x5708
  {  6264,  16,  15,  16,    0,  -13 }, // 0x570D
  {  6294,  16,  15,  16,    0,  -13 }, // 0x5716
  {  6324,  16,  16,  16,    0,  -14 }, // 0x5728
  {  6356,  16,  16,  16,    0,  -14 }, // 0x5730
  {  6388,  16,  16,  16,    0,  -14 }, // 0x5740
  {  6420,  16,  17,  16,    0,  -14 }, // 0x5747
  {  6454,  16,  16,  16,    0,  -14 }, // 0x5750
  {  6486,  16,  16,  16,    0,  -14 }, // 0x578B
  {  6518,  16,  16,  16,    0,  -14 }, // 0x57CE
  {  6550,  16,  16,  16,    0,  -14 }, // 0x57DF
  {  6582,  16,  16,  16,    0,  -14 }, // 0x57E0
  {  6614,  16,  17,  16,    0,  -14 }, // 0x57F7
  {  6648,  16,  16,  16,    0,  -14 }, // 0x57FA
  {  6680,  16,  16,  16,    0,  -14 }, // 0x5831
  {  6712,  16,  16,  16,    0,  -14 }, // 0x586B
  {  6744,  16,  17,  16,    0,  -14 }, // 0x5883
  {  6778,  16,  16,  16,    0,  -14 }, // 0x589E
  {  6810,  16,  14,  16,    0,  -13 }, // 0x58D3
  {  6838,  16,  15,  16,    0,  -13 }, // 0x590F
  {  6868,  16,  16,  16,    0,  -14 }, // 0x5916
  {  6900,  16,  16,  16,    0,  -14 }, // 0x591A
  {  6932,  16,  16,  16,    0,  -14 }, // 0x591C
  {  6964,  16,  16,  16,    0,  -14 }, // 0x5922
  {  6996,  16,  16,  16,    0,  -14 }, // 0x5927
  {  7028,  16,  15,  16,    0,  -13 }, // 0x5929
  {  7058,  16,  16,  16,    0,  -14 }, // 0x592A
  {  7090,  16,  16,  16,    0,  -14 }, // 0x5931
  {  7122,  16,  16,  16,    0,  -14 }, // 0x5948
  {  7154,  16,  17,  16,    0,  -14 }, // 0x5957
  {  7188,  16,  17,  16,    0,  -14 }, // 0x597D
  {  7222,  16,  16,  16,    0,  -14 }, // 0x5982
  {  7254,  16,  16,  16,    0,  -14 }, // 0x59CB
  {  7286,  16,  16,  16,    0,  -14 }, // 0x59D4
  {  7318,  16,  16,  16,    0,  -14 }, // 0x5AC9
  {  7350,  16,  16,  16,    0,  -13 }, // 0x5B50
  {  7382,  16,  16,  16,    0,  -14 }, // 0x5B57
  {  7414,  16,  16,  16,    0,  -14 }, // 0x5B58
  {  7446,  16,  17,  16,    0,  -14 }, // 0x5B64
  {  7480,  16,  16,  16,    0,  -14 }, // 0x5B78
  {  7512,  16,  16,  16,    0,  -14 }, // 0x5B89
  {  7544,  16,  16,  16,    0,  -14 }, // 0x5B8C
  {  7576,  16,  16,  16,    0,  -14 }, // 0x5B9A
  {  7608,  16,  16,  16,    0,  -14 }, // 0x5BB3
  {  7640,  16,  16,  16,    0,  -14 }, // 0x5BB9
  {  7672,  16,  16,  16,    0,  -14 }, // 0x5BC2
  {  7704,  16,  16,  16,    0,  -14 }, // 0x5BC6
  {  7736,  16,  16,  16,    0,  -14 }, // 0x5BDE
  {  7768,  16,  16,  16,    0,  -14 }, // 0x5BDF
  {  7800,  16,  16,  16,    0,  -14 }, // 0x5BE6
  {  7832,  16,  17,  16,    0,  -14 }, // 0x5BEB
  {  7866,  16,  16,  16,    0,  -14 }, // 0x5C07
  {  7898,  16,  16,  16,    0,  -14 }, // 0x5C08
  {  7930,  16,  15,  16,    0,  -13 }, // 0x5C0B
  {  7960,  16,  17,  16,    0,  -14 }, // 0x5C0F
  {  7994,  16,  16,  16,    0,  -14 }, // 0x5C11
  {  8026,  16,  17,  16,    0,  -14 }, // 0x5C1A
  {  8060,  16,  15,  16,    0,  -13 }, // 0x5C48
  {  8090,  16,  15,  16,    0,  -13 }, // 0x5C55
  {  8120,  16,  16,  16,    0,  -14 }, // 0x5DE6
  {  8152,  16,  15,  16,    0,  -13 }, // 0x5DF1
  {  8182,  16,  15,  16,    0,  -13 }, // 0x5DF2
  {  8212,  16,  16,  16,    0,  -14 }, // 0x5E02
  {  8244,  16,  16,  16,    0,  -14 }, // 0x5E03
  {  8276,  16,  16,  16,    0,  -14 }, // 0x5E33
  {  8308,  16,  16,  16,    0,  -14 }, // 0x5E38
  {  8340,  16,  16,  16,    0,  -14 }, // 0x5E55
  {  8372,  16,  15,  16,    0,  -13 }, // 0x5E73
  {  8402,  16,  16,  16,    0,  -14 }, // 0x5E74
  {  8434,  16,  16,  16,    0,  -14 }, // 0x5E95
  {  8466,  16,  16,  16,    0,  -14 }, // 0x5EA6
  {  8498,  16,  16,  16,    0,  -14 }, // 0x5EAB
  {  8530,  16,  16,  16,    0,  -14 }, // 0x5EFA
  {  8562,  16,  16,  16,    0,  -14 }, // 0x5F0F
  {  8594,  16,  17,  16,    0,  -14 }, // 0x5F15
  {  8628,  16,  17,  16,    0,  -14 }, // 0x5F35
  {  8662,  16,  17,  16,    0,  -14 }, // 0x5F37
  {  8696,  16,  17,  16,    0,  -14 }, // 0x5F85
  {  8730,  16,  16,  16,    0,  -14 }, // 0x5F88
  {  8762,  16,  16,  16,    0,  -14 }, // 0x5F8B
  {  8794,  16,  16,  16,    0,  -14 }, // 0x5F8C
  {  8826,  16,  16,  16,    0,  -14 }, // 0x5F97
  {  8858,  16,  17,  16,    0,  -14 }, // 0x5F9E
  {  8892,  16,  16,  16,    0,  -14 }, // 0x5FA9
  {  8924,  16,  16,  16,    0,  -14 }, // 0x5FC3
  {  8956,  16,  16,  16,    0,  -14 }, // 0x5FC5
  {  8988,  16,  16,  16,    0,  -14 }, // 0x5FD0
  {  9020,  16,  15,  16,    0,  -13 }, // 0x5FD1
  {  9050,  16,  16,  16,    0,  -14 }, // 0x5FEB
  {  9082,  16,  16,  16,    0,  -14 }, // 0x5FF5
  {  9114,  16,  16,  16,    0,  -14 }, // 0x5FFD
  {  9146,  16,  16,  16,    0,  -14 }, // 0x6012
  {  9178,  16,  16,  16,    0,  -14 }, // 0x6015
  {  9210,  16,  16,  16,    0,  -14 }, // 0x6025
  {  9242,  16,  15,  16,    0,  -13 }, // 0x6050
  {  9272,  16,  16,  16,    0,  -14 }, // 0x6062
  {  9304,  16,  16,  16,    0,  -14 }, // 0x6065
  {  9336,  16,  16,  16,    0,  -14 }, // 0x606F
  {  9368,  16,  16,  16,    0,  -14 }, // 0x6094
  {  9400,  16,  16,  16,    0,  -14 }, // 0x60A8
  {  9432,  16,  16,  16,    0,  -14 }, // 0x60B2
  {  9464,  16,  15,  16,    0,  -13 }, // 0x60B6
  {  9494,  16,  16,  16,    0,  -14 }, // 0x60B8
  {  9526,  16,  17,  16,    0,  -14 }, // 0x60C5
  {  9560,  16,  16,  16,    0,  -14 }, // 0x60CB
  {  9592,  16,  16,  16,    0,  -14 }, // 0x60D8
  {  9624,  16,  16,  16,    0,  -14 }, // 0x60DC
  {  9656,  16,  15,  16,    0,  -13 }, // 0x60E1
  {  9686,  16,  16,  16,    0,  -14 }, // 0x60F1
  {  9718,  16,  16,  16,    0,  -14 }, // 0x60F3
  {  9750,  16,  16,  16,    0,  -14 }, // 0x610F
  {  9782,  16,  16,  16,    0,  -14 }, // 0x611F
  {  9814,  16,  17,  16,    0,  -14 }, // 0x6127
  {  9848,  16,  16,  16,    0,  -14 }, // 0x614B
  {  9880,  16,  16,  16,    0,  -14 }, // 0x614C
  {  9912,  16,  16,  16,    0,  -14 }, // 0x6162
  {  9944,  16,  16,  16,    0,  -14 }, // 0x616E
  {  9976,  16,  16,  16,    0,  -14 }, // 0x6170
  { 10008,  16,  16,  16,    0,  -14 }, // 0x6182
  { 10040,  16,  16,  16,    0,  -14 }, // 0x6191
  { 10072,  16,  16,  16,    0,  -14 }, // 0x61A4
  { 10104,  16,  16,  16,    0,  -14 }, // 0x61B6
  { 10136,  16,  16,  16,    0,  -14 }, // 0x61C9
  { 10168,  16,  16,  16,    0,  -14 }, // 0x61CA
  { 10200,  16,  16,  16,    0,  -14 }, // 0x61F7
  { 10232,  16,  16,  16,    0,  -14 }, // 0x61FC
  { 10264,  16,  17,  16,    0,  -14 }, // 0x6210
  { 10298,  16,  16,  16,    0,  -14 }, // 0x6211
  { 10330,  16,  16,  16,    0,  -14 }, // 0x6216
  { 10362,  16,  16,  16,    0,  -14 }, // 0x6240
  { 10394,  16,  17,  16,    0,  -14 }, // 0x624B
  { 10428,  16,  16,  16,    0,  -14 }, // 0x624D
  { 10460,  16,  16,  16,    0,  -14 }, // 0x6253
  { 10492,  16,  16,  16,    0,  -14 }, // 0x627E
  { 10524,  16,  17,  16,    0,  -14 }, // 0x6291
  { 10558,  16,  17,  16,    0,  -14 }, // 0x6296
  { 10592,  16,  16,  16,    0,  -14 }, // 0x62BD
  { 10624,  16,  17,  16,    0,  -14 }, // 0x62C9
  { 10658,  16,  17,  16,    0,  -14 }, // 0x62D2
  { 10692,  16,  17,  16,    0,  -14 }, // 0x62D6
  { 10726,  16,  16,  16,    0,  -14 }, // 0x62DC
  { 10758,  16,  16,  16,    0,  -14 }, // 0x62F3
  { 10790,  16,  17,  16,    0,  -14 }, // 0x6301
  { 10824,  16,  17,  16,    0,  -14 }, // 0x6307
  { 10858,  16,  17,  16,    0,  -14 }, // 0x6309
  { 10892,  16,  17,  16,    0,  -14 }, // 0x632B
  { 10926,  16,  17,  16,    0,  -14 }, // 0x632F
  { 10960,  16,  16,  16,    0,  -14 }, // 0x638C
  { 10992,  16,  17,  16,    0,  -14 }, // 0x6392
  { 11026,  16,  17,  16,    0,  -14 }, // 0x63A1
  { 11060,  16,  17,  16,    0,  -14 }, // 0x63A2
  { 11094,  16,  17,  16,    0,  -14 }, // 0x63A5
  { 11128,  16,  17,  16,    0,  -14 }, // 0x63A7
  { 11162,  16,  16,  16,    0,  -14 }, // 0x63AA
  { 11194,  16,  17,  16,    0,  -14 }, // 0x63D0
  { 11228,  16,  17,  16,    0,  -14 }, // 0x63DB
  { 11262,  16,  17,  16,    0,  -14 }, // 0x63E1
  { 11296,  16,  17,  16,    0,  -14 }, // 0x63F4
  { 11330,  16,  17,  16,    0,  -14 }, // 0x6478
  { 11364,  16,  17,  16,    0,  -14 }, // 0x6490
  { 11398,  16,  16,  16,    0,  -14 }, // 0x64A4
  { 11430,  16,  17,  16,    0,  -14 }, // 0x64AD
  { 11464,  16,  17,  16,    0,  -14 }, // 0x64C7
  { 11498,  16,  16,  16,    0,  -14 }, // 0x64CD
  { 11530,  16,  16,  16,    0,  -14 }, // 0x64CE
  { 11562,  16,  17,  16,    0,  -14 }, // 0x64D4
  { 11596,  16,  17,  16,    0,  -14 }, // 0x64EC
  { 11630,  16,  16,  16,    0,  -14 }, // 0x652F
  { 11662,  16,  16,  16,    0,  -14 }, // 0x6536
  { 11694,  16,  16,  16,    0,  -14 }, // 0x6539
  { 11726,  16,  17,  16,    0,  -14 }, // 0x653E
  { 11760,  16,  16,  16,    0,  -14 }, // 0x6548
  { 11792,  16,  16,  16,    0,  -14 }, // 0x6557
  { 11824,  16,  15,  16,    0,  -14 }, // 0x6574
  { 11854,  16,  16,  16,    0,  -14 }, // 0x6578
  { 11886,  16,  16,  16,    0,  -14 }, // 0x6587
  { 11918,  16,  16,  16,    0,  -14 }, // 0x6599
  { 11950,  16,  16,  16,    0,  -14 }, // 0x65B0
  { 11982,  16,  17,  16,    0,  -14 }, // 0x65B9
  { 12016,  16,  15,  16,    0,  -13 }, // 0x65E5
  { 12046,  16,  16,  16,    0,  -13 }, // 0x660E
  { 12078,  16,  15,  16,    0,  -13 }, // 0x661F
  { 12108,  16,  15,  16,    0,  -13 }, // 0x662F
  { 12138,  16,  16,  16,    0,  -14 }, // 0x6642
  { 12170,  16,  15,  16,    0,  -13 }, // 0x666F
  { 12200,  16,  15,  16,    0,  -13 }, // 0x6676
  { 12230,  16,  16,  16,    0,  -14 }, // 0x6697
  { 12262,  16,  16,  16,    0,  -14 }, // 0x66AB
  { 12294,  16,  15,  16,    0,  -13 }, // 0x66B4
  { 12324,  16,  17,  16,    0,  -14 }, // 0x66F3
  { 12358,  16,  16,  16,    0,  -13 }, // 0x66F4
  { 12390,  16,  16,  16,    0,  -14 }, // 0x66F8
  { 12422,  16,  16,  16,    0,  -14 }, // 0x66FF
  { 12454,  16,  15,  16,    0,  -13 }, // 0x6700
  { 12484,  16,  16,  16,    0,  -14 }, // 0x6703
  { 12516,  16,  16,  16,    0,  -13 }, // 0x6708
  { 12548,  16,  17,  16,    0,  -14 }, // 0x6709
  { 12582,  16,  17,  16,    0,  -14 }, // 0x670D
  { 12616,  16,  16,  16,    0,  -14 }, // 0x671B
  { 12648,  16,  16,  16,    0,  -13 }, // 0x671F
  { 12680,  16,  16,  16,    0,  -14 }, // 0x672A
  { 12712,  16,  16,  16,    0,  -14 }, // 0x672B
  { 12744,  16,  16,  16,    0,  -14 }, // 0x672C
  { 12776,  16,  16,  16,    0,  -14 }, // 0x6756
  { 12808,  16,  16,  16,    0,  -14 }, // 0x675F
  { 12840,  16,  16,  16,    0,  -14 }, // 0x6790
  { 12872,  16,  15,  16,    0,  -13 }, // 0x679C
  { 12902,  16,  16,  16,    0,  -14 }, // 0x67E5
  { 12934,  16,  16,  16,    0,  -14 }, // 0x683C
  { 12966,  16,  16,  16,    0,  -14 }, // 0x6846
  { 12998,  16,  16,  16,    0,  -14 }, // 0x6A02
  { 13030,  16,  16,  16,    0,  -14 }, // 0x6A19
  { 13062,  16,  16,  16,    0,  -14 }, // 0x6A21
  { 13094,  16,  16,  16,    0,  -14 }, // 0x6A5F
  { 13126,  16,  16,  16,    0,  -14 }, // 0x6AA2
  { 13158,  16,  16,  16,    0,  -14 }, // 0x6B04
  { 13190,  16,  16,  16,    0,  -14 }, // 0x6B0A
  { 13222,  16,  16,  16,    0,  -14 }, // 0x6B20
  { 13254,  16,  16,  16,    0,  -14 }, // 0x6B21
  { 13286,  16,  16,  16,    0,  -14 }, // 0x6B61
  { 13318,  16,  15,  16,    0,  -14 }, // 0x6B62
  { 13348,  16,  14,  16,    0,  -13 }, // 0x6B63
  { 13376,  16,  16,  16,    0,  -14 }, // 0x6B64
  { 13408,  16,  16,  16,    0,  -14 }, // 0x6B65
  { 13440,  16,  16,  16,    0,  -14 }, // 0x6BB5
  { 13472,  16,  16,  16,    0,  -14 }, // 0x6BC0
  { 13504,  16,  16,  16,    0,  -14 }, // 0x6BCF
  { 13536,  16,  16,  16,    0,  -14 }, // 0x6C23
  { 13568,  16,  16,  16,    0,  -14 }, // 0x6C34
  { 13600,  16,  16,  16,    0,  -14 }, // 0x6C38
  { 13632,  16,  16,  16,    0,  -14 }, // 0x6C42
  { 13664,  16,  16,  16,    0,  -14 }, // 0x6C57
  { 13696,  16,  16,  16,    0,  -14 }, // 0x6C60
  { 13728,  16,  16,  16,    0,  -14 }, // 0x6C89
  { 13760,  16,  16,  16,    0,  -14 }, // 0x6C92
  { 13792,  16,  16,  16,    0,  -14 }, // 0x6C96
  { 13824,  16,  16,  16,    0,  -14 }, // 0x6CAE
  { 13856,  16,  16,  16,    0,  -14 }, // 0x6CD5
  { 13888,  16,  16,  16,    0,  -14 }, // 0x6CE3
  { 13920,  16,  16,  16,    0,  -14 }, // 0x6D17
  { 13952,  16,  16,  16,    0,  -14 }, // 0x6D41
  { 13984,  16,  17,  16,    0,  -14 }, // 0x6D88
  { 14018,  16,  16,  16,    0,  -14 }, // 0x6DF1
  { 14050,  16,  17,  16,    0,  -14 }, // 0x6DFA
  { 14084,  16,  17,  16,    0,  -14 }, // 0x6E05
  { 14118,  16,  17,  16,    0,  -14 }, // 0x6E2C
  { 14152,  16,  16,  16,    0,  -14 }, // 0x6EAB
  { 14184,  16,  17,  16,    0,  -14 }, // 0x6EC5
  { 14218,  16,  16,  16,    0,  -14 }, // 0x6EF4
  { 14250,  16,  16,  16,    0,  -14 }, // 0x6EFF
  { 14282,  16,  16,  16,    0,  -14 }, // 0x6F2B
  { 14314,  16,  16,  16,    0,  -14 }, // 0x6F38
  { 14346,  16,  15,  16,    0,  -13 }, // 0x706B
  { 14376,  16,  15,  16,    0,  -13 }, // 0x7070
  { 14406,  16,  17,  16,    0,  -14 }, // 0x70BA
  { 14440,  16,  16,  16,    0,  -14 }, // 0x70C8
  { 14472,  16,  16,  16,    0,  -14 }, // 0x7121
  { 14504,  16,  16,  16,    0,  -14 }, // 0x7126
  { 14536,  16,  16,  16,    0,  -14 }, // 0x7167
  { 14568,  16,  16,  16,    0,  -14 }, // 0x7169
  { 14600,  16,  17,  16,    0,  -14 }, // 0x7184
  { 14634,  16,  16,  16,    0,  -14 }, // 0x71B1
  { 14666,  16,  16,  16,    0,  -14 }, // 0x71C8
  { 14698,  16,  16,  16,    0,  -14 }, // 0x71E5
  { 14730,  16,  16,  16,    0,  -14 }, // 0x7246
  { 14762,  16,  16,  16,    0,  -14 }, // 0x7247
  { 14794,  16,  16,  16,    0,  -14 }, // 0x7248
  { 14826,  16,  16,  16,    0,  -14 }, // 0x7269
  { 14858,  16,  16,  16,    0,  -14 }, // 0x72C0
  { 14890,  16,  16,  16,    0,  -14 }, // 0x72C2
  { 14922,  16,  16,  16,    0,  -13 }, // 0x73FE
  { 14954,  16,  15,  16,    0,  -13 }, // 0x7406
  { 14984,  16,  15,  16,    0,  -13 }, // 0x74B0
  { 15014,  16,  16,  16,    0,  -14 }, // 0x751F
  { 15046,  16,  16,  16,    0,  -14 }, // 0x7522
  { 15078,  16,  16,  16,    0,  -13 }, // 0x7528
  { 15110,  16,  15,  16,    0,  -13 }, // 0x7529
  { 15140,  16,  16,  16,    0,  -14 }, // 0x7531
  { 15172,  16,  16,  16,    0,  -14 }, // 0x7559
  { 15204,  16,  15,  16,    0,  -14 }, // 0x756B
  { 15234,  16,  16,  16,    0,  -14 }, // 0x7576
  { 15266,  16,  16,  16,    0,  -14 }, // 0x759A
  { 15298,  16,  16,  16,    0,  -14 }, // 0x75B2
  { 15330,  16,  16,  16,    0,  -14 }, // 0x75DB
  { 15362,  16,  16,  16,    0,  -14 }, // 0x767B
  { 15394,  16,  16,  16,    0,  -14 }, // 0x767C
  { 15426,  16,  16,  16,    0,  -14 }, // 0x767D
  { 15458,  16,  16,  16,    0,  -14 }, // 0x7684
  { 15490,  16,  16,  16,    0,  -14 }, // 0x76E3
  { 15522,  16,  15,  16,    0,  -14 }, // 0x76E4
  { 15552,  16,  15,  16,    0,  -13 }, // 0x76EE
  { 15582,  16,  16,  16,    0,  -14 }, // 0x76F4
  { 15614,  16,  16,  16,    0,  -14 }, // 0x76F8
  { 15646,  16,  16,  16,    0,  -14 }, // 0x770B
  { 15678,  16,  15,  16,    0,  -13 }, // 0x773C
  { 15708,  16,  16,  16,    0,  -14 }, // 0x775B
  { 15740,  16,  16,  16,    0,  -14 }, // 0x7761
  { 15772,  16,  16,  16,    0,  -14 }, // 0x77E5
  { 15804,  16,  16,  16,    0,  -14 }, // 0x788E
  { 15836,  16,  16,  16,    0,  -14 }, // 0x78BA
  { 15868,  16,  15,  16,    0,  -13 }, // 0x78BC
  { 15898,  16,  16,  16,    0,  -14 }, // 0x78EC
  { 15930,  16,  16,  16,    0,  -14 }, // 0x790E
  { 15962,  16,  15,  16,    0,  -13 }, // 0x793A
  { 15992,  16,  16,  16,    0,  -14 }, // 0x795E
  { 16024,  16,  16,  16,    0,  -14 }, // 0x79D2
  { 16056,  16,  16,  16,    0,  -14 }, // 0x79FB
  { 16088,  16,  16,  16,    0,  -14 }, // 0x7A0B
  { 16120,  16,  17,  16,    0,  -14 }, // 0x7A0D
  { 16154,  16,  16,  16,    0,  -14 }, // 0x7A2E
  { 16186,  16,  16,  16,    0,  -14 }, // 0x7A31
  { 16218,  16,  16,  16,    0,  -14 }, // 0x7A7A
  { 16250,  16,  15,  16,    0,  -14 }, // 0x7A92
  { 16280,  16,  15,  16,    0,  -14 }, // 0x7ACB
  { 16310,  16,  16,  16,    0,  -14 }, // 0x7AEF
  { 16342,  16,  17,  16,    0,  -14 }, // 0x7B26
  { 16376,  16,  16,  16,    0,  -14 }, // 0x7B46
  { 16408,  16,  16,  16,    0,  -14 }, // 0x7B49
  { 16440,  16,  17,  16,    0,  -14 }, // 0x7B4B
  { 16474,  16,  16,  16,    0,  -14 }, // 0x7BC4
  { 16506,  16,  16,  16,    0,  -14 }, // 0x7C64
  { 16538,  16,  17,  16,    0,  -14 }, // 0x7D00
  { 16572,  16,  17,  16,    0,  -14 }, // 0x7D04
  { 16606,  16,  16,  16,    0,  -14 }, // 0x7D22
  { 16638,  16,  16,  16,    0,  -14 }, // 0x7D42
  { 16670,  16,  16,  16,    0,  -14 }, // 0x7D44
  { 16702,  16,  16,  16,    0,  -14 }, // 0x7D50
  { 16734,  16,  16,  16,    0,  -14 }, // 0x7D55
  { 16766,  16,  16,  16,    0,  -14 }, // 0x7D66
  { 16798,  16,  17,  16,    0,  -14 }, // 0x7D71
  { 16832,  16,  16,  16,    0,  -14 }, // 0x7D93
  { 16864,  16,  17,  16,    0,  -14 }, // 0x7DB2
  { 16898,  16,  16,  16,    0,  -14 }, // 0x7DB4
  { 16930,  16,  16,  16,    0,  -14 }, // 0x7DCA
  { 16962,  16,  16,  16,    0,  -14 }, // 0x7DD2
  { 16994,  16,  16,  16,    0,  -14 }, // 0x7DDA
  { 17026,  16,  16,  16,    0,  -14 }, // 0x7DE8
  { 17058,  16,  16,  16,    0,  -14 }, // 0x7E2E
  { 17090,  16,  16,  16,    0,  -14 }, // 0x7E3D
  { 17122,  16,  16,  16,    0,  -14 }, // 0x7E43
  { 17154,  16,  16,  16,    0,  -14 }, // 0x7E7C
  { 17186,  16,  16,  16,    0,  -14 }, // 0x7E8C
  { 17218,  16,  16,  16,    0,  -14 }, // 0x7F3A
  { 17250,  16,  15,  16,    0,  -13 }, // 0x7F6E
  { 17280,  16,  16,  16,    0,  -14 }, // 0x7F9E
  { 17312,  16,  15,  16,    0,  -13 }, // 0x7FD2
  { 17342,  16,  16,  16,    0,  -14 }, // 0x7FFB
  { 17374,  16,  16,  16,    0,  -14 }, // 0x8005
  { 17406,  16,  16,  16,    0,  -13 }, // 0x800C
  { 17438,  16,  16,  16,    0,  -14 }, // 0x8072
  { 17470,  16,  16,  16,    0,  -14 }, // 0x807D
  { 17502,  16,  15,  16,    0,  -13 }, // 0x80A9
  { 17532,  16,  16,  16,    0,  -13 }, // 0x80C3
  { 17564,  16,  16,  16,    0,  -14 }, // 0x80CC
  { 17596,  16,  17,  16,    0,  -14 }, // 0x80F8
  { 17630,  16,  17,  16,    0,  -14 }, // 0x80FD
  { 17664,  16,  17,  16,    0,  -14 }, // 0x8116
  { 17698,  16,  17,  16,    0,  -14 }, // 0x8173
  { 17732,  16,  17,  16,    0,  -14 }, // 0x8179
  { 17766,  16,  17,  16,    0,  -14 }, // 0x817F
  { 17800,  16,  17,  16,    0,  -14 }, // 0x8180
  { 17834,  16,  16,  16,    0,  -14 }, // 0x81C2
  { 17866,  16,  16,  16,    0,  -14 }, // 0x81C9
  { 17898,  16,  16,  16,    0,  -14 }, // 0x81EA
  { 17930,  16,  14,  16,    0,  -13 }, // 0x81F3
  { 17958,  16,  16,  16,    0,  -14 }, // 0x8207
  { 17990,  16,  16,  16,    0,  -14 }, // 0x820A
  { 18022,  16,  16,  16,    0,  -14 }, // 0x822C
  { 18054,  16,  17,  16,    0,  -15 }, // 0x8259
  { 18088,  16,  16,  16,    0,  -14 }, // 0x8272
  { 18120,  16,  16,  16,    0,  -14 }, // 0x82E5
  { 18152,  16,  16,  16,    0,  -14 }, // 0x843D
  { 18184,  16,  16,  16,    0,  -14 }, // 0x8457
  { 18216,  16,  16,  16,    0,  -14 }, // 0x85CD
  { 18248,  16,  16,  16,    0,  -14 }, // 0x85E5
  { 18280,  16,  16,  16,    0,  -14 }, // 0x865B
  { 18312,  16,  17,  16,    0,  -14 }, // 0x865F
  { 18346,  16,  17,  16,    0,  -14 }, // 0x8667
  { 18380,  16,  16,  16,    0,  -14 }, // 0x87A2
  { 18412,  16,  16,  16,    0,  -14 }, // 0x87F2
  { 18444,  16,  17,  16,    0,  -14 }, // 0x884C
  { 18478,  16,  16,  16,    0,  -14 }, // 0x885D
  { 18510,  16,  16,  16,    0,  -14 }, // 0x8868
  { 18542,  16,  16,  16,    0,  -14 }, // 0x88AB
  { 18574,  16,  16,  16,    0,  -14 }, // 0x88DD
  { 18606,  16,  16,  16,    0,  -14 }, // 0x88E1
  { 18638,  16,  16,  16,    0,  -14 }, // 0x8907
  { 18670,  16,  16,  16,    0,  -13 }, // 0x8981
  { 18702,  16,  15,  16,    0,  -13 }, // 0x8986
  { 18732,  16,  16,  16,    0,  -14 }, // 0x898F
  { 18764,  16,  17,  16,    0,  -14 }, // 0x8996
  { 18798,  16,  18,  16,    0,  -15 }, // 0x89BA
  { 18834,  16,  17,  16,    0,  -14 }, // 0x89BD
  { 18868,  16,  16,  16,    0,  -14 }, // 0x89C0
  { 18900,  16,  17,  16,    0,  -14 }, // 0x89D2
  { 18934,  16,  17,  16,    0,  -14 }, // 0x89E3
  { 18968,  16,  17,  16,    0,  -14 }, // 0x89F8
  { 19002,  16,  15,  16,    0,  -13 }, // 0x8A02
  { 19032,  16,  16,  16,    0,  -14 }, // 0x8A08
  { 19064,  16,  16,  16,    0,  -13 }, // 0x8A0A
  { 19096,  16,  15,  16,    0,  -13 }, // 0x8A18
  { 19126,  16,  16,  16,    0,  -14 }, // 0x8A2D
  { 19158,  16,  16,  16,    0,  -14 }, // 0x8A31
  { 19190,  16,  15,  16,    0,  -13 }, // 0x8A5E
  { 19220,  16,  16,  16,    0,  -14 }, // 0x8A66
  { 19252,  16,  16,  16,    0,  -14 }, // 0x8A71
  { 19284,  16,  16,  16,    0,  -14 }, // 0x8A72
  { 19316,  16,  15,  16,    0,  -13 }, // 0x8A8D
  { 19346,  16,  15,  16,    0,  -13 }, // 0x8A9E
  { 19376,  16,  15,  16,    0,  -13 }, // 0x8AA4
  { 19406,  16,  16,  16,    0,  -14 }, // 0x8AA6
  { 19438,  16,  16,  16,    0,  -14 }, // 0x8AAA
  { 19470,  16,  16,  16,    0,  -14 }, // 0x8ACB
  { 19502,  16,  16,  16,    0,  -14 }, // 0x8B49
  { 19534,  16,  17,  16,    0,  -14 }, // 0x8B58
  { 19568,  16,  16,  16,    0,  -14 }, // 0x8B70
  { 19600,  16,  16,  16,    0,  -14 }, // 0x8B80
  { 19632,  16,  16,  16,    0,  -14 }, // 0x8B8A
  { 19664,  16,  16,  16,    0,  -14 }, // 0x8B93
  { 19696,  16,  16,  16,    0,  -14 }, // 0x8CAA
  { 19728,  16,  16,  16,    0,  -14 }, // 0x8CAC
  { 19760,  16,  16,  16,    0,  -14 }, // 0x8CBC
  { 19792,  16,  16,  16,    0,  -14 }, // 0x8CC7
  { 19824,  16,  16,  16,    0,  -14 }, // 0x8D70
  { 19856,  16,  16,  16,    0,  -14 }, // 0x8D77
  { 19888,  16,  16,  16,    0,  -14 }, // 0x8D85
  { 19920,  16,  15,  16,    0,  -13 }, // 0x8DB3
  { 19950,  16,  16,  16,    0,  -14 }, // 0x8DEF
  { 19982,  16,  16,  16,    0,  -14 }, // 0x8DF3
  { 20014,  16,  16,  16,    0,  -14 }, // 0x8E29
  { 20046,  16,  15,  16,    0,  -13 }, // 0x8E81
  { 20076,  16,  17,  16,    0,  -14 }, // 0x8EAB
  { 20110,  16,  16,  16,    0,  -14 }, // 0x8EBA
  { 20142,  16,  16,  16,    0,  -14 }, // 0x8F09
  { 20174,  16,  16,  16,    0,  -14 }, // 0x8F2A
  { 20206,  16,  16,  16,    0,  -14 }, // 0x8F2F
  { 20238,  16,  16,  16,    0,  -14 }, // 0x8F38
  { 20270,  16,  16,  16,    0,  -14 }, // 0x8F49
  { 20302,  16,  16,  16,    0,  -14 }, // 0x8FCE
  { 20334,  16,  16,  16,    0,  -14 }, // 0x8FD4
  { 20366,  16,  16,  16,    0,  -14 }, // 0x8FEB
  { 20398,  16,  16,  16,    0,  -14 }, // 0x8FF7
  { 20430,  16,  16,  16,    0,  -14 }, // 0x9000
  { 20462,  16,  16,  16,    0,  -14 }, // 0x9001
  { 20494,  16,  16,  16,    0,  -14 }, // 0x9003
  { 20526,  16,  16,  16,    0,  -14 }, // 0x900F
  { 20558,  16,  16,  16,    0,  -14 }, // 0x9010
  { 20590,  16,  16,  16,    0,  -14 }, // 0x9019
  { 20622,  16,  16,  16,    0,  -14 }, // 0x901F
  { 20654,  16,  16,  16,    0,  -14 }, // 0x9023
  { 20686,  16,  16,  16,    0,  -14 }, // 0x9031
  { 20718,  16,  16,  16,    0,  -14 }, // 0x9032
  { 20750,  16,  16,  16,    0,  -14 }, // 0x904A
  { 20782,  16,  16,  16,    0,  -14 }, // 0x904E
  { 20814,  16,  16,  16,    0,  -14 }, // 0x904F
  { 20846,  16,  16,  16,    0,  -14 }, // 0x9069
  { 20878,  16,  16,  16,    0,  -14 }, // 0x9078
  { 20910,  16,  16,  16,    0,  -14 }, // 0x907F
  { 20942,  16,  16,  16,    0,  -14 }, // 0x90E8
  { 20974,  16,  16,  16,    0,  -14 }, // 0x90FD
  { 21006,  16,  16,  16,    0,  -14 }, // 0x914D
  { 21038,  16,  15,  16,    0,  -13 }, // 0x9192
  { 21068,  16,  16,  16,    0,  -14 }, // 0x91CB
  { 21100,  16,  15,  16,    0,  -14 }, // 0x91CD
  { 21130,  16,  14,  16,    0,  -13 }, // 0x91CF
  { 21158,  16,  16,  16,    0,  -14 }, // 0x9215
  { 21190,  16,  16,  16,    0,  -14 }, // 0x9234
  { 21222,  16,  16,  16,    0,  -14 }, // 0x9304
  { 21254,  16,  16,  16,    0,  -14 }, // 0x932F
  { 21286,  16,  16,  16,    0,  -14 }, // 0x9375
  { 21318,  16,  16,  16,    0,  -14 }, // 0x93C8
  { 21350,  16,  16,  16,    0,  -14 }, // 0x9418
  { 21382,  16,  15,  16,    0,  -13 }, // 0x9577
  { 21412,  16,  16,  16,    0,  -13 }, // 0x9583
  { 21444,  16,  15,  16,    0,  -13 }, // 0x9589
  { 21474,  16,  16,  16,    0,  -13 }, // 0x958B
  { 21506,  16,  15,  16,    0,  -13 }, // 0x9593
  { 21536,  16,  15,  16,    0,  -13 }, // 0x95B1
  { 21566,  16,  15,  16,    0,  -13 }, // 0x95DC
  { 21596,  16,  17,  16,    0,  -14 }, // 0x9632
  { 21630,  16,  16,  16,    0,  -14 }, // 0x964D
  { 21662,  16,  16,  16,    0,  -14 }, // 0x9664
  { 21694,  16,  16,  16,    0,  -14 }, // 0x9694
  { 21726,  16,  16,  16,    0,  -14 }, // 0x969B
  { 21758,  16,  17,  16,    0,  -14 }, // 0x96A8
  { 21792,  16,  16,  16,    0,  -14 }, // 0x96E2
  { 21824,  16,  16,  16,    0,  -14 }, // 0x96E3
  { 21856,  16,  16,  16,    0,  -13 }, // 0x96E8
  { 21888,  16,  15,  16,    0,  -13 }, // 0x96FB
  { 21918,  16,  15,  16,    0,  -13 }, // 0x9700
  { 21948,  16,  15,  16,    0,  -13 }, // 0x9732
  { 21978,  16,  16,  16,    0,  -14 }, // 0x975C
  { 22010,  16,  15,  16,    0,  -13 }, // 0x9762
  { 22040,  16,  17,  16,    0,  -14 }, // 0x97CC
  { 22074,  16,  16,  16,    0,  -14 }, // 0x97F3
  { 22106,  16,  16,  16,    0,  -14 }, // 0x97FF
  { 22138,  16,  15,  16,    0,  -13 }, // 0x9801
  { 22168,  16,  16,  16,    0,  -14 }, // 0x9806
  { 22200,  16,  16,  16,    0,  -14 }, // 0x9808
  { 22232,  16,  17,  16,    0,  -14 }, // 0x9810
  { 22266,  16,  15,  16,    0,  -13 }, // 0x982D
  { 22296,  16,  15,  16,    0,  -13 }, // 0x9838
  { 22326,  16,  15,  16,    0,  -13 }, // 0x9846
  { 22356,  16,  16,  16,    0,  -14 }, // 0x984F
  { 22388,  16,  16,  16,    0,  -14 }, // 0x985E
  { 22420,  16,  15,  16,    0,  -13 }, // 0x986F
  { 22450,  16,  16,  16,    0,  -13 }, // 0x98A8
  { 22482,  16,  16,  16,    0,  -14 }, // 0x9918
  { 22514,  16,  16,  16,    0,  -14 }, // 0x9996
  { 22546,  16,  16,  16,    0,  -14 }, // 0x99D0
  { 22578,  16,  16,  16,    0,  -14 }, // 0x9A57
  { 22610,  16,  16,  16,    0,  -14 }, // 0x9A5A
  { 22642,  16,  16,  16,    0,  -14 }, // 0x9AD4
  { 22674,  16,  16,  16,    0,  -14 }, // 0x9AD8
  { 22706,  16,  16,  16,    0,  -14 }, // 0x9B06
  { 22738,  16,  16,  16,    0,  -14 }, // 0x9B27
  { 22770,  16,  16,  16,    0,  -14 }, // 0x9B31
  { 22802,  16,  16,  16,    0,  -14 }, // 0x9CF4
  { 22834,  16,  16,  16,    0,  -14 }, // 0x9EA5
  { 22866,  16,  16,  16,    0,  -14 }, // 0x9ED8
  { 22898,  16,  16,  16,    0,  -14 }, // 0x9EDE
  { 22930,  16,  16,  16,    0,  -14 }, // 0x9F52
  { 22962,  16,  16,  16,    0,  -14 }, // 0xFF08
  { 22994,  16,  16,  16,    0,  -14 }, // 0xFF09
  { 23026,  16,   7,  16,    0,   -4 }, // 0xFF0C
  { 23040,  16,  15,  16,    0,  -13 }, // 0xFF0F
  { 23070,  16,  12,  16,    0,  -12 }, // 0xFF1A
  { 23094,  16,  15,  16,    0,  -12 }, // 0xFF1B
};

const lgfx::EncodeRange SourceHanSansTC_UI8pt8bRanges[] PROGMEM = {
  { 0x0020, 0x007E, 0 },
  { 0x00B7, 0x00B7, 95 },
  { 0x00D7, 0x00D7, 96 },
  { 0x00E3, 0x00E3, 97 },
  { 0x2013, 0x2014, 98 },
  { 0x2026, 0x2026, 100 },
  { 0x2192, 0x2192, 101 },
  { 0x25B6, 0x25B6, 102 },
  { 0x25C0, 0x25C0, 103 },
  { 0x25CF, 0x25CF, 104 },
  { 0x2713, 0x2713, 105 },
  { 0x3000, 0x3002, 106 },
  { 0x300C, 0x300D, 109 },
  { 0x4E00, 0x4E00, 111 },
  { 0x4E09, 0x4E0B, 112 },
  { 0x4E0D, 0x4E0D, 115 },
  { 0x4E14, 0x4E14, 116 },
  { 0x4E16, 0x4E16, 117 },
  { 0x4E26, 0x4E26, 118 },
  { 0x4E2D, 0x4E2D, 119 },
  { 0x4E38, 0x4E38, 120 },
  { 0x4E3B, 0x4E3B, 121 },
  { 0x4E45, 0x4E45, 122 },
  { 0x4E4F, 0x4E4F, 123 },
  { 0x4E5F, 0x4E5F, 124 },
  { 0x4E82, 0x4E82, 125 },
  { 0x4E8B, 0x4E8C, 126 },
  { 0x4E94, 0x4E94, 128 },
  { 0x4EAE, 0x4EAE, 129 },
  { 0x4EBA, 0x4EBA, 130 },
  { 0x4ECA, 0x4ECA, 131 },
  { 0x4ECD, 0x4ECD, 132 },
  { 0x4ED6, 0x4ED6, 133 },
  { 0x4EE3, 0x4EE5, 134 },
  { 0x4EFB, 0x4EFB, 137 },
  { 0x4F38, 0x4F38, 138 },
  { 0x4F3A, 0x4F3A, 139 },
  { 0x4F46, 0x4F48, 140 },
  { 0x4F4D, 0x4F4F, 143 },
  { 0x4F5B, 0x4F5C, 146 },
  { 0x4F7F, 0x4F7F, 148 },
  { 0x4F86, 0x4F86, 149 },
  { 0x4F8B, 0x4F8B, 150 },
  { 0x4F9B, 0x4F9B, 151 },
  { 0x4F9D, 0x4F9D, 152 },
  { 0x4FC3, 0x4FC3, 153 },
  { 0x4FD7, 0x4FD7, 154 },
  { 0x4FDD, 0x4FDD, 155 },
  { 0x4FE1, 0x4FE1, 156 },
  { 0x4FEE, 0x4FEE, 157 },
  { 0x4FF1, 0x4FF1, 158 },
  { 0x500B, 0x500B, 159 },
  { 0x5012, 0x5012, 160 },
  { 0x5019, 0x5019, 161 },
  { 0x5026, 0x5026, 162 },
  { 0x503C, 0x503C, 163 },
  { 0x5047, 0x5047, 164 },
  { 0x504F, 0x504F, 165 },
  { 0x505C, 0x505C, 166 },
  { 0x5075, 0x5075, 167 },
  { 0x5099, 0x5099, 168 },
  { 0x50B3, 0x50B3, 169 },
  { 0x50B7, 0x50B7, 170 },
  { 0x50C5, 0x50C5, 171 },
  { 0x50F5, 0x50F5, 172 },
  { 0x512A, 0x512A, 173 },
  { 0x5132, 0x5132, 174 },
  { 0x5141, 0x5141, 175 },
  { 0x5143, 0x5143, 176 },
  { 0x5145, 0x5145, 177 },
  { 0x5148, 0x5149, 178 },
  { 0x514B, 0x514B, 180 },
  { 0x5165, 0x5165, 181 },
  { 0x5167, 0x5169, 182 },
  { 0x516D, 0x516D, 185 },
  { 0x5176, 0x5176, 186 },
  { 0x518D, 0x518D, 187 },
  { 0x5192, 0x5192, 188 },
  { 0x51B7, 0x51B7, 189 },
  { 0x51FA, 0x51FA, 190 },
  { 0x5206, 0x5207, 191 },
  { 0x5217, 0x5217, 193 },
  { 0x5225, 0x5225, 194 },
  { 0x5230, 0x5230, 195 },
  { 0x5236, 0x5236, 196 },
  { 0x523B, 0x523B, 197 },
  { 0x524D, 0x524D, 198 },
  { 0x525B, 0x525B, 199 },
  { 0x5269, 0x5269, 200 },
  { 0x5275, 0x5275, 201 },
  { 0x529B, 0x529B, 202 },
  { 0x529F, 0x52A0, 203 },
  { 0x52A9, 0x52A9, 205 },
  { 0x52D5, 0x52D5, 206 },
  { 0x52D9, 0x52D9, 207 },
  { 0x52FE, 0x52FF, 208 },
  { 0x5316, 0x5316, 210 },
  { 0x5340, 0x5340, 211 },
  { 0x534A, 0x534A, 212 },
  { 0x5357, 0x5357, 213 },
  { 0x5373, 0x5373, 214 },
  { 0x539F, 0x539F, 215 },
  { 0x53AD, 0x53AD, 216 },
  { 0x53BB, 0x53BB, 217 },
  { 0x53CA, 0x53CA, 218 },
  { 0x53CD, 0x53CD, 219 },
  { 0x53D6, 0x53D7, 220 },
  { 0x53DB, 0x53DB, 222 },
  { 0x53E3, 0x53E3, 223 },
  { 0x53E5, 0x53E6, 224 },
  { 0x53EA, 0x53EA, 226 },
  { 0x53ED, 0x53ED, 227 },
  { 0x53EF, 0x53F0, 228 },
  { 0x53F3, 0x53F3, 230 },
  { 0x5404, 0x5404, 231 },
  { 0x5408, 0x5408, 232 },
  { 0x540C, 0x540D, 233 },
  { 0x5411, 0x5411, 235 },
  { 0x5426, 0x5426, 236 },
  { 0x542B, 0x542B, 237 },
  { 0x5438, 0x5438, 238 },
  { 0x5446, 0x5446, 239 },
  { 0x547C, 0x547C, 240 },
  { 0x548C, 0x548C, 241 },
  { 0x5492, 0x5492, 242 },
  { 0x54ED, 0x54ED, 243 },
  { 0x552F, 0x552F, 244 },
  { 0x555F, 0x555F, 245 },
  { 0x5587, 0x5587, 246 },
  { 0x5589, 0x5589, 247 },
  { 0x559A, 0x559A, 248 },
  { 0x559C, 0x559D, 249 },
  { 0x55AA, 0x55AA, 251 },
  { 0x55AE, 0x55AE, 252 },
  { 0x5606, 0x5606, 253 },
  { 0x5668, 0x5668, 254 },
  { 0x56A8, 0x56A8, 255 },
  { 0x56DB, 0x56DB, 256 },
  { 0x56DE, 0x56DE, 257 },
  { 0x56E0, 0x56E0, 258 },
  { 0x56FA, 0x56FA, 259 },
  { 0x5708, 0x5708, 260 },
  { 0x570D, 0x570D, 261 },
  { 0x5716, 0x5716, 262 },
  { 0x5728, 0x5728, 263 },
  { 0x5730, 0x5730, 264 },
  { 0x5740, 0x5740, 265 },
  { 0x5747, 0x5747, 266 },
  { 0x5750, 0x5750, 267 },
  { 0x578B, 0x578B, 268 },
  { 0x57CE, 0x57CE, 269 },
  { 0x57DF, 0x57E0, 270 },
  { 0x57F7, 0x57F7, 272 },
  { 0x57FA, 0x57FA, 273 },
  { 0x5831, 0x5831, 274 },
  { 0x586B, 0x586B, 275 },
  { 0x5883, 0x5883, 276 },
  { 0x589E, 0x589E, 277 },
  { 0x58D3, 0x58D3, 278 },
  { 0x590F, 0x590F, 279 },
  { 0x5916, 0x5916, 280 },
  { 0x591A, 0x591A, 281 },
  { 0x591C, 0x591C, 282 },
  { 0x5922, 0x5922, 283 },
  { 0x5927, 0x5927, 284 },
  { 0x5929, 0x592A, 285 },
  { 0x5931, 0x5931, 287 },
  { 0x5948, 0x5948, 288 },
  { 0x5957, 0x5957, 289 },
  { 0x597D, 0x597D, 290 },
  { 0x5982, 0x5982, 291 },
  { 0x59CB, 0x59CB, 292 },
  { 0x59D4, 0x59D4, 293 },
  { 0x5AC9, 0x5AC9, 294 },
  { 0x5B50, 0x5B50, 295 },
  { 0x5B57, 0x5B58, 296 },
  { 0x5B64, 0x5B64, 298 },
  { 0x5B78, 0x5B78, 299 },
  { 0x5B89, 0x5B89, 300 },
  { 0x5B8C, 0x5B8C, 301 },
  { 0x5B9A, 0x5B9A, 302 },
  { 0x5BB3, 0x5BB3, 303 },
  { 0x5BB9, 0x5BB9, 304 },
  { 0x5BC2, 0x5BC2, 305 },
  { 0x5BC6, 0x5BC6, 306 },
  { 0x5BDE, 0x5BDF, 307 },
  { 0x5BE6, 0x5BE6, 309 },
  { 0x5BEB, 0x5BEB, 310 },
  { 0x5C07, 0x5C08, 311 },
  { 0x5C0B, 0x5C0B, 313 },
  { 0x5C0F, 0x5C0F, 314 },
  { 0x5C11, 0x5C11, 315 },
  { 0x5C1A, 0x5C1A, 316 },
  { 0x5C48, 0x5C48, 317 },
  { 0x5C55, 0x5C55, 318 },
  { 0x5DE6, 0x5DE6, 319 },
  { 0x5DF1, 0x5DF2, 320 },
  { 0x5E02, 0x5E03, 322 },
  { 0x5E33, 0x5E33, 324 },
  { 0x5E38, 0x5E38, 325 },
  { 0x5E55, 0x5E55, 326 },
  { 0x5E73, 0x5E74, 327 },
  { 0x5E95, 0x5E95, 329 },
  { 0x5EA6, 0x5EA6, 330 },
  { 0x5EAB, 0x5EAB, 331 },
  { 0x5EFA, 0x5EFA, 332 },
  { 0x5F0F, 0x5F0F, 333 },
  { 0x5F15, 0x5F15, 334 },
  { 0x5F35, 0x5F35, 335 },
  { 0x5F37, 0x5F37, 336 },
  { 0x5F85, 0x5F85, 337 },
  { 0x5F88, 0x5F88, 338 },
  { 0x5F8B, 0x5F8C, 339 },
  { 0x5F97, 0x5F97, 341 },
  { 0x5F9E, 0x5F9E, 342 },
  { 0x5FA9, 0x5FA9, 343 },
  { 0x5FC3, 0x5FC3, 344 },
  { 0x5FC5, 0x5FC5, 345 },
  { 0x5FD0, 0x5FD1, 346 },
  { 0x5FEB, 0x5FEB, 348 },
  { 0x5FF5, 0x5FF5, 349 },
  { 0x5FFD, 0x5FFD, 350 },
  { 0x6012, 0x6012, 351 },
  { 0x6015, 0x6015, 352 },
  { 0x6025, 0x6025, 353 },
  { 0x6050, 0x6050, 354 },
  { 0x6062, 0x6062, 355 },
  { 0x6065, 0x6065, 356 },
  { 0x606F, 0x606F, 357 },
  { 0x6094, 0x6094, 358 },
  { 0x60A8, 0x60A8, 359 },
  { 0x60B2, 0x60B2, 360 },
  { 0x60B6, 0x60B6, 361 },
  { 0x60B8, 0x60B8, 362 },
  { 0x60C5, 0x60C5, 363 },
  { 0x60CB, 0x60CB, 364 },
  { 0x60D8, 0x60D8, 365 },
  { 0x60DC, 0x60DC, 366 },
  { 0x60E1, 0x60E1, 367 },
  { 0x60F1, 0x60F1, 368 },
  { 0x60F3, 0x60F3, 369 },
  { 0x610F, 0x610F, 370 },
  { 0x611F, 0x611F, 371 },
  { 0x6127, 0x6127, 372 },
  { 0x614B, 0x614C, 373 },
  { 0x6162, 0x6162, 375 },
  { 0x616E, 0x616E, 376 },
  { 0x6170, 0x6170, 377 },
  { 0x6182, 0x6182, 378 },
  { 0x6191, 0x6191, 379 },
  { 0x61A4, 0x61A4, 380 },
  { 0x61B6, 0x61B6, 381 },
  { 0x61C9, 0x61CA, 382 },
  { 0x61F7, 0x61F7, 384 },
  { 0x61FC, 0x61FC, 385 },
  { 0x6210, 0x6211, 386 },
  { 0x6216, 0x6216, 388 },
  { 0x6240, 0x6240, 389 },
  { 0x624B, 0x624B, 390 },
  { 0x624D, 0x624D, 391 },
  { 0x6253, 0x6253, 392 },
  { 0x627E, 0x627E, 393 },
  { 0x6291, 0x6291, 394 },
  { 0x6296, 0x6296, 395 },
  { 0x62BD, 0x62BD, 396 },
  { 0x62C9, 0x62C9, 397 },
  { 0x62D2, 0x62D2, 398 },
  { 0x62D6, 0x62D6, 399 },
  { 0x62DC, 0x62DC, 400 },
  { 0x62F3, 0x62F3, 401 },
  { 0x6301, 0x6301, 402 },
  { 0x6307, 0x6307, 403 },
  { 0x6309, 0x6309, 404 },
  { 0x632B, 0x632B, 405 },
  { 0x632F, 0x632F, 406 },
  { 0x638C, 0x638C, 407 },
  { 0x6392, 0x6392, 408 },
  { 0x63A1, 0x63A2, 409 },
  { 0x63A5, 0x63A5, 411 },
  { 0x63A7, 0x63A7, 412 },
  { 0x63AA, 0x63AA, 413 },
  { 0x63D0, 0x63D0, 414 },
  { 0x63DB, 0x63DB, 415 },
  { 0x63E1, 0x63E1, 416 },
  { 0x63F4, 0x63F4, 417 },
  { 0x6478, 0x6478, 418 },
  { 0x6490, 0x6490, 419 },
  { 0x64A4, 0x64A4, 420 },
  { 0x64AD, 0x64AD, 421 },
  { 0x64C7, 0x64C7, 422 },
  { 0x64CD, 0x64CE, 423 },
  { 0x64D4, 0x64D4, 425 },
  { 0x64EC, 0x64EC, 426 },
  { 0x652F, 0x652F, 427 },
  { 0x6536, 0x6536, 428 },
  { 0x6539, 0x6539, 429 },
  { 0x653E, 0x653E, 430 },
  { 0x6548, 0x6548, 431 },
  { 0x6557, 0x6557, 432 },
  { 0x6574, 0x6574, 433 },
  { 0x6578, 0x6578, 434 },
  { 0x6587, 0x6587, 435 },
  { 0x6599, 0x6599, 436 },
  { 0x65B0, 0x65B0, 437 },
  { 0x65B9, 0x65B9, 438 },
  { 0x65E5, 0x65E5, 439 },
  { 0x660E, 0x660E, 440 },
  { 0x661F, 0x661F, 441 },
  { 0x662F, 0x662F, 442 },
  { 0x6642, 0x6642, 443 },
  { 0x666F, 0x666F, 444 },
  { 0x6676, 0x6676, 445 },
  { 0x6697, 0x6697, 446 },
  { 0x66AB, 0x66AB, 447 },
  { 0x66B4, 0x66B4, 448 },
  { 0x66F3, 0x66F4, 449 },
  { 0x66F8, 0x66F8, 451 },
  { 0x66FF, 0x6700, 452 },
  { 0x6703, 0x6703, 454 },
  { 0x6708, 0x6709, 455 },
  { 0x670D, 0x670D, 457 },
  { 0x671B, 0x671B, 458 },
  { 0x671F, 0x671F, 459 },
  { 0x672A, 0x672C, 460 },
  { 0x6756, 0x6756, 463 },
  { 0x675F, 0x675F, 464 },
  { 0x6790, 0x6790, 465 },
  { 0x679C, 0x679C, 466 },
  { 0x67E5, 0x67E5, 467 },
  { 0x683C, 0x683C, 468 },
  { 0x6846, 0x6846, 469 },
  { 0x6A02, 0x6A02, 470 },
  { 0x6A19, 0x6A19, 471 },
  { 0x6A21, 0x6A21, 472 },
  { 0x6A5F, 0x6A5F, 473 },
  { 0x6AA2, 0x6AA2, 474 },
  { 0x6B04, 0x6B04, 475 },
  { 0x6B0A, 0x6B0A, 476 },
  { 0x6B20, 0x6B21, 477 },
  { 0x6B61, 0x6B65, 479 },
  { 0x6BB5, 0x6BB5, 484 },
  { 0x6BC0, 0x6BC0, 485 },
  { 0x6BCF, 0x6BCF, 486 },
  { 0x6C23, 0x6C23, 487 },
  { 0x6C34, 0x6C34, 488 },
  { 0x6C38, 0x6C38, 489 },
  { 0x6C42, 0x6C42, 490 },
  { 0x6C57, 0x6C57, 491 },
  { 0x6C60, 0x6C60, 492 },
  { 0x6C89, 0x6C89, 493 },
  { 0x6C92, 0x6C92, 494 },
  { 0x6C96, 0x6C96, 495 },
  { 0x6CAE, 0x6CAE, 496 },
  { 0x6CD5, 0x6CD5, 497 },
  { 0x6CE3, 0x6CE3, 498 },
  { 0x6D17, 0x6D17, 499 },
  { 0x6D41, 0x6D41, 500 },
  { 0x6D88, 0x6D88, 501 },
  { 0x6DF1, 0x6DF1, 502 },
  { 0x6DFA, 0x6DFA, 503 },
  { 0x6E05, 0x6E05, 504 },
  { 0x6E2C, 0x6E2C, 505 },
  { 0x6EAB, 0x6EAB, 506 },
  { 0x6EC5, 0x6EC5, 507 },
  { 0x6EF4, 0x6EF4, 508 },
  { 0x6EFF, 0x6EFF, 509 },
  { 0x6F2B, 0x6F2B, 510 },
  { 0x6F38, 0x6F38, 511 },
  { 0x706B, 0x706B, 512 },
  { 0x7070, 0x7070, 513 },
  { 0x70BA, 0x70BA, 514 },
  { 0x70C8, 0x70C8, 515 },
  { 0x7121, 0x7121, 516 },
  { 0x7126, 0x7126, 517 },
  { 0x7167, 0x7167, 518 },
  { 0x7169, 0x7169, 519 },
  { 0x7184, 0x7184, 520 },
  { 0x71B1, 0x71B1, 521 },
  { 0x71C8, 0x71C8, 522 },
  { 0x71E5, 0x71E5, 523 },
  { 0x7246, 0x7248, 524 },
  { 0x7269, 0x7269, 527 },
  { 0x72C0, 0x72C0, 528 },
  { 0x72C2, 0x72C2, 529 },
  { 0x73FE, 0x73FE, 530 },
  { 0x7406, 0x7406, 531 },
  { 0x74B0, 0x74B0, 532 },
  { 0x751F, 0x751F, 533 },
  { 0x7522, 0x7522, 534 },
  { 0x7528, 0x7529, 535 },
  { 0x7531, 0x7531, 537 },
  { 0x7559, 0x7559, 538 },
  { 0x756B, 0x756B, 539 },
  { 0x7576, 0x7576, 540 },
  { 0x759A, 0x759A, 541 },
  { 0x75B2, 0x75B2, 542 },
  { 0x75DB, 0x75DB, 543 },
  { 0x767B, 0x767D, 544 },
  { 0x7684, 0x7684, 547 },
  { 0x76E3, 0x76E4, 548 },
  { 0x76EE, 0x76EE, 550 },
  { 0x76F4, 0x76F4, 551 },
  { 0x76F8, 0x76F8, 552 },
  { 0x770B, 0x770B, 553 },
  { 0x773C, 0x773C, 554 },
  { 0x775B, 0x775B, 555 },
  { 0x7761, 0x7761, 556 },
  { 0x77E5, 0x77E5, 557 },
  { 0x788E, 0x788E, 558 },
  { 0x78BA, 0x78BA, 559 },
  { 0x78BC, 0x78BC, 560 },
  { 0x78EC, 0x78EC, 561 },
  { 0x790E, 0x790E, 562 },
  { 0x793A, 0x793A, 563 },
  { 0x795E, 0x795E, 564 },
  { 0x79D2, 0x79D2, 565 },
  { 0x79FB, 0x79FB, 566 },
  { 0x7A0B, 0x7A0B, 567 },
  { 0x7A0D, 0x7A0D, 568 },
  { 0x7A2E, 0x7A2E, 569 },
  { 0x7A31, 0x7A31, 570 },
  { 0x7A7A, 0x7A7A, 571 },
  { 0x7A92, 0x7A92, 572 },
  { 0x7ACB, 0x7ACB, 573 },
  { 0x7AEF, 0x7AEF, 574 },
  { 0x7B26, 0x7B26, 575 },
  { 0x7B46, 0x7B46, 576 },
  { 0x7B49, 0x7B49, 577 },
  { 0x7B4B, 0x7B4B, 578 },
  { 0x7BC4, 0x7BC4, 579 },
  { 0x7C64, 0x7C64, 580 },
  { 0x7D00, 0x7D00, 581 },
  { 0x7D04, 0x7D04, 582 },
  { 0x7D22, 0x7D22, 583 },
  { 0x7D42, 0x7D42, 584 },
  { 0x7D44, 0x7D44, 585 },
  { 0x7D50, 0x7D50, 586 },
  { 0x7D55, 0x7D55, 587 },
  { 0x7D66, 0x7D66, 588 },
  { 0x7D71, 0x7D71, 589 },
  { 0x7D93, 0x7D93, 590 },
  { 0x7DB2, 0x7DB2, 591 },
  { 0x7DB4, 0x7DB4, 592 },
  { 0x7DCA, 0x7DCA, 593 },
  { 0x7DD2, 0x7DD2, 594 },
  { 0x7DDA, 0x7DDA, 595 },
  { 0x7DE8, 0x7DE8, 596 },
  { 0x7E2E, 0x7E2E, 597 },
  { 0x7E3D, 0x7E3D, 598 },
  { 0x7E43, 0x7E43, 599 },
  { 0x7E7C, 0x7E7C, 600 },
  { 0x7E8C, 0x7E8C, 601 },
  { 0x7F3A, 0x7F3A, 602 },
  { 0x7F6E, 0x7F6E, 603 },
  { 0x7F9E, 0x7F9E, 604 },
  { 0x7FD2, 0x7FD2, 605 },
  { 0x7FFB, 0x7FFB, 606 },
  { 0x8005, 0x8005, 607 },
  { 0x800C, 0x800C, 608 },
  { 0x8072, 0x8072, 609 },
  { 0x807D, 0x807D, 610 },
  { 0x80A9, 0x80A9, 611 },
  { 0x80C3, 0x80C3, 612 },
  { 0x80CC, 0x80CC, 613 },
  { 0x80F8, 0x80F8, 614 },
  { 0x80FD, 0x80FD, 615 },
  { 0x8116, 0x8116, 616 },
  { 0x8173, 0x8173, 617 },
  { 0x8179, 0x8179, 618 },
  { 0x817F, 0x8180, 619 },
  { 0x81C2, 0x81C2, 621 },
  { 0x81C9, 0x81C9, 622 },
  { 0x81EA, 0x81EA, 623 },
  { 0x81F3, 0x81F3, 624 },
  { 0x8207, 0x8207, 625 },
  { 0x820A, 0x820A, 626 },
  { 0x822C, 0x822C, 627 },
  { 0x8259, 0x8259, 628 },
  { 0x8272, 0x8272, 629 },
  { 0x82E5, 0x82E5, 630 },
  { 0x843D, 0x843D, 631 },
  { 0x8457, 0x8457, 632 },
  { 0x85CD, 0x85CD, 633 },
  { 0x85E5, 0x85E5, 634 },
  { 0x865B, 0x865B, 635 },
  { 0x865F, 0x865F, 636 },
  { 0x8667, 0x8667, 637 },
  { 0x87A2, 0x87A2, 638 },
  { 0x87F2, 0x87F2, 639 },
  { 0x884C, 0x884C, 640 },
  { 0x885D, 0x885D, 641 },
  { 0x8868, 0x8868, 642 },
  { 0x88AB, 0x88AB, 643 },
  { 0x88DD, 0x88DD, 644 },
  { 0x88E1, 0x88E1, 645 },
  { 0x8907, 0x8907, 646 },
  { 0x8981, 0x8981, 647 },
  { 0x8986, 0x8986, 648 },
  { 0x898F, 0x898F, 649 },
  { 0x8996, 0x8996, 650 },
  { 0x89BA, 0x89BA, 651 },
  { 0x89BD, 0x89BD, 652 },
  { 0x89C0, 0x89C0, 653 },
  { 0x89D2, 0x89D2, 654 },
  { 0x89E3, 0x89E3, 655 },
  { 0x89F8, 0x89F8, 656 },
  { 0x8A02, 0x8A02, 657 },
  { 0x8A08, 0x8A08, 658 },
  { 0x8A0A, 0x8A0A, 659 },
  { 0x8A18, 0x8A18, 660 },
  { 0x8A2D, 0x8A2D, 661 },
  { 0x8A31, 0x8A31, 662 },
  { 0x8A5E, 0x8A5E, 663 },
  { 0x8A66, 0x8A66, 664 },
  { 0x8A71, 0x8A72, 665 },
  { 0x8A8D, 0x8A8D, 667 },
  { 0x8A9E, 0x8A9E, 668 },
  { 0x8AA4, 0x8AA4, 669 },
  { 0x8AA6, 0x8AA6, 670 },
  { 0x8AAA, 0x8AAA, 671 },
  { 0x8ACB, 0x8ACB, 672 },
  { 0x8B49, 0x8B49, 673 },
  { 0x8B58, 0x8B58, 674 },
  { 0x8B70, 0x8B70, 675 },
  { 0x8B80, 0x8B80, 676 },
  { 0x8B8A, 0x8B8A, 677 },
  { 0x8B93, 0x8B93, 678 },
  { 0x8CAA, 0x8CAA, 679 },
  { 0x8CAC, 0x8CAC, 680 },
  { 0x8CBC, 0x8CBC, 681 },
  { 0x8CC7, 0x8CC7, 682 },
  { 0x8D70, 0x8D70, 683 },
  { 0x8D77, 0x8D77, 684 },
  { 0x8D85, 0x8D85, 685 },
  { 0x8DB3, 0x8DB3, 686 },
  { 0x8DEF, 0x8DEF, 687 },
  { 0x8DF3, 0x8DF3, 688 },
  { 0x8E29, 0x8E29, 689 },
  { 0x8E81, 0x8E81, 690 },
  { 0x8EAB, 0x8EAB, 691 },
  { 0x8EBA, 0x8EBA, 692 },
  { 0x8F09, 0x8F09, 693 },
  { 0x8F2A, 0x8F2A, 694 },
  { 0x8F2F, 0x8F2F, 695 },
  { 0x8F38, 0x8F38, 696 },
  { 0x8F49, 0x8F49, 697 },
  { 0x8FCE, 0x8FCE, 698 },
  { 0x8FD4, 0x8FD4, 699 },
  { 0x8FEB, 0x8FEB, 700 },
  { 0x8FF7, 0x8FF7, 701 },
  { 0x9000, 0x9001, 702 },
  { 0x9003, 0x9003, 704 },
  { 0x900F, 0x9010, 705 },
  { 0x9019, 0x9019, 707 },
  { 0x901F, 0x901F, 708 },
  { 0x9023, 0x9023, 709 },
  { 0x9031, 0x9032, 710 },
  { 0x904A, 0x904A, 712 },
  { 0x904E, 0x904F, 713 },
  { 0x9069, 0x9069, 715 },
  { 0x9078, 0x9078, 716 },
  { 0x907F, 0x907F, 717 },
  { 0x90E8, 0x90E8, 718 },
  { 0x90FD, 0x90FD, 719 },
  { 0x914D, 0x914D, 720 },
  { 0x9192, 0x9192, 721 },
  { 0x91CB, 0x91CB, 722 },
  { 0x91CD, 0x91CD, 723 },
  { 0x91CF, 0x91CF, 724 },
  { 0x9215, 0x9215, 725 },
  { 0x9234, 0x9234, 726 },
  { 0x9304, 0x9304, 727 },
  { 0x932F, 0x932F, 728 },
  { 0x9375, 0x9375, 729 },
  { 0x93C8, 0x93C8, 730 },
  { 0x9418, 0x9418, 731 },
  { 0x9577, 0x9577, 732 },
  { 0x9583, 0x9583, 733 },
  { 0x9589, 0x9589, 734 },
  { 0x958B, 0x958B, 735 },
  { 0x9593, 0x9593, 736 },
  { 0x95B1, 0x95B1, 737 },
  { 0x95DC, 0x95DC, 738 },
  { 0x9632, 0x9632, 739 },
  { 0x964D, 0x964D, 740 },
  { 0x9664, 0x9664, 741 },
  { 0x9694, 0x9694, 742 },
  { 0x969B, 0x969B, 743 },
  { 0x96A8, 0x96A8, 744 },
  { 0x96E2, 0x96E3, 745 },
  { 0x96E8, 0x96E8, 747 },
  { 0x96FB, 0x96FB, 748 },
  { 0x9700, 0x9700, 749 },
  { 0x9732, 0x9732, 750 },
  { 0x975C, 0x975C, 751 },
  { 0x9762, 0x9762, 752 },
  { 0x97CC, 0x97CC, 753 },
  { 0x97F3, 0x97F3, 754 },
  { 0x97FF, 0x97FF, 755 },
  { 0x9801, 0x9801, 756 },
  { 0x9806, 0x9806, 757 },
  { 0x9808, 0x9808, 758 },
  { 0x9810, 0x9810, 759 },
  { 0x982D, 0x982D, 760 },
  { 0x9838, 0x9838, 761 },
  { 0x9846, 0x9846, 762 },
  { 0x984F, 0x984F, 763 },
  { 0x985E, 0x985E, 764 },
  { 0x986F, 0x986F, 765 },
  { 0x98A8, 0x98A8, 766 },
  { 0x9918, 0x9918, 767 },
  { 0x9996, 0x9996, 768 },
  { 0x99D0, 0x99D0, 769 },
  { 0x9A57, 0x9A57, 770 },
  { 0x9A5A, 0x9A5A, 771 },
  { 0x9AD4, 0x9AD4, 772 },
  { 0x9AD8, 0x9AD8, 773 },
  { 0x9B06, 0x9B06, 774 },
  { 0x9B27, 0x9B27, 775 },
  { 0x9B31, 0x9B31, 776 },
  { 0x9CF4, 0x9CF4, 777 },
  { 0x9EA5, 0x9EA5, 778 },
  { 0x9ED8, 0x9ED8, 779 },
  { 0x9EDE, 0x9EDE, 780 },
  { 0x9F52, 0x9F52, 781 },
  { 0xFF08, 0xFF09, 782 },
  { 0xFF0C, 0xFF0C, 784 },
  { 0xFF0F, 0xFF0F, 785 },
  { 0xFF1A, 0xFF1B, 786 },
};

const GFXfont SourceHanSansTC_UI8pt8b PROGMEM = {
  (uint8_t*)SourceHanSansTC_UI8pt8bBitmaps, (GFXglyph*)SourceHanSansTC_UI8pt8bGlyphs,
  0x20, 0xFF1B, 24, 629, (lgfx::EncodeRange*)SourceHanSansTC_UI8pt8bRanges };
