const uint8_t SourceHanSansTC_UI14pt8bBitmaps[] PROGMEM = {
  0x10, 0x30, 0x60, 0xC1, 0x83, 0x06, 0x0C, 0x18, 0x30, 0x40, 0x81, 0x00,
  0x00, 0x0C, 0x38, 0x30, 0x31, 0x06, 0x30, 0xC6, 0x18, 0xC3, 0x18, 0x62,
  0x0C, 0x40, 0x00, 0x00, 0x00, 0x00, 0x00, 0x00, 0x00, 0x00, 0x00, 0x00,
  0x00, 0x00, 0x00, 0x00, 0x00, 0x08, 0x40, 0x62, 0x02, 0x10, 0x10, 0x80,
  0x84, 0x3F, 0xF8, 0x63, 0x03, 0x18, 0x18, 0xC0, 0xC4, 0x06, 0x70, 0xFF,
  0xC1, 0x08, 0x08, 0x40, 0x46, 0x06, 0x30, 0x31, 0x80, 0x00, 0x00, 0x10,
  0x00, 0x80, 0x0F, 0x01, 0xFC, 0x0C, 0x60, 0xC0, 0x06, 0x00, 0x30, 0x00,
  0xC0, 0x07, 0x80, 0x0F, 0x00, 0x1C, 0x00, 0x70, 0x01, 0x80, 0x0C, 0x00,
  0x61, 0x87, 0x0F, 0xF0, 0x1F, 0x00, 0x20, 0x01, 0x00, 0x00, 0x00, 0x1C,
  0x03, 0x01, 0xB8, 0x10, 0x18, 0xC1, 0x80, 0xC2, 0x08, 0x06, 0x10, 0x80,
  0x20, 0xCC, 0x01, 0x84, 0x40, 0x0C, 0x26, 0x7C, 0x33, 0x26, 0x20, 0xF3,
  0x31, 0x80, 0x11, 0x04, 0x01, 0x88, 0x20, 0x08, 0x41, 0x00, 0xC2, 0x18,
  0x04, 0x18, 0xC0, 0x40, 0x6C, 0x06, 0x01, 0xC0, 0x07, 0x80, 0x0F, 0xC0,
  0x18, 0xC0, 0x18, 0xC0, 0x18, 0xC0, 0x19, 0x80, 0x0F, 0x00, 0x0E, 0x00,
  0x1E, 0x06, 0x3F, 0x0C, 0x73, 0x0C, 0x61, 0x98, 0x60, 0xF8, 0x60, 0x70,
  0x70, 0x78, 0x3F, 0xCE, 0x0F, 0x86, 0x30, 0xC3, 0x0C, 0x30, 0xC3, 0x00,
  0x00, 0x00, 0x00, 0x00, 0x00, 0x00, 0x00, 0x00, 0x04, 0x04, 0x0C, 0x08,
  0x18, 0x18, 0x10, 0x10, 0x30, 0x30, 0x30, 0x30, 0x30, 0x30, 0x30, 0x30,
  0x10, 0x18, 0x18, 0x08, 0x0C, 0x0C, 0x06, 0x00, 0x60, 0x60, 0x30, 0x30,
  0x10, 0x18, 0x18, 0x18, 0x08, 0x0C, 0x0C, 0x0C, 0x0C, 0x0C, 0x08, 0x08,
  0x18, 0x18, 0x18, 0x10, 0x30, 0x20, 0x60, 0x00, 0x00, 0x00, 0x80, 0x10,
  0x1F, 0xC1, 0xF0, 0x1C, 0x06, 0xC0, 0x88, 0x00, 0x00, 0x00, 0x00, 0x00,
  0x00, 0x00, 0x00, 0x00, 0x00, 0x00, 0x00, 0x00, 0x00, 0x00, 0x00, 0x00,
  0x00, 0x10, 0x00, 0x80, 0x04, 0x00, 0x20, 0x01, 0x01, 0xFF, 0xCF, 0xFE,
  0x02, 0x00, 0x10, 0x00, 0x80, 0x04, 0x00, 0x20, 0x00, 0x00, 0x00, 0x00,
  0x30, 0xE3, 0x86, 0x18, 0xC6, 0x00, 0x7E, 0x7E, 0x00, 0x00, 0x00, 0x00,
  0x00, 0x00, 0xC3, 0x8C, 0x00, 0x00, 0x80, 0x40, 0x60, 0x20, 0x10, 0x18,
  0x0C, 0x04, 0x06, 0x03, 0x01, 0x01, 0x80, 0xC0, 0x40, 0x20, 0x30, 0x10,
  0x08, 0x0C, 0x06, 0x02, 0x03, 0x00, 0x0F, 0x00, 0xFE, 0x0E, 0x30, 0x60,
  0xC3, 0x06, 0x30, 0x31, 0x81, 0xCC, 0x06, 0x60, 0x33, 0x03, 0x98, 0x1C,
  0xC0, 0xC3, 0x06, 0x18, 0x30, 0xE3, 0x03, 0xF8, 0x0F, 0x00, 0x07, 0x00,
  0xF8, 0x07, 0xC0, 0x06, 0x00, 0x30, 0x01, 0x80, 0x0C, 0x00, 0x60, 0x03,
  0x00, 0x18, 0x00, 0xC0, 0x06, 0x00, 0x30, 0x01, 0x80, 0x0C, 0x07, 0xFC,
  0x3F, 0xE0, 0x0F, 0x01, 0xFC, 0x18, 0x30, 0x01, 0xC0, 0x06, 0x00, 0x30,
  0x03, 0x00, 0x18, 0x00, 0xC0, 0x0C, 0x00, 0xE0, 0x0E, 0x00, 0xE0, 0x0E,
  0x00, 0xE0, 0x0F, 0xFC, 0x7F, 0xF0, 0x0F, 0x01, 0xFE, 0x0C, 0x30, 0x00,
  0xC0, 0x06, 0x00, 0x70, 0x03, 0x01, 0xF0, 0x0F, 0x80, 0x0E, 0x00, 0x18,
  0x00, 0xC0, 0x06, 0x00, 0x31, 0x83, 0x87, 0xF8, 0x1F, 0x00, 0x01, 0xC0,
  0x1E, 0x00, 0xF0, 0x0D, 0x80, 0xEC, 0x06, 0x60, 0x63, 0x03, 0x18, 0x30,
  0xC3, 0x06, 0x1F, 0xFD, 0xFF, 0xE0, 0x0C, 0x00, 0x60, 0x03, 0x00, 0x18,
  0x00, 0xC0, 0x3F, 0xE1, 0xFF, 0x0C, 0x00, 0x60, 0x03, 0x00, 0x18, 0x00,
  0xFE, 0x07, 0xF8, 0x00, 0xE0, 0x03, 0x00, 0x18, 0x00, 0xC0, 0x06, 0x00,
  0x31, 0x83, 0x87, 0xF8, 0x1F, 0x00, 0x07, 0xC0, 0x7F, 0x06, 0x08, 0x60,
  0x03, 0x00, 0x18, 0x01, 0x80, 0x0D, 0xF8, 0x78, 0xE3, 0x83, 0x18, 0x0C,
  0x60, 0x63, 0x03, 0x18, 0x30, 0x61, 0x83, 0xF8, 0x07, 0x80, 0x7F, 0xF3,
  0xFF, 0x00, 0x18, 0x01, 0x80, 0x0C, 0x00, 0xC0, 0x06, 0x00, 0x60, 0x03,
  0x00, 0x18, 0x01, 0x80, 0x0C, 0x00, 0x60, 0x03, 0x00, 0x18, 0x00, 0xC0,
  0x06, 0x00, 0x0F, 0x80, 0xFE, 0x0C, 0x18, 0x60, 0xC3, 0x06, 0x18, 0x30,
  0x61, 0x01, 0xD8, 0x0F, 0x81, 0x8E, 0x0C, 0x18, 0xC0, 0xC6, 0x03, 0x30,
  0x18, 0xC1, 0x87, 0xF8, 0x0F, 0x80, 0x0F, 0x00, 0xFC, 0x0C, 0x30, 0xC0,
  0xC6, 0x06, 0x30, 0x31, 0x81, 0x8C, 0x0C, 0x30, 0xE0, 0xFB, 0x01, 0x18,
  0x00, 0xC0, 0x06, 0x00, 0x60, 0x87, 0x07, 0xF0, 0x1F, 0x00, 0x00, 0xC3,
  0x8C, 0x00, 0x00, 0x00, 0x00, 0x03, 0x0E, 0x30, 0x00, 0xC3, 0x8C, 0x00,
  0x00, 0x00, 0x00, 0x03, 0x0E, 0x38, 0x61, 0x8C, 0x60, 0x00, 0x00, 0x10,
  0x07, 0x80, 0xF0, 0x3C, 0x07, 0x80, 0x38, 0x00, 0xF0, 0x00, 0xF0, 0x01,
  0xF0, 0x01, 0x80, 0x00, 0x00, 0x00, 0x00, 0x00, 0x00, 0x7F, 0xF3, 0xFF,
  0x80, 0x00, 0x00, 0x00, 0x00, 0x3F, 0xF1, 0xFF, 0xC0, 0x00, 0x00, 0x00,
  0x00, 0x00, 0x00, 0x00, 0x00, 0x40, 0x03, 0xC0, 0x07, 0x80, 0x0F, 0x80,
  0x0F, 0x00, 0x38, 0x0F, 0x81, 0xE0, 0x7C, 0x03, 0x00, 0x00, 0x00, 0x00,
  0x00, 0x00, 0x00, 0x00, 0x0E, 0x07, 0xF1, 0x86, 0x00, 0xE0, 0x0C, 0x03,
  0x00, 0x60, 0x18, 0x07, 0x00, 0xC0, 0x30, 0x06, 0x00, 0xC0, 0x00, 0x00,
  0x00, 0x60, 0x0E, 0x01, 0x80, 0x00, 0x00, 0x00, 0x03, 0xFC, 0x00, 0x38,
  0x1C, 0x01, 0x80, 0x38, 0x0C, 0x00, 0x60, 0x60, 0x00, 0xC1, 0x07, 0xA1,
  0x0C, 0x3F, 0x84, 0x21, 0x86, 0x10, 0x86, 0x10, 0x46, 0x10, 0x41, 0x18,
  0xC3, 0x04, 0x63, 0x0C, 0x31, 0x86, 0x71, 0x82, 0x1F, 0x7C, 0x0C, 0x00,
  0xE0, 0x30, 0x00, 0x00, 0x60, 0x00, 0x00, 0xC0, 0x00, 0x01, 0xF7, 0x80,
  0x01, 0xF8, 0x00, 0x03, 0x00, 0x1E, 0x00, 0x78, 0x01, 0x20, 0x0C, 0xC0,
  0x33, 0x00, 0x8C, 0x06, 0x18, 0x18, 0x60, 0x61, 0x83, 0xFF, 0x0F, 0xFC,
  0x30, 0x31, 0x80, 0x66, 0x01, 0x98, 0x06, 0xC0, 0x1C, 0x3F, 0xC0, 0x7F,
  0xE0, 0xC0, 0xE1, 0x80, 0xC3, 0x01, 0x86, 0x03, 0x0C, 0x0C, 0x1F, 0xF8,
  0x3F, 0xF0, 0x60, 0x70, 0xC0, 0x71, 0x80, 0x63, 0x00, 0xC6, 0x01, 0x8C,
  0x06, 0x1F, 0xF8, 0x3F, 0xE0, 0x03, 0xE0, 0x1F, 0xF0, 0x70, 0x60, 0xC0,
  0x03, 0x80, 0x06, 0x00, 0x0C, 0x00, 0x38, 0x00, 0x70, 0x00, 0xE0, 0x00,
  0xC0, 0x01, 0x80, 0x03, 0x80, 0x03, 0x00, 0x07, 0x07, 0x07, 0xFC, 0x03,
  0xE0, 0x3F, 0xC0, 0x3F, 0xF0, 0x30, 0x78, 0x30, 0x18, 0x30, 0x1C, 0x30,
  0x0C, 0x30, 0x0C, 0x30, 0x0C, 0x30, 0x0C, 0x30, 0x0C, 0x30, 0x0C, 0x30,
  0x0C, 0x30, 0x1C, 0x30, 0x18, 0x30, 0x78, 0x3F, 0xF0, 0x3F, 0xC0, 0x3F,
  0xF0, 0xFF, 0xC3, 0x00, 0x0C, 0x00, 0x30, 0x00, 0xC0, 0x03, 0x00, 0x0F,
  0xF8, 0x3F, 0xE0, 0xC0, 0x03, 0x00, 0x0C, 0x00, 0x30, 0x00, 0xC0, 0x03,
  0x00, 0x0F, 0xFC, 0x3F, 0xF0, 0x3F, 0xF1, 0xFF, 0x8C, 0x00, 0x60, 0x03,
  0x00, 0x18, 0x00, 0xC0, 0x07, 0xFC, 0x3F, 0xE1, 0x80, 0x0C, 0x00, 0x60,
  0x03, 0x00, 0x18, 0x00, 0xC0, 0x06, 0x00, 0x30, 0x00, 0x03, 0xF0, 0x0F,
  0xF8, 0x1E, 0x1C, 0x18, 0x00, 0x38, 0x00, 0x30, 0x00, 0x30, 0x00, 0x70,
  0x00, 0x70, 0x7C, 0x70, 0x7C, 0x30, 0x0C, 0x30, 0x0C, 0x38, 0x0C, 0x18,
  0x0C, 0x1E, 0x0C, 0x0F, 0xFC, 0x03, 0xF0, 0x30, 0x0C, 0x18, 0x06, 0x0C,
  0x03, 0x06, 0x01, 0x83, 0x00, 0xC1, 0x80, 0x60, 0xC0, 0x30, 0x7F, 0xF8,
  0x3F, 0xFC, 0x18, 0x06, 0x0C, 0x03, 0x06, 0x01, 0x83, 0x00, 0xC1, 0x80,
  0x60, 0xC0, 0x30, 0x60, 0x18, 0x30, 0x0C, 0x00, 0x30, 0x60, 0xC1, 0x83,
  0x06, 0x0C, 0x18, 0x30, 0x60, 0xC1, 0x83, 0x06, 0x0C, 0x18, 0x30, 0x00,
  0xC0, 0x0C, 0x00, 0xC0, 0x0C, 0x00, 0xC0, 0x0C, 0x00, 0xC0, 0x0C, 0x00,
  0xC0, 0x0C, 0x00, 0xC0, 0x0C, 0x00, 0xC0, 0x0C, 0x61, 0x83, 0xF8, 0x1F,
  0x00, 0x30, 0x1C, 0x60, 0x70, 0xC1, 0xC1, 0x83, 0x03, 0x0C, 0x06, 0x30,
  0x0C, 0xE0, 0x1B, 0xC0, 0x3F, 0xC0, 0x79, 0x80, 0xE1, 0x81, 0xC3, 0x83,
  0x03, 0x06, 0x07, 0x0C, 0x06, 0x18, 0x06, 0x30, 0x0C, 0x30, 0x03, 0x00,
  0x30, 0x03, 0x00, 0x30, 0x03, 0x00, 0x30, 0x03, 0x00, 0x30, 0x03, 0x00,
  0x30, 0x03, 0x00, 0x30, 0x03, 0x00, 0x30, 0x03, 0xFF, 0x3F, 0xF0, 0x38,
  0x03, 0x07, 0x00, 0xE0, 0xF0, 0x1C, 0x1E, 0x03, 0x83, 0x40, 0xF0, 0x6C,
  0x1E, 0x0D, 0x86, 0xC1, 0x98, 0xD8, 0x33, 0x13, 0x06, 0x26, 0x60, 0xC6,
  0xCC, 0x18, 0xD1, 0x83, 0x0E, 0x30, 0x61, 0xC6, 0x0C, 0x30, 0xC1, 0x80,
  0x18, 0x30, 0x03, 0x00, 0x38, 0x0C, 0x1C, 0x06, 0x0F, 0x03, 0x07, 0x81,
  0x83, 0x60, 0xC1, 0x98, 0x60, 0xCC, 0x30, 0x63, 0x18, 0x31, 0x8C, 0x18,
  0x66, 0x0C, 0x33, 0x06, 0x0D, 0x83, 0x03, 0xC1, 0x81, 0xE0, 0xC0, 0x70,
  0x60, 0x38, 0x30, 0x0C, 0x00, 0x03, 0xE0, 0x07, 0xFC, 0x07, 0x07, 0x03,
  0x01, 0x83, 0x00, 0x61, 0x80, 0x31, 0xC0, 0x1C, 0xE0, 0x0E, 0x70, 0x07,
  0x38, 0x03, 0x8C, 0x01, 0xC6, 0x00, 0xC3, 0x00, 0x60, 0xC0, 0x60, 0x70,
  0x70, 0x1F, 0xF0, 0x03, 0xE0, 0x00, 0x3F, 0xC0, 0x7F, 0xE0, 0xC0, 0xE1,
  0x80, 0xC3, 0x01, 0x86, 0x03, 0x0C, 0x06, 0x18, 0x1C, 0x3F, 0xF0, 0x7F,
  0x80, 0xC0, 0x01, 0x80, 0x03, 0x00, 0x06, 0x00, 0x0C, 0x00, 0x18, 0x00,
  0x30, 0x00, 0x03, 0xE0, 0x07, 0xFC, 0x07, 0x07, 0x03, 0x01, 0x83, 0x00,
  0x61, 0x80, 0x30, 0xC0, 0x1C, 0xE0, 0x0E, 0x70, 0x07, 0x38, 0x03, 0x8C,
  0x01, 0x86, 0x00, 0xC3, 0x00, 0x60, 0xC0, 0x60, 0x70, 0x70, 0x1F, 0xF0,
  0x03, 0xE0, 0x00, 0x60, 0x00, 0x38, 0x00, 0x0F, 0xE0, 0x01, 0xF0, 0x3F,
  0xC0, 0x7F, 0xE0, 0xC0, 0xE1, 0x80, 0xC3, 0x01, 0x86, 0x03, 0x0C, 0x06,
  0x18, 0x1C, 0x3F, 0xF0, 0x7F, 0x80, 0xC3, 0x01, 0x87, 0x03, 0x06, 0x06,
  0x06, 0x0C, 0x0E, 0x18, 0x0C, 0x30, 0x1C, 0x07, 0xC0, 0x7F, 0x83, 0x83,
  0x0C, 0x00, 0x30, 0x00, 0xE0, 0x01, 0xC0, 0x07, 0xC0, 0x07, 0xC0, 0x07,
  0xC0, 0x07, 0x00, 0x0E, 0x00, 0x38, 0x80, 0xC7, 0x07, 0x0F, 0xF8, 0x0F,
  0xC0, 0x7F, 0xF9, 0xFF, 0xE0, 0x30, 0x00, 0xC0, 0x03, 0x00, 0x0C, 0x00,
  0x30, 0x00, 0xC0, 0x03, 0x00, 0x0C, 0x00, 0x30, 0x00, 0xC0, 0x03, 0x00,
  0x0C, 0x00, 0x30, 0x00, 0xC0, 0x03, 0x00, 0x30, 0x0C, 0x18, 0x06, 0x0C,
  0x03, 0x06, 0x01, 0x83, 0x00, 0xC1, 0x80, 0x60, 0xC0, 0x30, 0x60, 0x18,
  0x30, 0x0C, 0x18, 0x06, 0x0C, 0x03, 0x07, 0x01, 0x81, 0x80, 0xC0, 0xC0,
  0xE0, 0x70, 0xE0, 0x1F, 0xE0, 0x03, 0xE0, 0x00, 0xC0, 0x1B, 0x80, 0x66,
  0x03, 0x18, 0x0C, 0x70, 0x30, 0xC1, 0x83, 0x06, 0x0C, 0x18, 0x18, 0x60,
  0x63, 0x01, 0x8C, 0x03, 0x30, 0x0D, 0x80, 0x36, 0x00, 0x78, 0x01, 0xC0,
  0x07, 0x00, 0x60, 0x60, 0x66, 0x07, 0x06, 0x60, 0x70, 0x66, 0x0F, 0x06,
  0x30, 0xF0, 0x63, 0x09, 0x8C, 0x30, 0x98, 0xC3, 0x19, 0x8C, 0x31, 0x98,
  0xC1, 0x98, 0xCC, 0x19, 0x0C, 0x81, 0xB0, 0xD8, 0x1B, 0x0D, 0x81, 0xB0,
  0x58, 0x0E, 0x07, 0x80, 0xE0, 0x70, 0x0E, 0x07, 0x00, 0x60, 0x31, 0x83,
  0x8C, 0x18, 0x31, 0xC1, 0x8C, 0x06, 0xC0, 0x3E, 0x00, 0xE0, 0x07, 0x00,
  0x3C, 0x03, 0x60, 0x3B, 0x81, 0x8C, 0x18, 0x30, 0xC1, 0x8C, 0x06, 0x60,
  0x30, 0x60, 0x18, 0xC0, 0xC3, 0x03, 0x06, 0x1C, 0x18, 0x60, 0x31, 0x80,
  0xCC, 0x01, 0xB0, 0x07, 0x80, 0x0E, 0x00, 0x30, 0x00, 0xC0, 0x03, 0x00,
  0x0C, 0x00, 0x30, 0x00, 0xC0, 0x03, 0x00, 0x3F, 0xF8, 0xFF, 0xC0, 0x03,
  0x00, 0x18, 0x00, 0xE0, 0x03, 0x00, 0x18, 0x00, 0xE0, 0x03, 0x00, 0x18,
  0x00, 0xE0, 0x03, 0x00, 0x18, 0x00, 0x60, 0x03, 0x00, 0x1F, 0xFE, 0x7F,
  0xF8, 0x00, 0x3E, 0x30, 0x30, 0x30, 0x30, 0x30, 0x30, 0x30, 0x30, 0x30,
  0x30, 0x30, 0x30, 0x30, 0x30, 0x30, 0x30, 0x30, 0x30, 0x30, 0x30, 0x3E,
  0x00, 0x20, 0x10, 0x0C, 0x02, 0x01, 0x00, 0xC0, 0x60, 0x10, 0x0C, 0x06,
  0x01, 0x00, 0xC0, 0x60, 0x10, 0x08, 0x06, 0x01, 0x00, 0x80, 0x60, 0x30,
  0x08, 0x06, 0x00, 0x78, 0x08, 0x08, 0x08, 0x08, 0x08, 0x08, 0x08, 0x08,
  0x08, 0x08, 0x08, 0x08, 0x08, 0x08, 0x08, 0x08, 0x08, 0x08, 0x08, 0x08,
  0x78, 0x06, 0x00, 0x38, 0x03, 0x40, 0x1B, 0x00, 0x98, 0x0C, 0x40, 0x63,
  0x06, 0x18, 0x30, 0x61, 0x83, 0x00, 0x00, 0x00, 0x00, 0x00, 0x00, 0x00,
  0x00, 0x00, 0x00, 0x00, 0x00, 0x00, 0x00, 0x00, 0x3F, 0xFE, 0x00, 0x00,
  0x08, 0x00, 0x30, 0x00, 0xE0, 0x01, 0xC0, 0x03, 0x00, 0x00, 0x00, 0x00,
  0x00, 0x00, 0x00, 0x00, 0x00, 0x00, 0x00, 0x00, 0x00, 0x00, 0x00, 0x00,
  0x00, 0x00, 0x00, 0x00, 0x00, 0x00, 0x00, 0x00, 0x00, 0x00, 0x00, 0x0F,
  0x81, 0xFE, 0x0C, 0x38, 0x00, 0xC0, 0x06, 0x01, 0xF0, 0x7D, 0x87, 0x0C,
  0x30, 0x63, 0x03, 0x1C, 0x38, 0x7F, 0xC1, 0xE6, 0x00, 0x00, 0x00, 0xC0,
  0x03, 0x00, 0x0C, 0x00, 0x30, 0x00, 0xC0, 0x03, 0x3C, 0x0F, 0xF8, 0x3C,
  0x70, 0xC0, 0xE3, 0x01, 0x8C, 0x06, 0x30, 0x18, 0xC0, 0x63, 0x01, 0x8C,
  0x0C, 0x38, 0x70, 0xFF, 0x83, 0x3C, 0x00, 0x07, 0x81, 0xFE, 0x38, 0x43,
  0x00, 0x30, 0x06, 0x00, 0x60, 0x06, 0x00, 0x70, 0x03, 0x00, 0x38, 0x41,
  0xFE, 0x07, 0x80, 0x00, 0x00, 0x00, 0xC0, 0x03, 0x00, 0x0C, 0x00, 0x30,
  0x00, 0xC0, 0x7B, 0x07, 0xFC, 0x38, 0x70, 0xC0, 0xC3, 0x03, 0x1C, 0x0C,
  0x60, 0x31, 0x80, 0xC7, 0x03, 0x0C, 0x0C, 0x38, 0x70, 0x7F, 0xC0, 0xF3,
  0x00, 0x07, 0x80, 0xFE, 0x0E, 0x18, 0x60, 0x42, 0x03, 0x3F, 0xF9, 0xFF,
  0xCC, 0x00, 0x30, 0x01, 0x80, 0x0E, 0x00, 0x3F, 0xC0, 0x7C, 0x00, 0x0F,
  0x0F, 0x86, 0x03, 0x03, 0x81, 0xC1, 0xF8, 0xFC, 0x38, 0x1C, 0x0E, 0x07,
  0x03, 0x81, 0xC0, 0xE0, 0x70, 0x38, 0x1C, 0x0E, 0x00, 0x0F, 0xF0, 0xFF,
  0x8C, 0x30, 0x60, 0xC3, 0x06, 0x18, 0x30, 0xC3, 0x03, 0xB8, 0x1F, 0x01,
  0x80, 0x0C, 0x00, 0x7F, 0x81, 0xFF, 0x18, 0x19, 0x80, 0x6C, 0x06, 0x70,
  0x31, 0xEF, 0x03, 0xE0, 0x00, 0x00, 0xC0, 0x03, 0x00, 0x0C, 0x00, 0x30,
  0x00, 0xC0, 0x03, 0x3C, 0x0D, 0xF8, 0x3C, 0x70, 0xE0, 0xC3, 0x03, 0x0C,
  0x0C, 0x30, 0x30, 0xC0, 0xC3, 0x03, 0x0C, 0x0C, 0x30, 0x30, 0xC0, 0xC3,
  0x03, 0x00, 0x30, 0xC1, 0x00, 0x00, 0xC3, 0x0C, 0x30, 0xC3, 0x0C, 0x30,
  0xC3, 0x0C, 0x30, 0xC0, 0x0C, 0x0C, 0x04, 0x00, 0x00, 0x0C, 0x0C, 0x0C,
  0x0C, 0x0C, 0x0C, 0x0C, 0x0C, 0x0C, 0x0C, 0x0C, 0x0C, 0x0C, 0x0C, 0x0C,
  0x0C, 0x0C, 0x7C, 0x78, 0x30, 0x01, 0x80, 0x0C, 0x00, 0x60, 0x03, 0x00,
  0x18, 0x00, 0xC1, 0xC6, 0x1C, 0x30, 0xC1, 0x8C, 0x0C, 0xC0, 0x6E, 0x03,
  0xF0, 0x1E, 0xC0, 0xE3, 0x06, 0x18, 0x30, 0x61, 0x83, 0x8C, 0x0C, 0x30,
  0x60, 0xC1, 0x83, 0x06, 0x0C, 0x18, 0x30, 0x60, 0xC1, 0x83, 0x06, 0x0C,
  0x18, 0x30, 0x70, 0x60, 0x33, 0xC3, 0x81, 0xBF, 0x7E, 0x0F, 0x1E, 0x38,
  0x70, 0xE0, 0xC3, 0x03, 0x06, 0x18, 0x18, 0x30, 0xC0, 0xC1, 0x86, 0x06,
  0x0C, 0x30, 0x30, 0x61, 0x81, 0x83, 0x0C, 0x0C, 0x18, 0x60, 0x60, 0xC3,
  0x03, 0x06, 0x00, 0x33, 0xC0, 0xDF, 0x83, 0xC7, 0x0E, 0x0C, 0x30, 0x30,
  0xC0, 0xC3, 0x03, 0x0C, 0x0C, 0x30, 0x30, 0xC0, 0xC3, 0x03, 0x0C, 0x0C,
  0x30, 0x30, 0x07, 0x80, 0x7F, 0x83, 0x86, 0x0C, 0x0C, 0x30, 0x31, 0x80,
  0xE6, 0x01, 0x98, 0x0E, 0x30, 0x30, 0xC0, 0xC3, 0x86, 0x07, 0xF8, 0x07,
  0x80, 0x33, 0xC0, 0xFF, 0x83, 0xC7, 0x0C, 0x0E, 0x30, 0x18, 0xC0, 0x63,
  0x01, 0x8C, 0x06, 0x30, 0x38, 0xC0, 0xC3, 0x87, 0x0F, 0xF8, 0x33, 0xC0,
  0xC0, 0x03, 0x00, 0x0C, 0x00, 0x30, 0x00, 0xC0, 0x03, 0x00, 0x00, 0x07,
  0xB0, 0x7F, 0xC3, 0x87, 0x0C, 0x0C, 0x30, 0x31, 0xC0, 0xC6, 0x03, 0x18,
  0x0C, 0x70, 0x30, 0xC0, 0xC3, 0x87, 0x07, 0xFC, 0x0F, 0x30, 0x00, 0xC0,
  0x03, 0x00, 0x0C, 0x00, 0x30, 0x00, 0xC0, 0x03, 0x00, 0x33, 0x9B, 0xCF,
  0x07, 0x03, 0x01, 0x80, 0xC0, 0x60, 0x30, 0x18, 0x0C, 0x06, 0x03, 0x00,
  0x0F, 0x07, 0xF0, 0xC2, 0x30, 0x03, 0x00, 0x78, 0x03, 0xC0, 0x1C, 0x01,
  0xC0, 0x19, 0x87, 0x3F, 0xC1, 0xF0, 0x10, 0x0C, 0x06, 0x03, 0x07, 0xF3,
  0xF8, 0xE0, 0x70, 0x38, 0x1C, 0x0E, 0x07, 0x03, 0x80, 0xC0, 0x60, 0x3E,
  0x0F, 0x00, 0x30, 0x30, 0xC0, 0xC3, 0x03, 0x0C, 0x0C, 0x30, 0x30, 0xC0,
  0xC3, 0x03, 0x0C, 0x0C, 0x30, 0x30, 0xC1, 0xC3, 0x8F, 0x07, 0xEC, 0x0F,
  0x30, 0xE0, 0x66, 0x06, 0x60, 0x63, 0x0C, 0x30, 0xC3, 0x0C, 0x18, 0x81,
  0x98, 0x19, 0x80, 0x90, 0x0F, 0x00, 0xF0, 0x06, 0x00, 0x60, 0xC0, 0xD8,
  0x38, 0x66, 0x0E, 0x18, 0xC6, 0x86, 0x31, 0xA1, 0x8C, 0x4C, 0xC3, 0x13,
  0x30, 0x6C, 0x4C, 0x1B, 0x13, 0x06, 0x86, 0x81, 0xE1, 0xE0, 0x38, 0x38,
  0x0E, 0x0E, 0x00, 0x60, 0xC3, 0x0C, 0x31, 0x81, 0x98, 0x1F, 0x00, 0xF0,
  0x0E, 0x00, 0xF0, 0x1B, 0x03, 0x18, 0x31, 0xC6, 0x0C, 0x60, 0xE0, 0xE0,
  0x76, 0x06, 0x60, 0x63, 0x06, 0x30, 0xC3, 0x0C, 0x18, 0xC1, 0x98, 0x19,
  0x80, 0xD8, 0x0F, 0x00, 0x70, 0x07, 0x00, 0x60, 0x06, 0x00, 0x60, 0x0C,
  0x07, 0x80, 0x70, 0x00, 0x3F, 0xC7, 0xF8, 0x06, 0x01, 0x80, 0x30, 0x0C,
  0x03, 0x80, 0x60, 0x18, 0x07, 0x00, 0xC0, 0x3F, 0xE7, 0xFC, 0x00, 0x0E,
  0x18, 0x18, 0x18, 0x18, 0x18, 0x18, 0x18, 0x18, 0x30, 0x60, 0x30, 0x18,
  0x18, 0x18, 0x18, 0x18, 0x18, 0x18, 0x18, 0x18, 0x0E, 0x30, 0xC3, 0x0C,
  0x30, 0xC3, 0x0C, 0x30, 0xC3, 0x0C, 0x30, 0xC3, 0x0C, 0x30, 0xC3, 0x0C,
  0x30, 0xC3, 0x0C, 0x30, 0x40, 0x00, 0x70, 0x18, 0x18, 0x18, 0x18, 0x18,
  0x18, 0x18, 0x18, 0x18, 0x0E, 0x0C, 0x18, 0x18, 0x18, 0x18, 0x18, 0x18,
  0x18, 0x18, 0x38, 0x70, 0x00, 0x01, 0xE0, 0x19, 0xCC, 0x87, 0xC0, 0x08,
  0x00, 0x00, 0x00, 0x00, 0x00, 0x00, 0x00, 0x00, 0x00, 0x00, 0x06, 0x00,
  0x38, 0x01, 0x80, 0x00, 0x00, 0x00, 0x00, 0x00, 0x00, 0x00, 0x00, 0x00,
  0x00, 0x00, 0x00, 0x00, 0x00, 0x00, 0x1C, 0x01, 0xC0, 0x1C, 0x07, 0x00,
  0x18, 0x1C, 0x00, 0x18, 0x70, 0x00, 0x19, 0xC0, 0x00, 0x1F, 0x00, 0x00,
  0x1C, 0x00, 0x00, 0x78, 0x00, 0x01, 0xD8, 0x00, 0x07, 0x18, 0x00, 0x1C,
  0x18, 0x00, 0x70, 0x18, 0x01, 0xC0, 0x18, 0x01, 0x00, 0x10, 0x00, 0x00,
  0x00, 0x00, 0x00, 0xF1, 0x04, 0xF8, 0x23, 0x80, 0x00, 0x00, 0x00, 0x3E,
  0x07, 0xF8, 0x30, 0xE0, 0x03, 0x00, 0x18, 0x07, 0xC1, 0xF6, 0x1C, 0x30,
  0xC1, 0x8C, 0x0C, 0x70, 0xE1, 0xFF, 0x07, 0x98, 0x7F, 0xE0, 0x00, 0x00,
  0x00, 0x00, 0x00, 0x00, 0x00, 0x00, 0x00, 0x7F, 0xFF, 0xE0, 0x00, 0x00,
  0x00, 0x00, 0x00, 0x00, 0x00, 0x00, 0x00, 0x00, 0x00, 0x00, 0x00, 0x00,
  0x00, 0x00, 0x00, 0x00, 0x00, 0x30, 0x20, 0x60, 0xE0, 0xE0, 0xE0, 0xC0,
  0x81, 0x80, 0x00, 0x00, 0x00, 0x00, 0x00, 0x00, 0x00, 0x00, 0x00, 0x00,
  0x00, 0x00, 0x00, 0x00, 0x00, 0x00, 0x00, 0x00, 0x00, 0x00, 0x00, 0x00,
  0x00, 0x00, 0x03, 0x00, 0x00, 0x03, 0x00, 0x00, 0x03, 0x00, 0x00, 0x03,
  0x0F, 0xFF, 0xFF, 0x1F, 0xFF, 0xFF, 0x00, 0x00, 0x18, 0x00, 0x00, 0x60,
  0x00, 0x01, 0x80, 0x00, 0x07, 0x00, 0x00, 0x04, 0x00, 0x00, 0x00, 0x00,
  0x00, 0x00, 0x00, 0x00, 0x00, 0x00, 0x10, 0x00, 0x00, 0x30, 0x00, 0x00,
  0x78, 0x00, 0x00, 0xFC, 0x00, 0x01, 0xFE, 0x00, 0x03, 0xFE, 0x00, 0x07,
  0xFF, 0x00, 0x0F, 0xFF, 0x80, 0x1F, 0xFF, 0xC0, 0x3F, 0xFF, 0xC0, 0x7F,
  0xFF, 0xE0, 0xFF, 0xFF, 0x81, 0xFF, 0xFE, 0x03, 0xFF, 0xF0, 0x07, 0xFF,
  0x80, 0x0F, 0xFC, 0x00, 0x1F, 0xF0, 0x00, 0x3F, 0x80, 0x00, 0x7C, 0x00,
  0x00, 0xE0, 0x00, 0x01, 0x80, 0x00, 0x00, 0x00, 0x00, 0x00, 0x00, 0x00,
  0x10, 0x00, 0x00, 0x60, 0x00, 0x03, 0xC0, 0x00, 0x1F, 0x80, 0x00, 0xFF,
  0x00, 0x03, 0xFE, 0x00, 0x1F, 0xFC, 0x00, 0xFF, 0xF8, 0x07, 0xFF, 0xF0,
  0x1F, 0xFF, 0xE0, 0xFF, 0xFF, 0xC0, 0xFF, 0xFF, 0x80, 0xFF, 0xFF, 0x00,
  0x7F, 0xFE, 0x00, 0x3F, 0xFC, 0x00, 0x1F, 0xF8, 0x00, 0x1F, 0xF0, 0x00,
  0x0F, 0xE0, 0x00, 0x07, 0xC0, 0x00, 0x03, 0x80, 0x00, 0x03, 0x00, 0x00,
  0x00, 0x00, 0x00, 0xFE, 0x00, 0x07, 0xFF, 0x00, 0x1F, 0xFF, 0x00, 0x7F,
  0xFF, 0x01, 0xFF, 0xFF, 0x07, 0xFF, 0xFF, 0x0F, 0xFF, 0xFE, 0x1F, 0xFF,
  0xFC, 0x7F, 0xFF, 0xFC, 0xFF, 0xFF, 0xF9, 0xFF, 0xFF, 0xF3, 0xFF, 0xFF,
  0xE7, 0xFF, 0xFF, 0xC7, 0xFF, 0xFF, 0x0F, 0xFF, 0xFE, 0x0F, 0xFF, 0xF8,
  0x1F, 0xFF, 0xF0, 0x1F, 0xFF, 0xC0, 0x1F, 0xFF, 0x00, 0x0F, 0xF8, 0x00,
  0x03, 0x80, 0x00, 0x00, 0x02, 0x00, 0x07, 0x00, 0x0E, 0x00, 0x1C, 0x00,
  0x18, 0x00, 0x30, 0x00, 0x60, 0x00, 0x60, 0x00, 0xC0, 0x00, 0xC0, 0xC1,
  0x80, 0x61, 0x80, 0x63, 0x00, 0x33, 0x00, 0x32, 0x00, 0x16, 0x00, 0x1E,
  0x00, 0x0C, 0x00, 0x00, 0x00, 0x00, 0x00, 0x00, 0x00, 0x00, 0x00, 0x60,
  0x00, 0x00, 0xE0, 0x00, 0x00, 0xE0, 0x00, 0x00, 0xE0, 0x00, 0x00, 0xE0,
  0x00, 0x00, 0x80, 0x00, 0x00, 0x00, 0x00, 0x00, 0x38, 0x00, 0x00, 0x88,
  0x00, 0x02, 0x08, 0x00, 0x04, 0x10, 0x00, 0x08, 0x60, 0x00, 0x08, 0x80,
  0x00, 0x0E, 0x00, 0x00, 0x00, 0x01, 0xFC, 0x00, 0x03, 0xF8, 0x00, 0x06,
  0x00, 0x00, 0x0C, 0x00, 0x00, 0x18, 0x00, 0x00, 0x30, 0x00, 0x00, 0x60,
  0x00, 0x00, 0xC0, 0x00, 0x01, 0x80, 0x00, 0x03, 0x00, 0x00, 0x06, 0x00,
  0x00, 0x0C, 0x00, 0x00, 0x18, 0x00, 0x00, 0x30, 0x00, 0x00, 0x60, 0x00,
  0x00, 0xC0, 0x00, 0x00, 0x00, 0x00, 0x00, 0x00, 0x00, 0x00, 0x00, 0x00,
  0x00, 0x00, 0x03, 0x00, 0x00, 0x06, 0x00, 0x00, 0x0C, 0x00, 0x00, 0x18,
  0x00, 0x00, 0x30, 0x00, 0x00, 0x60, 0x00, 0x00, 0xC0, 0x00, 0x01, 0x80,
  0x00, 0x03, 0x00, 0x00, 0x06, 0x00, 0x00, 0x0C, 0x00, 0x00, 0x18, 0x00,
  0x00, 0x30, 0x00, 0x00, 0x60, 0x00, 0x1F, 0xC0, 0x00, 0x3F, 0x80, 0x00,
  0x7F, 0xFF, 0xFC, 0xFF, 0xFF, 0xF8, 0x00, 0x00, 0x00, 0x00, 0x00, 0x00,
  0x00, 0x00, 0x00, 0x00, 0x00, 0x00, 0x00, 0x00, 0x00, 0x00, 0x00, 0x00,
  0x00, 0x00, 0x00, 0x00, 0x00, 0x1F, 0xFF, 0xF0, 0x3F, 0xFF, 0xE0, 0x00,
  0x00, 0x00, 0x00, 0x00, 0x00, 0x00, 0x00, 0x00, 0x00, 0x00, 0x00, 0x00,
  0x00, 0x00, 0x00, 0x00, 0x0F, 0xFF, 0xC0, 0x0F, 0xFF, 0x80, 0x00, 0x00,
  0x00, 0x00, 0x00, 0x00, 0x00, 0x00, 0x00, 0x00, 0x00, 0x00, 0x00, 0x00,
  0x00, 0x00, 0x00, 0x3F, 0xFF, 0xF8, 0x7F, 0xFF, 0xF0, 0x00, 0x00, 0x00,
  0x00, 0x60, 0x00, 0x00, 0xC0, 0x00, 0x01, 0x80, 0x00, 0x03, 0x00, 0x00,
  0x06, 0x00, 0x00, 0x0C, 0x00, 0x00, 0x18, 0x00, 0x00, 0x3F, 0xF0, 0x00,
  0x7F, 0xE0, 0x00, 0xC0, 0x00, 0x01, 0x80, 0x00, 0x03, 0x00, 0x00, 0x06,
  0x00, 0x00, 0x0C, 0x00, 0x00, 0x18, 0x00, 0x00, 0x30, 0x00, 0x00, 0x60,
  0x00, 0x00, 0xC0, 0x03, 0xFF, 0xFF, 0xE7, 0xFF, 0xFF, 0xC0, 0x3F, 0xFF,
  0xF8, 0xFF, 0xFF, 0xF8, 0x00, 0xC0, 0x00, 0x01, 0x80, 0x00, 0x03, 0x00,
  0x00, 0x06, 0x00, 0x00, 0x0E, 0x00, 0x00, 0x1F, 0x00, 0x00, 0x37, 0x80,
  0x00, 0x63, 0x80, 0x00, 0xC3, 0xC0, 0x01, 0x81, 0x80, 0x03, 0x00, 0x00,
  0x06, 0x00, 0x00, 0x0C, 0x00, 0x00, 0x18, 0x00, 0x00, 0x30, 0x00, 0x00,
  0x60, 0x00, 0x00, 0xC0, 0x00, 0x01, 0x80, 0x00, 0x00, 0x00, 0x00, 0x3F,
  0xFF, 0xF8, 0x7F, 0xFF, 0xF0, 0x00, 0x70, 0x00, 0x00, 0xC0, 0x00, 0x03,
  0x80, 0x00, 0x0E, 0x00, 0x00, 0x1C, 0x80, 0x00, 0x7B, 0x80, 0x01, 0x91,
  0x80, 0x0E, 0x21, 0xC0, 0x38, 0x41, 0xC0, 0xE0, 0x81, 0xC7, 0x01, 0x01,
  0xC4, 0x02, 0x00, 0x00, 0x04, 0x00, 0x00, 0x08, 0x00, 0x00, 0x10, 0x00,
  0x00, 0x20, 0x00, 0x00, 0x40, 0x00, 0x00, 0x80, 0x00, 0x00, 0x00, 0x00,
  0x07, 0xFF, 0xC0, 0x0F, 0xFF, 0x80, 0x18, 0x01, 0x00, 0x30, 0x02, 0x00,
  0x60, 0x04, 0x00, 0xC0, 0x08, 0x01, 0xFF, 0xF0, 0x03, 0xFF, 0xE0, 0x06,
  0x00, 0x40, 0x0C, 0x00, 0x80, 0x18, 0x01, 0x00, 0x30, 0x02, 0x00, 0x7F,
  0xFC, 0x00, 0xFF, 0xF8, 0x01, 0x80, 0x10, 0x03, 0x00, 0x20, 0x06, 0x00,
  0x40, 0x0C, 0x00, 0x81, 0xFF, 0xFF, 0xF1, 0xFF, 0xFF, 0xC0, 0x00, 0x00,
  0x00, 0x08, 0x20, 0x80, 0x10, 0x41, 0x00, 0x20, 0x82, 0x00, 0x41, 0x04,
  0x00, 0x82, 0x08, 0x1F, 0xFF, 0xFF, 0x3F, 0xFF, 0xFE, 0x04, 0x10, 0x40,
  0x08, 0x20, 0x80, 0x10, 0x41, 0x00, 0x20, 0x82, 0x00, 0x41, 0x04, 0x00,
  0x83, 0xF8, 0x01, 0x07, 0xF0, 0x02, 0x08, 0x20, 0x04, 0x00, 0x00, 0x08,
  0x00, 0x00, 0x10, 0x00, 0x00, 0x3F, 0xFF, 0xC0, 0x7F, 0xFF, 0x80, 0x80,
  0x00, 0x00, 0x00, 0x00, 0x00, 0x00, 0x00, 0x00, 0x0C, 0x01, 0x80, 0x0C,
  0x03, 0x00, 0x18, 0x0C, 0x00, 0x18, 0x30, 0x07, 0xFF, 0xFF, 0x0F, 0xFF,
  0xFE, 0x00, 0x63, 0x00, 0x00, 0xC6, 0x00, 0x01, 0x8C, 0x60, 0x63, 0x18,
  0xC0, 0x46, 0x31, 0x80, 0xCC, 0x66, 0x01, 0x98, 0xCC, 0x01, 0x31, 0x98,
  0x03, 0x63, 0x60, 0x06, 0xC6, 0xC0, 0x01, 0x8C, 0x00, 0x03, 0x18, 0x00,
  0x06, 0x30, 0x07, 0xFF, 0xFF, 0xCF, 0xFF, 0xFF, 0x80, 0x00, 0x00, 0x00,
  0x00, 0x20, 0x00, 0x00, 0x40, 0x00, 0x00, 0x80, 0x00, 0x01, 0x00, 0x07,
  0xFF, 0xFF, 0x0F, 0xFF, 0xFE, 0x18, 0x08, 0x0C, 0x30, 0x10, 0x18, 0x60,
  0x20, 0x30, 0xC0, 0x40, 0x61, 0x80, 0x80, 0xC3, 0x01, 0x01, 0x87, 0xFF,
  0xFF, 0x0F, 0xFF, 0xFE, 0x18, 0x08, 0x0C, 0x00, 0x10, 0x00, 0x00, 0x20,
  0x00, 0x00, 0x40, 0x00, 0x00, 0x80, 0x00, 0x01, 0x00, 0x00, 0x02, 0x00,
  0x00, 0x00, 0x00, 0x00, 0x00, 0x00, 0x00, 0x00, 0x80, 0x00, 0x01, 0x00,
  0x00, 0x02, 0x00, 0x00, 0x04, 0x00, 0x00, 0x08, 0x00, 0x0F, 0xFF, 0xE0,
  0x1F, 0xFF, 0xC0, 0x00, 0xC0, 0x80, 0x01, 0x81, 0x00, 0x23, 0x02, 0x00,
  0xE6, 0x04, 0x00, 0x78, 0x08, 0x00, 0x78, 0x10, 0x00, 0x78, 0x20, 0x00,
  0xF8, 0x40, 0x03, 0x38, 0x84, 0x0C, 0x21, 0x08, 0x38, 0x02, 0x10, 0xE0,
  0x04, 0x23, 0x80, 0x0F, 0xCE, 0x00, 0x1F, 0x00, 0x00, 0x00, 0x00, 0x00,
  0x00, 0x00, 0x00, 0xC0, 0x00, 0x00, 0xC0, 0x00, 0x00, 0xC0, 0x00, 0x00,
  0xC0, 0x03, 0xFF, 0xFE, 0x0F, 0xFF, 0xFE, 0x00, 0x08, 0x00, 0x00, 0x10,
  0x00, 0x00, 0x20, 0x00, 0x00, 0x40, 0x00, 0x00, 0x80, 0x00, 0xFF, 0xFE,
  0x03, 0xFF, 0xFE, 0x00, 0x04, 0x00, 0x00, 0x08, 0x00, 0x00, 0x10, 0x00,
  0x00, 0x20, 0x00, 0x00, 0x40, 0x00, 0x00, 0x80, 0x07, 0xFF, 0xFF, 0xC7,
  0xFF, 0xFF, 0x00, 0x00, 0x00, 0x00, 0x03, 0x00, 0x00, 0x06, 0x00, 0x00,
  0x0C, 0x00, 0x00, 0x3F, 0xE0, 0x00, 0x7F, 0xC0, 0x01, 0x81, 0x80, 0x03,
  0x03, 0x00, 0x0C, 0x0C, 0x00, 0x30, 0x18, 0x00, 0xE0, 0x30, 0x03, 0x80,
  0xE0, 0x02, 0x01, 0xC0, 0x00, 0x06, 0xC0, 0x00, 0x19, 0x80, 0x00, 0x71,
  0x80, 0x01, 0xC1, 0x80, 0x07, 0x03, 0x80, 0x1C, 0x03, 0x80, 0x70, 0x03,
  0x83, 0xC0, 0x03, 0xC6, 0x00, 0x03, 0x80, 0x00, 0x00, 0x00, 0x00, 0x00,
  0x60, 0x00, 0xFF, 0xE0, 0xFF, 0xFC, 0x00, 0x01, 0x80, 0x00, 0x01, 0x00,
  0x00, 0x02, 0x00, 0x00, 0x04, 0x00, 0x0F, 0xFF, 0xF0, 0x1F, 0xFF, 0xF0,
  0x00, 0x00, 0xC0, 0x00, 0x03, 0x00, 0x00, 0x0C, 0x00, 0x00, 0x30, 0x00,
  0x01, 0xC0, 0x01, 0x07, 0x00, 0x06, 0x18, 0x00, 0x0E, 0xE0, 0x00, 0x3F,
  0x80, 0x00, 0xCE, 0x00, 0x01, 0x87, 0xFF, 0xE2, 0x03, 0xFF, 0xC0, 0x00,
  0x00, 0x00, 0x00, 0x00, 0x00, 0x00, 0x30, 0x00, 0x18, 0x60, 0x00, 0x30,
  0xC0, 0x00, 0x61, 0x80, 0x00, 0xC3, 0x1E, 0x01, 0x87, 0xFC, 0x03, 0x1F,
  0x18, 0x07, 0xF8, 0x30, 0x1F, 0x30, 0x61, 0xF8, 0x60, 0xC3, 0x30, 0xC1,
  0x80, 0x61, 0x83, 0x00, 0xC3, 0x04, 0x01, 0x86, 0x78, 0x03, 0x0C, 0xE0,
  0x06, 0x18, 0x00, 0x0C, 0x00, 0x18, 0x18, 0x00, 0x30, 0x30, 0x00, 0xC0,
  0x7F, 0xFF, 0x80, 0x7F, 0xFE, 0x00, 0x00, 0x00, 0x00, 0x07, 0xE2, 0x00,
  0x7E, 0x44, 0x00, 0x88, 0xC8, 0x03, 0x10, 0x90, 0x0C, 0x21, 0xA0, 0x1F,
  0xFD, 0x40, 0x00, 0x30, 0x80, 0x06, 0xC1, 0x00, 0x07, 0x02, 0x00, 0x07,
  0x04, 0x01, 0xFF, 0xC8, 0x03, 0x20, 0x90, 0x06, 0x49, 0x20, 0x0F, 0xFA,
  0x40, 0x18, 0x04, 0x80, 0x37, 0xC9, 0x00, 0x60, 0x92, 0x08, 0xDE, 0x24,
  0x11, 0x8E, 0x48, 0x63, 0x24, 0x9F, 0xC6, 0x8F, 0x3F, 0x00, 0x00, 0x00,
  0x00, 0x00, 0x00, 0x00, 0x00, 0x20, 0x00, 0x00, 0xE0, 0x01, 0xFF, 0xFF,
  0xC0, 0x01, 0x00, 0x01, 0xFF, 0xFC, 0x03, 0x0C, 0x18, 0x06, 0x08, 0x30,
  0x0F, 0xFF, 0xE0, 0x00, 0x60, 0x00, 0x00, 0x40, 0x00, 0xFF, 0xFF, 0x00,
  0x03, 0x02, 0x00, 0x02, 0x04, 0x1F, 0xFF, 0xFF, 0x00, 0x1C, 0x18, 0x00,
  0x10, 0x20, 0x00, 0x60, 0x40, 0x7F, 0xFF, 0x80, 0x00, 0x81, 0x00, 0x03,
  0x00, 0x00, 0x3E, 0x00, 0x00, 0x00, 0x00, 0x00, 0x1F, 0xFF, 0xF0, 0x3F,
  0xFF, 0xE0, 0x00, 0x00, 0x00, 0x00, 0x00, 0x00, 0x00, 0x00, 0x00, 0x00,
  0x00, 0x00, 0x00, 0x00, 0x00, 0x00, 0x00, 0x00, 0x00, 0x00, 0x00, 0x00,
  0x00, 0x00, 0x00, 0x00, 0x00, 0x00, 0x00, 0x00, 0x00, 0x00, 0x00, 0x00,
  0x1F, 0xFF, 0xFF, 0x3F, 0xFF, 0xFE, 0x1F, 0xFF, 0xF0, 0x3F, 0xFF, 0xE0,
  0x01, 0x80, 0x00, 0x03, 0x00, 0x00, 0x06, 0x00, 0x00, 0x0C, 0x00, 0x00,
  0x10, 0x00, 0x07, 0xFF, 0xE0, 0x0F, 0xFF, 0xC0, 0x01, 0x81, 0x80, 0x03,
  0x03, 0x00, 0x04, 0x06, 0x00, 0x18, 0x0C, 0x00, 0x30, 0x18, 0x00, 0x60,
  0x30, 0x00, 0xC0, 0x60, 0x3F, 0xFF, 0xF8, 0xFF, 0xFF, 0xF8, 0x00, 0x10,
  0x00, 0x00, 0x20, 0x00, 0x00, 0xE0, 0x03, 0xFF, 0xFF, 0xE0, 0x00, 0x00,
  0x00, 0x00, 0x00, 0x01, 0xFF, 0xF0, 0x02, 0x00, 0x20, 0x04, 0x00, 0x40,
  0x0F, 0xFF, 0x80, 0x00, 0x00, 0x00, 0x00, 0x00, 0x03, 0xFF, 0xFF, 0x86,
  0x00, 0x03, 0x08, 0x20, 0x02, 0x10, 0xC3, 0x04, 0x01, 0x86, 0x00, 0x03,
  0x0C, 0x00, 0x0C, 0x18, 0x20, 0x38, 0x30, 0x60, 0xE0, 0x60, 0x8F, 0x00,
  0xFF, 0x00, 0x00, 0x00, 0x00, 0x00, 0x00, 0x00, 0x00, 0x60, 0x00, 0x00,
  0xC0, 0x00, 0x01, 0x80, 0x00, 0x03, 0x00, 0x00, 0x07, 0x00, 0x00, 0x0E,
  0x00, 0x00, 0x1C, 0x00, 0x00, 0x78, 0x00, 0x00, 0xD8, 0x00, 0x01, 0xB0,
  0x00, 0x06, 0x30, 0x00, 0x0C, 0x60, 0x00, 0x30, 0x60, 0x00, 0x60, 0xC0,
  0x01, 0x80, 0xC0, 0x06, 0x01, 0xC0, 0x1C, 0x01, 0xC0, 0x70, 0x01, 0xC3,
  0x80, 0x00, 0xE2, 0x00, 0x00, 0x80, 0x00, 0x10, 0x00, 0x00, 0x70, 0x00,
  0x01, 0xF0, 0x00, 0x06, 0x70, 0x00, 0x1C, 0x70, 0x00, 0x70, 0x70, 0x01,
  0xC0, 0x70, 0x07, 0x00, 0x70, 0x1F, 0xFF, 0xF8, 0xE3, 0xFE, 0x39, 0x80,
  0x00, 0x30, 0x00, 0x00, 0x00, 0x00, 0x00, 0x01, 0xFF, 0xFC, 0x03, 0xFF,
  0xF0, 0x00, 0x00, 0x60, 0x00, 0x00, 0xC0, 0x00, 0x03, 0x00, 0x00, 0x06,
  0x00, 0x00, 0x18, 0x00, 0x00, 0x30, 0x00, 0x00, 0xC0, 0x00, 0x00, 0x00,
  0x00, 0x00, 0x00, 0x00, 0x06, 0x00, 0x00, 0x0B, 0xFF, 0x00, 0x37, 0xFE,
  0x00, 0x41, 0x04, 0x01, 0x82, 0x18, 0x07, 0x04, 0x30, 0x0E, 0x08, 0x60,
  0x3C, 0x30, 0xF8, 0xD8, 0x61, 0xF9, 0x30, 0xC3, 0x30, 0x61, 0x84, 0x60,
  0xC3, 0x00, 0xC1, 0x86, 0x01, 0x03, 0x18, 0x02, 0x06, 0x30, 0x04, 0x0C,
  0x60, 0x08, 0x18, 0x80, 0x30, 0x33, 0x00, 0x60, 0x6C, 0x00, 0xC0, 0xD8,
  0x1B, 0x01, 0xA0, 0x3E, 0x00, 0x00, 0x00, 0x00, 0x00, 0x00, 0x00, 0x06,
  0x06, 0x00, 0x18, 0x0C, 0x00, 0x33, 0x18, 0x00, 0xC6, 0x30, 0x01, 0x8C,
  0x67, 0x06, 0x18, 0xFE, 0x0C, 0x33, 0xEC, 0x38, 0x7F, 0x18, 0xF1, 0xF6,
  0x31, 0x27, 0x8C, 0x60, 0x4B, 0x18, 0xC0, 0x86, 0x31, 0x81, 0x0C, 0x63,
  0x02, 0x18, 0xDE, 0x04, 0x31, 0xB8, 0x08, 0x63, 0x00, 0x10, 0xC0, 0x18,
  0x21, 0x80, 0x30, 0x43, 0x00, 0x60, 0x87, 0xFF, 0x81, 0x07, 0xFF, 0x00,
  0x00, 0x00, 0x00, 0x00, 0x00, 0x00, 0x03, 0x08, 0x80, 0x0C, 0x11, 0x80,
  0x18, 0x21, 0x80, 0x60, 0x41, 0x80, 0xC0, 0xC0, 0x03, 0x01, 0x80, 0x0E,
  0x03, 0x7E, 0x3C, 0xFF, 0xF8, 0xE9, 0xFC, 0x01, 0x90, 0x18, 0x02, 0x20,
  0x30, 0x00, 0x40, 0x20, 0x00, 0x80, 0x60, 0x01, 0x00, 0xC0, 0x02, 0x01,
  0x80, 0x04, 0x01, 0x04, 0x08, 0x03, 0x08, 0x10, 0x07, 0x10, 0x20, 0x06,
  0x60, 0x40, 0x07, 0x80, 0x80, 0x07, 0x00, 0x00, 0x00, 0x00, 0x00, 0x00,
  0x00, 0x00, 0x70, 0x00, 0x01, 0xF0, 0x00, 0x06, 0x70, 0x00, 0x1C, 0x70,
  0x00, 0x70, 0x70, 0x01, 0xC0, 0x70, 0x07, 0xFF, 0xF8, 0x39, 0xFF, 0x38,
  0xE0, 0x00, 0x38, 0x00, 0x00, 0x00, 0x00, 0x00, 0x01, 0xFF, 0xFE, 0x03,
  0xFF, 0xFC, 0x00, 0x18, 0x08, 0x00, 0x30, 0x10, 0x00, 0x60, 0x20, 0x00,
  0xC0, 0x40, 0x01, 0x81, 0x80, 0x03, 0x1F, 0x00, 0x06, 0x18, 0x00, 0x0C,
  0x00, 0x00, 0x00, 0x00, 0x00, 0x08, 0x00, 0x20, 0x10, 0x00, 0x40, 0x21,
  0x01, 0x80, 0x63, 0x03, 0x00, 0xC3, 0x06, 0x01, 0x83, 0x0C, 0x03, 0x06,
  0x18, 0x06, 0x04, 0x60, 0x0C, 0x00, 0xC0, 0x18, 0x01, 0x80, 0x30, 0x06,
  0x00, 0x60, 0x0C, 0x00, 0xC4, 0x38, 0x01, 0xF8, 0x78, 0x03, 0xC1, 0xB8,
  0x3E, 0x06, 0x38, 0x70, 0x38, 0x38, 0x00, 0xE0, 0x30, 0x07, 0x80, 0x30,
  0x0C, 0x00, 0x00, 0x00, 0x00, 0x00, 0x06, 0x00, 0x20, 0x0C, 0x07, 0xE0,
  0x11, 0xFE, 0x00, 0x6F, 0xF0, 0x01, 0x80, 0x40, 0x03, 0x00, 0x80, 0x0E,
  0x01, 0x00, 0x3C, 0x02, 0x00, 0x78, 0x04, 0x01, 0xB0, 0x08, 0x02, 0x6F,
  0xFF, 0xE0, 0xDF, 0xFF, 0xC1, 0x80, 0x40, 0x03, 0x00, 0x80, 0x06, 0x01,
  0x00, 0x0C, 0x02, 0x00, 0x18, 0x04, 0x00, 0x30, 0x08, 0x00, 0x60, 0x10,
  0x00, 0xCF, 0xFF, 0xC1, 0x9F, 0xFF, 0x01, 0x00, 0x00, 0x00, 0x00, 0x00,
  0x00, 0x06, 0x04, 0x00, 0x18, 0x08, 0x00, 0x30, 0x10, 0x00, 0xCF, 0xFF,
  0x81, 0x9F, 0xFF, 0x86, 0x20, 0x83, 0x0C, 0x41, 0x06, 0x38, 0x82, 0x0C,
  0xF1, 0xFF, 0xF9, 0xA3, 0xFF, 0xF2, 0x44, 0x10, 0x60, 0x88, 0x20, 0xC1,
  0x10, 0x41, 0x82, 0x3F, 0xFF, 0x04, 0x7F, 0xFE, 0x08, 0x82, 0x08, 0x10,
  0x04, 0x00, 0x20, 0x08, 0x00, 0x40, 0x10, 0x00, 0x80, 0x20, 0x01, 0x00,
  0x40, 0x00, 0x00, 0x00, 0x00, 0x00, 0x00, 0x00, 0x04, 0x00, 0x00, 0x1B,
  0xFF, 0xE0, 0x37, 0xFF, 0xC0, 0xC0, 0x01, 0x81, 0x80, 0x03, 0x06, 0x3F,
  0xF6, 0x0C, 0x7F, 0xCC, 0x38, 0x00, 0x18, 0xF0, 0x00, 0x31, 0xA1, 0xFC,
  0x62, 0x43, 0x18, 0xC0, 0x84, 0x11, 0x81, 0x08, 0x23, 0x02, 0x10, 0x46,
  0x04, 0x20, 0x8C, 0x08, 0x7F, 0x18, 0x10, 0xC0, 0x30, 0x21, 0x00, 0x60,
  0x40, 0x00, 0xC0, 0x80, 0x01, 0x81, 0x00, 0x3F, 0x02, 0x00, 0x3C, 0x00,
  0x00, 0x00, 0x00, 0x06, 0x00, 0x00, 0x09, 0xFF, 0xC0, 0x33, 0xFF, 0x80,
  0x66, 0x03, 0x01, 0x8C, 0x06, 0x07, 0x18, 0x0C, 0x0E, 0x30, 0x18, 0x3C,
  0x7F, 0xF0, 0xD8, 0xFF, 0xE1, 0xB1, 0x80, 0xC0, 0x63, 0x01, 0x80, 0xC6,
  0x03, 0x01, 0x8C, 0x06, 0x03, 0x18, 0x0C, 0x06, 0x3F, 0xF8, 0x0C, 0x7F,
  0xF0, 0x18, 0x00, 0x00, 0x30, 0x00, 0x00, 0x60, 0x00, 0x00, 0xDF, 0xFF,
  0xC1, 0xBF, 0xFF, 0x80, 0x00, 0x00, 0x00, 0x00, 0x02, 0x00, 0x06, 0x04,
  0x00, 0x08, 0x08, 0x00, 0x37, 0xFF, 0xC0, 0x4F, 0xFF, 0xC1, 0x90, 0x01,
  0x87, 0x20, 0x03, 0x0E, 0x40, 0x06, 0x3C, 0x00, 0x00, 0xD8, 0x00, 0x01,
  0xB7, 0xFF, 0xF2, 0x67, 0xFF, 0xE0, 0xC0, 0x30, 0x01, 0x80, 0x60, 0x03,
  0x00, 0xC0, 0x06, 0x01, 0x80, 0x0C, 0x03, 0x00, 0x18, 0x06, 0x00, 0x30,
  0x0C, 0x00, 0x60, 0x18, 0x00, 0xC0, 0x30, 0x01, 0x87, 0xC0, 0x02, 0x07,
  0x00, 0x00, 0x00, 0x00, 0x00, 0x06, 0x18, 0x00, 0x18, 0x30, 0x00, 0x30,
  0x40, 0x00, 0xDF, 0xFF, 0xC1, 0xBF, 0xFF, 0x86, 0x0C, 0x00, 0x0C, 0x19,
  0x80, 0x38, 0x63, 0x00, 0xF0, 0xC6, 0x01, 0xA3, 0xFF, 0xE2, 0x4F, 0xFF,
  0xC0, 0xB6, 0x31, 0x81, 0x4C, 0x63, 0x02, 0x18, 0xC6, 0x04, 0x31, 0x8C,
  0x08, 0x63, 0x18, 0x10, 0xC6, 0xF0, 0x21, 0x8D, 0xC0, 0x40, 0x18, 0x00,
  0x80, 0x30, 0x01, 0x00, 0x60, 0x00, 0x00, 0x00, 0x00, 0x00, 0x00, 0x00,
  0x06, 0x04, 0x00, 0x08, 0x08, 0x00, 0x30, 0x10, 0x00, 0x40, 0x20, 0x01,
  0x9F, 0xFF, 0x07, 0x3F, 0xFF, 0x0E, 0x00, 0x00, 0x3C, 0x00, 0x20, 0xD8,
  0x40, 0x41, 0xB0, 0x81, 0x82, 0x61, 0x83, 0x00, 0xC3, 0x06, 0x01, 0x86,
  0x08, 0x03, 0x04, 0x30, 0x06, 0x08, 0x60, 0x0C, 0x18, 0xC0, 0x18, 0x31,
  0x00, 0x30, 0x46, 0x00, 0x6F, 0xFF, 0xE0, 0xDF, 0xFF, 0xC1, 0x80, 0x00,
  0x02, 0x00, 0x00, 0x00, 0x00, 0x00, 0x00, 0x06, 0x00, 0x20, 0x18, 0x07,
  0xE0, 0x37, 0xFE, 0x00, 0xCF, 0x90, 0x01, 0x98, 0x20, 0x06, 0x30, 0x40,
  0x0C, 0x60, 0xC0, 0x38, 0xC1, 0x80, 0xF1, 0xFF, 0xF9, 0xA3, 0xFF, 0xF2,
  0x46, 0x0C, 0x00, 0x8C, 0x18, 0x01, 0x18, 0x10, 0x02, 0x30, 0x20, 0x04,
  0x60, 0x60, 0x08, 0xCE, 0xC0, 0x13, 0xFC, 0x88, 0x27, 0x01, 0x90, 0x40,
  0x01, 0x20, 0x8F, 0xFB, 0xC1, 0x1F, 0xF0, 0x02, 0x00, 0x00, 0x00, 0x00,
  0x00, 0x00, 0x06, 0x38, 0x00, 0x08, 0x38, 0x00, 0x30, 0x38, 0x00, 0x40,
  0x18, 0x01, 0x9F, 0xFF, 0x07, 0x3F, 0xFF, 0x0E, 0x01, 0x80, 0x3C, 0x03,
  0x00, 0xD8, 0x06, 0x01, 0xB0, 0x0C, 0x02, 0x60, 0x18, 0x00, 0xC7, 0xFF,
  0x81, 0x8F, 0xFF, 0x03, 0x00, 0xC0, 0x06, 0x01, 0x80, 0x0C, 0x03, 0x00,
  0x18, 0x06, 0x00, 0x30, 0x0C, 0x00, 0x60, 0x18, 0x00, 0xDF, 0xFF, 0xC1,
  0x9F, 0xFF, 0x80, 0x00, 0x00, 0x00, 0x00, 0x00, 0x00, 0x06, 0x33, 0x00,
  0x18, 0x66, 0x00, 0x30, 0xCC, 0x00, 0xDF, 0xFF, 0x81, 0x83, 0x33, 0x06,
  0x06, 0x66, 0x0C, 0x0C, 0xCC, 0x38, 0x19, 0x98, 0xF1, 0xFF, 0xF1, 0xA6,
  0x66, 0x02, 0x4C, 0xCC, 0x00, 0x99, 0x98, 0x01, 0x3F, 0xFF, 0x82, 0x6E,
  0x63, 0x04, 0x08, 0xC6, 0x08, 0x31, 0x8C, 0x10, 0x63, 0x10, 0x21, 0x86,
  0x60, 0x43, 0x0D, 0xC0, 0x8C, 0x18, 0x01, 0x30, 0x30, 0x00, 0x00, 0x00,
  0x00, 0x00, 0x00, 0x00, 0x06, 0x10, 0x00, 0x0C, 0x60, 0x00, 0x30, 0xC0,
  0x00, 0x61, 0xFF, 0xC1, 0x87, 0xFF, 0x83, 0x09, 0x80, 0x0E, 0x33, 0x00,
  0x3C, 0xC6, 0x00, 0x79, 0x8C, 0x01, 0xB6, 0x1F, 0xE0, 0x60, 0x3F, 0xC0,
  0xC0, 0x60, 0x01, 0x80, 0xC0, 0x03, 0x01, 0x80, 0x06, 0x03, 0xFE, 0x0C,
  0x07, 0xFC, 0x18, 0x0C, 0x00, 0x30, 0x18, 0x00, 0x60, 0x30, 0x00, 0xC0,
  0x60, 0x01, 0x80, 0xC0, 0x00, 0x00, 0x00, 0x00, 0x00, 0x00, 0x00, 0x06,
  0x04, 0x00, 0x08, 0x08, 0x00, 0x37, 0xFF, 0xE0, 0x5F, 0xFF, 0xC1, 0x80,
  0x40, 0x07, 0x00, 0x80, 0x0E, 0x7F, 0xFC, 0x3C, 0xC7, 0x18, 0xD9, 0x84,
  0x11, 0x33, 0x08, 0x20, 0x66, 0x10, 0x40, 0xCF, 0xFF, 0x81, 0x80, 0xE0,
  0x03, 0x31, 0x80, 0x06, 0x33, 0x00, 0x0C, 0x76, 0x00, 0x18, 0x78, 0x00,
  0x30, 0x70, 0x00, 0x61, 0xFC, 0x00, 0xCF, 0x1F, 0x81, 0xB8, 0x0F, 0x82,
  0x00, 0x00, 0x00, 0x00, 0x10, 0x00, 0x00, 0x20, 0x00, 0x00, 0x40, 0x01,
  0xFF, 0xFF, 0xC3, 0xFF, 0xFF, 0x80, 0x42, 0x08, 0x01, 0x84, 0x30, 0x03,
  0x08, 0x60, 0x06, 0x11, 0xC0, 0x1E, 0x23, 0xC0, 0x6E, 0xCD, 0xC0, 0xCD,
  0xF8, 0xC3, 0x07, 0xC0, 0x80, 0x1F, 0xC0, 0x00, 0x65, 0xC0, 0x01, 0x89,
  0xC0, 0x06, 0x11, 0xC0, 0x38, 0x21, 0xC0, 0xE0, 0x40, 0xE3, 0x80, 0x80,
  0xE0, 0x01, 0x00, 0x00, 0x00, 0x00, 0x00, 0x00, 0x00, 0x00, 0x0C, 0x00,
  0x10, 0x1F, 0xF8, 0x20, 0x6F, 0xF4, 0x40, 0xC6, 0x18, 0x81, 0x08, 0x31,
  0x06, 0x10, 0x62, 0x0C, 0x7E, 0xC4, 0x38, 0xCD, 0x88, 0xF1, 0x0B, 0x11,
  0xA6, 0x16, 0x22, 0x4C, 0x6C, 0x40, 0xBE, 0xD8, 0x81, 0x6F, 0x31, 0x02,
  0x86, 0x62, 0x04, 0x0C, 0xC4, 0x08, 0x11, 0x88, 0x10, 0x60, 0x10, 0x21,
  0x80, 0x20, 0x43, 0x00, 0x40, 0x8C, 0x00, 0x81, 0x30, 0x1F, 0x02, 0x00,
  0x18, 0x00, 0x00, 0x00, 0x00, 0x06, 0x20, 0x80, 0x18, 0x41, 0x00, 0x30,
  0x82, 0x00, 0x41, 0x04, 0x01, 0x82, 0x08, 0x07, 0x3F, 0xFF, 0x0C, 0x7F,
  0xFC, 0x38, 0x10, 0x40, 0xF0, 0x20, 0x81, 0xA0, 0x41, 0x02, 0x40, 0x82,
  0x00, 0x81, 0x04, 0x01, 0x3F, 0xFF, 0x82, 0x7F, 0xFF, 0x04, 0x00, 0x00,
  0x08, 0x10, 0x00, 0x10, 0x60, 0xC0, 0x20, 0xC1, 0xC0, 0x43, 0x01, 0x80,
  0x8C, 0x01, 0x81, 0x30, 0x01, 0x00, 0x00, 0x00, 0x00, 0x00, 0x00, 0x00,
  0x06, 0x0C, 0x00, 0x18, 0x18, 0x00, 0x30, 0x30, 0x00, 0xC0, 0x60, 0x01,
  0xFF, 0xFF, 0x86, 0x7F, 0xFE, 0x0C, 0x07, 0x80, 0x38, 0x1B, 0x00, 0xD0,
  0x76, 0x11, 0x21, 0xC4, 0x60, 0x47, 0x09, 0x80, 0x9E, 0x1E, 0x01, 0xF4,
  0x38, 0x02, 0x88, 0x30, 0x04, 0x10, 0x60, 0x08, 0x20, 0x40, 0x10, 0x40,
  0xC0, 0x20, 0x84, 0xC0, 0x43, 0xF9, 0xC0, 0x9F, 0xC1, 0xC1, 0x38, 0x01,
  0x80, 0x00, 0x00, 0x00, 0x00, 0x00, 0x00, 0x0C, 0xFF, 0xE0, 0x11, 0xFF,
  0xC0, 0x62, 0x00, 0x80, 0xC4, 0x01, 0x03, 0x08, 0x02, 0x06, 0x10, 0x04,
  0x1C, 0x20, 0x08, 0x38, 0x7F, 0xF0, 0xF0, 0xFF, 0xE1, 0x20, 0x08, 0x02,
  0x40, 0x10, 0x00, 0x86, 0x20, 0x01, 0x0C, 0x7E, 0x02, 0x18, 0xFE, 0x04,
  0x21, 0x00, 0x08, 0xE2, 0x00, 0x11, 0xC4, 0x00, 0x22, 0xC8, 0x00, 0x4C,
  0xF0, 0x00, 0x98, 0xFF, 0xC1, 0x60, 0x7F, 0x82, 0x00, 0x00, 0x00, 0x00,
  0x00, 0x00, 0x06, 0x21, 0x80, 0x18, 0xC3, 0x80, 0x33, 0x03, 0x80, 0xC6,
  0x03, 0x01, 0x98, 0x03, 0x06, 0x61, 0xC2, 0x0C, 0x07, 0x80, 0x38, 0x19,
  0x80, 0xF0, 0x31, 0x81, 0xA0, 0xC1, 0x82, 0x43, 0x01, 0x80, 0x9C, 0x01,
  0xC1, 0x7F, 0xFF, 0x82, 0x1F, 0xFC, 0x04, 0x30, 0x18, 0x08, 0x60, 0x30,
  0x10, 0xC0, 0x60, 0x21, 0x80, 0xC0, 0x43, 0x01, 0x80, 0x87, 0xFF, 0x01,
  0x0F, 0xFE, 0x00, 0x10, 0x00, 0x00, 0x00, 0x00, 0x00, 0x06, 0xFF, 0xE0,
  0x09, 0xFF, 0xE0, 0x32, 0x00, 0xC0, 0xC4, 0x01, 0x81, 0x88, 0x03, 0x07,
  0x10, 0x06, 0x0E, 0x3F, 0xFC, 0x3C, 0x7F, 0xF8, 0xD8, 0x04, 0x01, 0xB0,
  0x08, 0x00, 0x60, 0x10, 0x00, 0xDF, 0xFF, 0x81, 0xBF, 0xFF, 0x83, 0x03,
  0xE0, 0x06, 0x07, 0xE0, 0x0C, 0x1A, 0xC0, 0x18, 0x64, 0xC0, 0x31, 0x88,
  0xC0, 0x6E, 0x10, 0xE0, 0xD8, 0x20, 0xC1, 0x80, 0x40, 0x00, 0x00, 0x00,
  0x00, 0x00, 0x00, 0x00, 0x06, 0x00, 0x00, 0x09, 0xFF, 0xC0, 0x30, 0x00,
  0x00, 0x40, 0x00, 0x01, 0xBF, 0xFF, 0x87, 0x00, 0x00, 0x0E, 0x00, 0x00,
  0x3C, 0x00, 0x00, 0xF8, 0xFF, 0xE1, 0xB0, 0x00, 0x00, 0x60, 0x00, 0x00,
  0xC7, 0xFF, 0x01, 0x80, 0x00, 0x03, 0x00, 0x00, 0x06, 0x3F, 0xF8, 0x0C,
  0x60, 0x30, 0x18, 0x80, 0x20, 0x31, 0x00, 0x40, 0x62, 0x00, 0x80, 0xC7,
  0xFF, 0x01, 0x8C, 0x06, 0x00, 0x00, 0x00, 0x00, 0x00, 0x00, 0x00, 0x0C,
  0x18, 0x00, 0x10, 0x30, 0x00, 0x6C, 0xFF, 0xE0, 0xD9, 0x83, 0x03, 0x37,
  0x0C, 0x06, 0x7B, 0x18, 0x1C, 0xE3, 0xE0, 0x39, 0x83, 0x80, 0xF3, 0x1F,
  0xC1, 0x26, 0xF1, 0xF2, 0x4F, 0x84, 0x60, 0x98, 0x38, 0x01, 0x31, 0xC0,
  0x02, 0x66, 0x18, 0x04, 0xC0, 0x60, 0x09, 0x87, 0x08, 0x13, 0x38, 0x30,
  0x20, 0x01, 0xC0, 0x40, 0x0F, 0x00, 0x81, 0xF8, 0x01, 0x07, 0x80, 0x00,
  0x00, 0x00, 0x00, 0x00, 0x00, 0x00, 0x06, 0x00, 0x00, 0x19, 0xFF, 0xC0,
  0x33, 0x01, 0x80, 0xC6, 0x03, 0x01, 0x8F, 0xFE, 0x06, 0x18, 0x0C, 0x0C,
  0x30, 0x18, 0x38, 0x60, 0x30, 0xF0, 0xFF, 0xE1, 0xA1, 0x80, 0xC0, 0x43,
  0x01, 0x80, 0x87, 0xFF, 0x01, 0x0C, 0x06, 0x02, 0x18, 0x0C, 0x04, 0xFF,
  0xFC, 0x09, 0xFF, 0xFC, 0x10, 0x00, 0x00, 0x20, 0xE3, 0x80, 0x43, 0x83,
  0x80, 0x8E, 0x01, 0x81, 0x30, 0x01, 0x80, 0x00, 0x00, 0x00, 0x00, 0x00,
  0x00, 0x0C, 0x00, 0x00, 0x1B, 0xFF, 0xE0, 0x66, 0x00, 0xC0, 0xC8, 0x20,
  0x83, 0x10, 0x41, 0x06, 0x20, 0x82, 0x1C, 0x5F, 0xF4, 0x38, 0x82, 0x08,
  0xF1, 0x04, 0x11, 0x22, 0x08, 0x22, 0x44, 0xFE, 0x40, 0x89, 0x8C, 0x81,
  0x13, 0x09, 0x02, 0x26, 0x12, 0x04, 0x4C, 0x24, 0x08, 0x9F, 0xC8, 0x11,
  0x00, 0x10, 0x22, 0x00, 0x20, 0x47, 0xFF, 0xC0, 0x8F, 0xFF, 0x81, 0x10,
  0x01, 0x00, 0x00, 0x00, 0x00, 0x00, 0x00, 0x00, 0x0C, 0x00, 0x10, 0x1F,
  0xF8, 0x20, 0x63, 0x00, 0x40, 0xC6, 0x08, 0x83, 0x09, 0x11, 0x06, 0x33,
  0x22, 0x1C, 0x62, 0x44, 0x39, 0xFE, 0x88, 0xF7, 0xED, 0x11, 0x20, 0x82,
  0x22, 0x41, 0x84, 0x40, 0x83, 0x08, 0x81, 0x3F, 0xD1, 0x02, 0x0C, 0x22,
  0x04, 0x18, 0x44, 0x08, 0x30, 0x88, 0x10, 0x60, 0x10, 0x20, 0xC8, 0x20,
  0x47, 0xF0, 0x40, 0xBF, 0x00, 0x81, 0x00, 0x0F, 0x02, 0x00, 0x0C, 0x00,
  0x00, 0x00, 0x00, 0x0C, 0x00, 0x00, 0x10, 0x7F, 0x80, 0x6C, 0x01, 0x00,
  0xD8, 0x02, 0x03, 0x30, 0x04, 0x06, 0x60, 0x1C, 0x1C, 0xFF, 0xFE, 0x39,
  0x88, 0x00, 0xF3, 0x30, 0x01, 0xA6, 0x7F, 0xE2, 0x4D, 0x9C, 0x00, 0x9B,
  0x10, 0x01, 0x34, 0x20, 0x02, 0x60, 0xE0, 0x04, 0xFF, 0xFE, 0x09, 0x83,
  0x80, 0x13, 0x07, 0x00, 0x20, 0x1B, 0x00, 0x40, 0x63, 0x00, 0x83, 0x83,
  0x81, 0x0E, 0x03, 0x80, 0x00, 0x00, 0x00, 0x00, 0x00, 0x00, 0x06, 0x0C,
  0x00, 0x19, 0x98, 0x80, 0x36, 0x21, 0x80, 0xCC, 0xC1, 0x81, 0xBF, 0xFF,
  0x86, 0x07, 0x60, 0x1C, 0x0C, 0x40, 0x38, 0x18, 0xC0, 0xD3, 0xFF, 0xF9,
  0x21, 0xC1, 0x80, 0x43, 0x03, 0x00, 0x8E, 0x03, 0x01, 0x3F, 0xFF, 0x02,
  0xEC, 0x33, 0x04, 0x18, 0x20, 0x08, 0x30, 0x40, 0x10, 0x67, 0x80, 0x20,
  0xC0, 0x40, 0x41, 0x80, 0xC0, 0x83, 0x01, 0x81, 0x07, 0xFE, 0x02, 0x00,
  0x00, 0x00, 0x00, 0x00, 0x00, 0x04, 0x04, 0x00, 0x18, 0x08, 0x00, 0x37,
  0xFF, 0xC0, 0xC0, 0x60, 0x01, 0x80, 0xC0, 0x06, 0x01, 0x80, 0x0C, 0x3F,
  0xF8, 0x38, 0x40, 0x30, 0xF0, 0x80, 0x61, 0xA1, 0xFF, 0xC0, 0x43, 0x01,
  0x80, 0x84, 0x03, 0x01, 0x08, 0x06, 0x02, 0x1F, 0xFC, 0x04, 0x20, 0x18,
  0x08, 0x40, 0x30, 0x10, 0xFF, 0xE0, 0x21, 0x80, 0xC0, 0x42, 0x01, 0x80,
  0x9F, 0xFF, 0xC1, 0x00, 0x00, 0x00, 0x00, 0x00, 0x00, 0x00, 0x00, 0x00,
  0x08, 0x00, 0x00, 0x37, 0xFF, 0xE0, 0x6C, 0x60, 0xC0, 0x98, 0xC1, 0x83,
  0x31, 0x83, 0x06, 0x63, 0x06, 0x0C, 0xC6, 0x0C, 0x39, 0xFF, 0xF8, 0x73,
  0x00, 0x01, 0xE6, 0x00, 0x02, 0xCC, 0x1F, 0xC1, 0x9F, 0xB1, 0x83, 0x30,
  0x63, 0x06, 0x60, 0x44, 0x0C, 0xC0, 0xD8, 0x19, 0xF8, 0xE0, 0x33, 0x01,
  0xC0, 0x66, 0x03, 0x80, 0xCC, 0x0F, 0x81, 0x98, 0x71, 0x83, 0x31, 0xC1,
  0x80, 0x00, 0x00, 0x00, 0x00, 0x00, 0x00, 0x0C, 0x00, 0x00, 0x17, 0xFF,
  0xF0, 0x60, 0x00, 0x00, 0xC0, 0x00, 0x03, 0x1F, 0xFF, 0x06, 0x30, 0x06,
  0x1C, 0x60, 0x0C, 0x38, 0xC0, 0x18, 0xF1, 0xFF, 0xF1, 0xA3, 0x00, 0x02,
  0x46, 0x00, 0x00, 0x8F, 0xFF, 0x81, 0x1C, 0xD9, 0x02, 0x39, 0x12, 0x04,
  0x72, 0x24, 0x09, 0xE6, 0xC8, 0x13, 0x7F, 0xF0, 0x26, 0x91, 0x20, 0x59,
  0x22, 0x40, 0xB2, 0x44, 0x81, 0x04, 0x8F, 0x00, 0x00, 0x00, 0x00, 0x00,
  0x00, 0x00, 0x06, 0x04, 0x00, 0x18, 0x08, 0x00, 0x3F, 0xFF, 0xE0, 0xC0,
  0x00, 0x01, 0x80, 0x00, 0x06, 0x1F, 0xFC, 0x0C, 0x30, 0x18, 0x38, 0x60,
  0x30, 0xD0, 0xFF, 0xE1, 0x20, 0x00, 0x00, 0x40, 0x00, 0x00, 0x9F, 0xFF,
  0xC1, 0x30, 0x01, 0x82, 0x40, 0x01, 0x04, 0xBF, 0xFA, 0x08, 0x07, 0x00,
  0x10, 0x04, 0x00, 0x20, 0x08, 0x00, 0x40, 0x10, 0x00, 0x80, 0x20, 0x01,
  0x07, 0xC0, 0x00, 0x06, 0x00, 0x00, 0x00, 0x00, 0x00, 0x06, 0x0C, 0x00,
  0x08, 0x1C, 0x00, 0x30, 0x3F, 0xE0, 0x40, 0x60, 0x01, 0x80, 0xC0, 0x07,
  0x1F, 0xFC, 0x0E, 0x30, 0x08, 0x3C, 0x40, 0x10, 0xD8, 0x80, 0x21, 0xB1,
  0xFF, 0xC0, 0x62, 0x00, 0x80, 0xC4, 0x01, 0x01, 0x8F, 0xFE, 0x03, 0x10,
  0x04, 0x06, 0x20, 0x08, 0x0C, 0x60, 0x10, 0x18, 0xFF, 0xE0, 0x30, 0x00,
  0x00, 0x61, 0xC7, 0x00, 0xC7, 0x03, 0x01, 0xB8, 0x03, 0x80, 0x00, 0x00,
  0x00, 0x00, 0x00, 0x00, 0x0C, 0x20, 0x80, 0x18, 0x41, 0x00, 0x6F, 0xFF,
  0xE0, 0xC3, 0x8E, 0x01, 0x02, 0x08, 0x06, 0x00, 0x00, 0x0C, 0x7F, 0xFE,
  0x38, 0xFF, 0xFC, 0xF1, 0x00, 0x01, 0xA2, 0x00, 0x02, 0x45, 0xFF, 0xC0,
  0x8B, 0x18, 0x81, 0x36, 0x31, 0x02, 0x6F, 0xFE, 0x04, 0xD8, 0xC4, 0x09,
  0xB1, 0x88, 0x13, 0x7F, 0xF0, 0x24, 0xC6, 0x20, 0x49, 0x8C, 0x40, 0xB3,
  0x18, 0x81, 0x46, 0x37, 0x00, 0x00, 0x00, 0x00, 0x00, 0x00, 0x00, 0x04,
  0x04, 0x00, 0x18, 0x1C, 0x00, 0x3F, 0xFF, 0xE0, 0xC0, 0x20, 0x01, 0x9F,
  0xFF, 0x06, 0x30, 0x86, 0x0C, 0x61, 0x0C, 0x38, 0xFF, 0xF8, 0xF1, 0x84,
  0x31, 0x23, 0xFF, 0xE0, 0x40, 0x11, 0x80, 0x80, 0x23, 0x81, 0x3F, 0xFF,
  0x02, 0x00, 0x1B, 0x04, 0x00, 0x30, 0x09, 0xFF, 0xFC, 0x10, 0x40, 0xC0,
  0x20, 0xC1, 0x80, 0x40, 0xC3, 0x00, 0x81, 0x86, 0x01, 0x00, 0x7C, 0x00,
  0x00, 0x00, 0x00, 0x00, 0x00, 0x00, 0x06, 0x60, 0x00, 0x19, 0xC0, 0x00,
  0x33, 0xFF, 0xE0, 0xCC, 0x00, 0x01, 0xBF, 0xFE, 0x06, 0x68, 0x0C, 0x0C,
  0x10, 0x18, 0x38, 0x3F, 0xF0, 0xF0, 0x40, 0x61, 0xA0, 0xFF, 0xC0, 0x40,
  0x00, 0x00, 0x80, 0x00, 0x01, 0x3F, 0xFF, 0x82, 0x0C, 0x00, 0x04, 0x3F,
  0xFC, 0x08, 0xCC, 0xC8, 0x13, 0x31, 0x10, 0x20, 0x46, 0x60, 0x41, 0x98,
  0xC0, 0x8E, 0x61, 0x81, 0x18, 0xDE, 0x00, 0x00, 0x00, 0x00, 0x00, 0x00,
  0x00, 0x06, 0x20, 0xC0, 0x18, 0xC1, 0x80, 0x3F, 0xFF, 0xE0, 0xC1, 0x06,
  0x01, 0x82, 0x0C, 0x06, 0x07, 0xF8, 0x1C, 0x01, 0x00, 0x38, 0x7F, 0xF8,
  0xD0, 0x86, 0x31, 0x21, 0x08, 0x60, 0x42, 0x18, 0xC0, 0x87, 0xFF, 0x81,
  0x00, 0x40, 0x02, 0x00, 0xC0, 0x04, 0x7F, 0xFC, 0x08, 0x02, 0x00, 0x10,
  0x06, 0x00, 0x21, 0xFF, 0xE0, 0x40, 0x10, 0x00, 0x80, 0x30, 0x01, 0x3F,
  0xFF, 0x82, 0x00, 0x00, 0x00, 0x00, 0x00, 0x00, 0x0C, 0x00, 0x00, 0x17,
  0xFF, 0xF0, 0x60, 0x00, 0x00, 0xCF, 0xFF, 0x01, 0x18, 0x42, 0x06, 0x3F,
  0xFC, 0x0C, 0x61, 0x08, 0x38, 0xC2, 0x10, 0xF1, 0xFF, 0xE1, 0xA0, 0x00,
  0x00, 0x4F, 0xFF, 0xE0, 0x80, 0x00, 0x01, 0x1F, 0xFE, 0x02, 0x30, 0x84,
  0x04, 0x61, 0x08, 0x08, 0xFF, 0xF0, 0x11, 0x84, 0x20, 0x23, 0xFF, 0xC0,
  0x40, 0x00, 0x00, 0x80, 0x00, 0x01, 0x7F, 0xFF, 0x80, 0x00, 0x00, 0x00,
  0x0C, 0x00, 0x00, 0x17, 0xFF, 0xF0, 0x60, 0x30, 0x00, 0xC7, 0xFF, 0x03,
  0x0C, 0x06, 0x06, 0x1F, 0xFC, 0x1C, 0x30, 0x18, 0x38, 0x7F, 0xF0, 0xF0,
  0xC0, 0x61, 0xA7, 0xFF, 0xF2, 0x48, 0x30, 0x60, 0x95, 0x33, 0xC1, 0x1B,
  0x0B, 0x02, 0x27, 0xF2, 0x04, 0x0C, 0x00, 0x08, 0x3F, 0xF0, 0x11, 0xE0,
  0xC0, 0x26, 0x67, 0x00, 0x40, 0x7C, 0x00, 0x83, 0xFE, 0x01, 0x3E, 0x0F,
  0x80, 0x00, 0x00, 0x00, 0x00, 0x00, 0x00, 0x08, 0x03, 0x10, 0x37, 0xC6,
  0x20, 0x60, 0x0C, 0xC0, 0x80, 0x7F, 0x83, 0x7F, 0x32, 0x06, 0x00, 0x6C,
  0x1C, 0x00, 0xD0, 0x39, 0xF7, 0xFC, 0xF0, 0x01, 0x81, 0x60, 0x06, 0xC0,
  0xCF, 0x98, 0xC1, 0x80, 0x71, 0x83, 0x00, 0xBF, 0x06, 0x00, 0x42, 0x0C,
  0xFC, 0x84, 0x19, 0x19, 0xF8, 0x32, 0x32, 0x10, 0x64, 0x64, 0x20, 0xCC,
  0xC8, 0x41, 0x9F, 0x9F, 0x83, 0x20, 0x33, 0x00, 0x00, 0x00, 0x00, 0x00,
  0x00, 0x00, 0x01, 0x80, 0x00, 0x03, 0x00, 0x00, 0x0C, 0x18, 0x00, 0x18,
  0x18, 0x00, 0x60, 0x18, 0x00, 0xC0, 0x18, 0x03, 0xFF, 0xF8, 0x3F, 0xFF,
  0xF0, 0x7F, 0x00, 0x30, 0x00, 0x08, 0x20, 0x0C, 0x10, 0x00, 0x18, 0x20,
  0x00, 0x30, 0x40, 0x00, 0x60, 0x80, 0x00, 0xC1, 0x00, 0x03, 0x02, 0x08,
  0x06, 0x04, 0x18, 0x18, 0x08, 0x30, 0x70, 0x10, 0x63, 0xC0, 0x3F, 0x86,
  0x00, 0x7F, 0x00, 0x00, 0x00, 0x00, 0x0F, 0xFF, 0xE0, 0x3F, 0xFF, 0xE0,
  0x00, 0x00, 0x00, 0x00, 0x00, 0x00, 0x00, 0x00, 0x00, 0x00, 0x00, 0x00,
  0x00, 0x00, 0x3F, 0xFF, 0xFE, 0x3F, 0xFF, 0xF8, 0x03, 0x0C, 0x00, 0x06,
  0x18, 0x00, 0x0C, 0x30, 0x00, 0x18, 0x60, 0x00, 0x60, 0xC0, 0x00, 0xC1,
  0x82, 0x01, 0x83, 0x06, 0x06, 0x06, 0x0C, 0x18, 0x0C, 0x18, 0xE0, 0x0F,
  0xE1, 0x80, 0x1F, 0xC0, 0x00, 0x00, 0x00, 0x00, 0x00, 0x00, 0x00, 0x20,
  0x00, 0x00, 0x40, 0x01, 0xFF, 0xFF, 0xC3, 0xFF, 0xFF, 0x80, 0x18, 0x00,
  0x00, 0x60, 0xC0, 0x00, 0xC0, 0xC0, 0x01, 0x00, 0xC0, 0x06, 0x01, 0xC0,
  0xFF, 0xFF, 0xC1, 0xFC, 0x00, 0xC0, 0x08, 0x21, 0x00, 0x30, 0x40, 0x00,
  0x60, 0x80, 0x00, 0xC1, 0x00, 0x01, 0x82, 0x00, 0x06, 0x04, 0x18, 0x1C,
  0x08, 0x30, 0x70, 0x10, 0x63, 0xC0, 0x3F, 0x86, 0x00, 0x7F, 0x00, 0x00,
  0x00, 0x00, 0x00, 0x00, 0x00, 0x04, 0x20, 0x00, 0x18, 0x40, 0x00, 0x30,
  0x80, 0x00, 0x7F, 0xFF, 0x01, 0xFF, 0xFE, 0x03, 0x04, 0x00, 0x0C, 0x08,
  0x00, 0x18, 0x10, 0x00, 0x20, 0x20, 0x00, 0x00, 0x40, 0x03, 0xFF, 0xFF,
  0xE3, 0xFF, 0xFF, 0x80, 0x30, 0x40, 0x00, 0x60, 0x80, 0x00, 0xC1, 0x00,
  0x03, 0x02, 0x00, 0x06, 0x04, 0x18, 0x1C, 0x08, 0x30, 0x70, 0x10, 0x61,
  0xC0, 0x3F, 0x86, 0x00, 0x7F, 0x00, 0x00, 0x00, 0x00, 0x00, 0x00, 0x00,
  0x00, 0x20, 0x00, 0x60, 0x40, 0xC0, 0x60, 0x83, 0x00, 0xC1, 0x06, 0x00,
  0xC2, 0x18, 0x01, 0x84, 0x30, 0x01, 0x08, 0x40, 0x00, 0x10, 0x00, 0x7F,
  0xFF, 0xF1, 0xFF, 0xFF, 0xF0, 0x0C, 0x30, 0x00, 0x18, 0x60, 0x00, 0x30,
  0xC0, 0x00, 0x61, 0x80, 0x00, 0x83, 0x00, 0x03, 0x06, 0x00, 0x06, 0x0C,
  0x18, 0x18, 0x18, 0x30, 0x70, 0x30, 0x63, 0xC0, 0x20, 0xCE, 0x00, 0x7F,
  0x00, 0x00, 0x7C, 0x00, 0x00, 0x00, 0x00, 0x00, 0x20, 0x00, 0x00, 0x40,
  0x01, 0xFF, 0xFF, 0xC3, 0xFF, 0xFF, 0x80, 0x02, 0x00, 0x00, 0x04, 0x00,
  0x03, 0xFF, 0xE0, 0x0F, 0xFF, 0xE0, 0x18, 0x00, 0xC0, 0x30, 0x01, 0x80,
  0x60, 0x03, 0x00, 0xFF, 0xFE, 0x01, 0xFF, 0xFC, 0x00, 0x21, 0x80, 0x00,
  0xC3, 0x00, 0x01, 0x86, 0x00, 0x03, 0x0C, 0x18, 0x0C, 0x18, 0x30, 0x30,
  0x30, 0x63, 0xC0, 0x7F, 0x87, 0x00, 0x7F, 0x00, 0x00, 0x00, 0x00, 0x07,
  0xF8, 0x00, 0x0F, 0xF0, 0x00, 0x00, 0x60, 0x00, 0x00, 0xC0, 0x00, 0x01,
  0x80, 0x00, 0x07, 0x00, 0x00, 0x0E, 0x00, 0x00, 0x3E, 0x00, 0x00, 0x6C,
  0x00, 0x00, 0xD8, 0x00, 0x03, 0x18, 0x00, 0x06, 0x30, 0x00, 0x18, 0x30,
  0x00, 0x30, 0x60, 0x00, 0xC0, 0x60, 0x03, 0x80, 0x60, 0x0E, 0x00, 0xE0,
  0x38, 0x00, 0xE0, 0xE0, 0x00, 0xF1, 0x80, 0x00, 0x60, 0x00, 0x00, 0x00,
  0x01, 0xF0, 0x00, 0x03, 0xE0, 0x00, 0x00, 0x40, 0x00, 0x00, 0x80, 0x00,
  0x01, 0x80, 0x03, 0xFF, 0xFF, 0x07, 0xFF, 0xFE, 0x08, 0x1C, 0x0C, 0x10,
  0x3C, 0x18, 0x20, 0xD8, 0x30, 0x41, 0xB0, 0x60, 0x86, 0x30, 0xC1, 0x1C,
  0x71, 0x82, 0x70, 0x73, 0x05, 0xC0, 0x76, 0x0B, 0x00, 0x6C, 0x10, 0x00,
  0x18, 0x20, 0x00, 0x30, 0x40, 0x00, 0x60, 0x80, 0x00, 0xC1, 0x00, 0x1F,
  0x02, 0x00, 0x1C, 0x00, 0x00, 0x00, 0x00, 0x00, 0x70, 0x00, 0x01, 0xF0,
  0x00, 0x07, 0x70, 0x00, 0x1C, 0x70, 0x00, 0x70, 0x70, 0x01, 0xC0, 0x70,
  0x07, 0x00, 0x70, 0x1C, 0x00, 0x70, 0xFF, 0xFF, 0xF9, 0x9F, 0xFF, 0x20,
  0x00, 0x80, 0x00, 0x01, 0x00, 0x00, 0x02, 0x00, 0x03, 0xFF, 0xF8, 0x07,
  0xFF, 0xF0, 0x00, 0x10, 0x00, 0x00, 0x20, 0x00, 0x00, 0x40, 0x00, 0x00,
  0x80, 0x03, 0xFF, 0xFF, 0x87, 0xFF, 0xFF, 0x00, 0x3F, 0xFF, 0xF8, 0x7F,
  0xFF, 0xF0, 0x00, 0x40, 0x00, 0x00, 0x80, 0x00, 0x01, 0x00, 0x07, 0xFF,
  0xFF, 0x0F, 0xFF, 0xFE, 0x18, 0x08, 0x0C, 0x33, 0x13, 0x18, 0x62, 0x22,
  0x30, 0xC6, 0x46, 0x61, 0x8C, 0x8C, 0xC3, 0x39, 0x39, 0x86, 0x52, 0x53,
  0x0C, 0xB4, 0xB6, 0x1A, 0x3A, 0x2C, 0x34, 0x74, 0x58, 0x60, 0x20, 0x30,
  0xC0, 0x40, 0x61, 0x80, 0x87, 0x81, 0x00, 0x04, 0x00, 0x00, 0x00, 0x00,
  0x00, 0x20, 0x00, 0x00, 0x40, 0x00, 0x00, 0x80, 0x00, 0x01, 0x00, 0x00,
  0x02, 0x00, 0x0F, 0xFF, 0xFE, 0x3F, 0xFF, 0xFE, 0x00, 0x00, 0x00, 0x00,
  0x00, 0x00, 0x00, 0x00, 0x00, 0x00, 0x00, 0x00, 0x30, 0x18, 0x00, 0x60,
  0x30, 0x01, 0x80, 0x30, 0x03, 0x00, 0x70, 0x0C, 0x00, 0x60, 0x18, 0x00,
  0x60, 0x60, 0x00, 0xC1, 0xC0, 0x00, 0xC7, 0x00, 0x01, 0x84, 0x00, 0x03,
  0x00, 0x00, 0x00, 0x00, 0x00, 0x00, 0x00, 0x04, 0x01, 0x00, 0x08, 0x02,
  0x01, 0xFF, 0xFF, 0xC3, 0xFF, 0xFF, 0x80, 0x40, 0x10, 0x00, 0x80, 0x20,
  0x01, 0x80, 0xC0, 0x03, 0xFF, 0x80, 0x04, 0x01, 0x00, 0x08, 0x02, 0x00,
  0x18, 0x0C, 0x00, 0x3F, 0xF8, 0x00, 0x40, 0x10, 0x00, 0x80, 0x20, 0x01,
  0x00, 0x40, 0x7F, 0xFF, 0xFC, 0x7F, 0xFF, 0xF0, 0x06, 0x08, 0x00, 0x1C,
  0x1E, 0x01, 0xE0, 0x0F, 0x0F, 0x00, 0x07, 0x00, 0x00, 0x00, 0x00, 0x3F,
  0xFF, 0xF8, 0x7F, 0xFF, 0xF0, 0x00, 0x40, 0x00, 0x00, 0x80, 0x00, 0xFF,
  0xFE, 0x01, 0xFF, 0xFC, 0x02, 0x04, 0x08, 0x04, 0x08, 0x10, 0x0C, 0x38,
  0x60, 0x1F, 0xFF, 0xC0, 0x20, 0x40, 0x80, 0x40, 0x81, 0x00, 0x81, 0x02,
  0x0F, 0xFF, 0xFF, 0x9F, 0xFF, 0xFF, 0x04, 0x00, 0x10, 0x08, 0x00, 0x20,
  0x10, 0x00, 0x40, 0x20, 0x00, 0x80, 0x40, 0x1F, 0x00, 0x80, 0x38, 0x00,
  0x00, 0x00, 0x00, 0x3F, 0xFF, 0xE0, 0x60, 0x00, 0xC0, 0xC0, 0x01, 0x81,
  0xFF, 0xFF, 0x03, 0x00, 0x06, 0x06, 0x00, 0x0C, 0x0F, 0xFF, 0xF8, 0x00,
  0x00, 0x00, 0x00, 0x00, 0x00, 0x1F, 0xFF, 0x00, 0x30, 0x06, 0x00, 0x40,
  0x04, 0x00, 0xFF, 0xF8, 0x01, 0x00, 0x30, 0x02, 0x00, 0x20, 0x07, 0xFF,
  0xC0, 0x08, 0x01, 0x80, 0x10, 0x01, 0x00, 0x3F, 0xFE, 0x00, 0x60, 0x0C,
  0x00, 0x00, 0x00, 0x00, 0x00, 0x00, 0x00, 0x00, 0x1C, 0x00, 0x80, 0x3C,
  0x01, 0x80, 0xDC, 0x01, 0x83, 0x98, 0x01, 0x86, 0x18, 0x01, 0x18, 0x1C,
  0x00, 0xE0, 0x1C, 0x03, 0xBF, 0xDC, 0x06, 0x7F, 0x98, 0x00, 0x00, 0x00,
  0x00, 0x00, 0x00, 0x4F, 0xFF, 0x00, 0xDF, 0xFE, 0x03, 0x03, 0x04, 0x0C,
  0x06, 0x08, 0x18, 0x0C, 0x10, 0x60, 0x18, 0x21, 0xC0, 0x33, 0xC3, 0x00,
  0x67, 0x80, 0x00, 0xC0, 0x00, 0x01, 0x80, 0x00, 0x00, 0x00, 0x00, 0x00,
  0x00, 0x00, 0x00, 0x20, 0x00, 0x00, 0x40, 0x00, 0x40, 0x81, 0x80, 0x81,
  0x03, 0x01, 0x02, 0x06, 0x02, 0x04, 0x0C, 0x04, 0x08, 0x18, 0x08, 0x10,
  0x30, 0x1F, 0xFF, 0xE0, 0x3F, 0xFF, 0xC0, 0x00, 0x80, 0x00, 0x01, 0x00,
  0x02, 0x02, 0x02, 0x04, 0x04, 0x04, 0x08, 0x08, 0x08, 0x10, 0x10, 0x10,
  0x20, 0x20, 0x20, 0x40, 0x40, 0x40, 0xFF, 0xFF, 0x81, 0xFF, 0xFF, 0x02,
  0x00, 0x02, 0x00, 0x00, 0x00, 0x00, 0x00, 0x00, 0x00, 0x03, 0x06, 0x00,
  0x06, 0x0C, 0x00, 0x18, 0x0C, 0x00, 0x30, 0x1C, 0x00, 0xC0, 0x18, 0x03,
  0x00, 0x18, 0x0E, 0x00, 0x18, 0x38, 0x00, 0x38, 0xFF, 0xFF, 0xB9, 0xBF,
  0xFF, 0xA0, 0x03, 0x03, 0x00, 0x06, 0x04, 0x00, 0x08, 0x08, 0x00, 0x30,
  0x10, 0x00, 0x60, 0x20, 0x01, 0x80, 0xC0, 0x03, 0x01, 0x80, 0x0C, 0x03,
  0x00, 0x70, 0x06, 0x01, 0xC0, 0xF8, 0x07, 0x01, 0xF0, 0x00, 0x00, 0x00,
  0x00, 0x08, 0x00, 0x00, 0x10, 0x7F, 0xF0, 0x21, 0xFF, 0xF0, 0x40, 0x30,
  0x40, 0x80, 0x60, 0x81, 0x38, 0xC1, 0x07, 0xF1, 0x82, 0x3E, 0x03, 0x04,
  0x58, 0x06, 0x08, 0x10, 0x0C, 0x10, 0x20, 0x10, 0x20, 0x40, 0x20, 0x40,
  0x84, 0xC1, 0x81, 0x09, 0x83, 0x02, 0x13, 0x06, 0x07, 0xEC, 0x0C, 0x0F,
  0x98, 0x18, 0x00, 0x60, 0x30, 0x01, 0xC0, 0x60, 0x07, 0x0F, 0x80, 0x0C,
  0x1E, 0x00, 0x00, 0x00, 0x00, 0x00, 0x00, 0x18, 0xFF, 0xF0, 0x30, 0xFF,
  0xC8, 0x60, 0x30, 0x10, 0xC0, 0x60, 0x21, 0x80, 0x80, 0x43, 0x03, 0xFC,
  0x86, 0x07, 0xF9, 0x0C, 0x18, 0x32, 0x18, 0x30, 0x44, 0x30, 0xE1, 0x88,
  0x63, 0xF3, 0x10, 0xC6, 0x7C, 0x21, 0x80, 0x38, 0x43, 0x00, 0x30, 0x86,
  0x00, 0xC0, 0x0C, 0x03, 0x00, 0x18, 0x06, 0x00, 0x30, 0x18, 0x00, 0x60,
  0xE0, 0x00, 0xC3, 0x80, 0x1F, 0x80, 0x00, 0x1C, 0x00, 0x00, 0x00, 0x00,
  0x3F, 0xC0, 0x30, 0xFF, 0x80, 0x61, 0x81, 0x10, 0xC3, 0x02, 0x21, 0x86,
  0x04, 0x43, 0x0C, 0x08, 0x86, 0x18, 0x11, 0x0C, 0x3F, 0xE2, 0x18, 0x3F,
  0xC4, 0x30, 0x10, 0x08, 0x60, 0x20, 0x10, 0xC0, 0xFE, 0x21, 0x81, 0xFC,
  0x43, 0x03, 0x08, 0x86, 0x06, 0x11, 0x0C, 0x08, 0x22, 0x18, 0x30, 0x40,
  0x30, 0x61, 0x80, 0x61, 0x83, 0x00, 0xC3, 0x06, 0x01, 0x8C, 0x78, 0x3F,
  0x00, 0x00, 0x38, 0x00, 0x00, 0x00, 0x08, 0xFF, 0xF0, 0x30, 0xFF, 0xE0,
  0x60, 0x20, 0x18, 0xC0, 0xC4, 0x31, 0x81, 0x8C, 0x63, 0x02, 0x0C, 0xC6,
  0x3F, 0xF9, 0x8C, 0x7F, 0xDB, 0x18, 0x02, 0x16, 0x30, 0x0C, 0x0C, 0x60,
  0x18, 0x18, 0xC3, 0xFF, 0x31, 0x87, 0xFE, 0x63, 0x00, 0xC0, 0xC6, 0x01,
  0x81, 0x0C, 0x03, 0x00, 0x18, 0x06, 0x00, 0x30, 0x0F, 0xE0, 0x63, 0xFF,
  0x80, 0xC7, 0x80, 0x0F, 0x80, 0x00, 0x1E, 0x00, 0x00, 0x00, 0x00, 0x32,
  0x00, 0x10, 0x64, 0x00, 0x20, 0x88, 0x04, 0x43, 0xFF, 0x88, 0x87, 0xFF,
  0x11, 0x18, 0x40, 0x22, 0x10, 0x80, 0x44, 0x7F, 0xFC, 0x88, 0xFF, 0xF1,
  0x10, 0x04, 0x02, 0x20, 0x08, 0x04, 0x43, 0xFF, 0x88, 0x87, 0xFF, 0x11,
  0x0C, 0x46, 0x22, 0x18, 0x8C, 0x44, 0x31, 0x18, 0x08, 0x62, 0x30, 0x10,
  0xC4, 0x60, 0x21, 0x8B, 0xC0, 0x40, 0x10, 0x0F, 0x80, 0x20, 0x1E, 0x00,
  0x00, 0x00, 0x00, 0x00, 0x00, 0x00, 0x06, 0x00, 0x30, 0x0C, 0x00, 0x61,
  0xFF, 0xD8, 0xC7, 0xFF, 0xB1, 0x80, 0xC0, 0x63, 0x01, 0x80, 0xC6, 0x06,
  0x31, 0x8C, 0x38, 0x63, 0x18, 0x71, 0x86, 0x30, 0x66, 0x0C, 0x60, 0x78,
  0x18, 0xC0, 0x71, 0xB1, 0x81, 0xC6, 0x63, 0x07, 0x18, 0xC6, 0x38, 0x71,
  0x8C, 0x20, 0xC1, 0x18, 0x03, 0x80, 0x30, 0x1F, 0x80, 0x60, 0x73, 0x80,
  0xC3, 0xC3, 0x81, 0x8E, 0x03, 0x1F, 0x00, 0x00, 0x38, 0x00, 0x00, 0x00,
  0x00, 0x0C, 0x01, 0x80, 0x0C, 0x03, 0x00, 0x18, 0x0C, 0x03, 0xFF, 0xFF,
  0x8F, 0xFF, 0xFF, 0x80, 0x00, 0x00, 0x00, 0x00, 0x00, 0x1F, 0xE2, 0x10,
  0x30, 0xC4, 0x20, 0x41, 0x88, 0x40, 0x83, 0x10, 0x81, 0xFE, 0x21, 0x03,
  0x0C, 0x42, 0x04, 0x18, 0x84, 0x0C, 0x31, 0x08, 0x1F, 0xE2, 0x10, 0x20,
  0xC4, 0x20, 0x41, 0x80, 0x40, 0x83, 0x00, 0x81, 0x06, 0x03, 0x02, 0x3C,
  0x3E, 0x00, 0x00, 0x30, 0x00, 0x00, 0x00, 0x18, 0x7F, 0xF0, 0x30, 0xC0,
  0x20, 0x61, 0x21, 0x4C, 0xC2, 0x46, 0x99, 0x84, 0xC9, 0x33, 0x08, 0x32,
  0x66, 0x17, 0xF4, 0xCC, 0x21, 0x89, 0x98, 0x42, 0x13, 0x30, 0x94, 0xA6,
  0x61, 0x29, 0x4C, 0xC2, 0x52, 0x99, 0x84, 0xA5, 0x33, 0x09, 0x4A, 0x66,
  0x13, 0xF4, 0x0C, 0x24, 0x28, 0x18, 0x48, 0x50, 0x30, 0x80, 0x20, 0x61,
  0x00, 0x40, 0xC2, 0x07, 0x8F, 0x80, 0x00, 0x0C, 0x00, 0x00, 0x00, 0x00,
  0x01, 0xF0, 0x30, 0xFF, 0x80, 0x60, 0x0C, 0x00, 0xC0, 0x18, 0x09, 0x8F,
  0xFF, 0xD3, 0x00, 0x60, 0x26, 0x02, 0xD0, 0x4C, 0x05, 0xA0, 0x98, 0x7B,
  0x79, 0x30, 0x36, 0xE2, 0x60, 0x2D, 0x04, 0xC0, 0xDA, 0x09, 0x8F, 0xB6,
  0xD3, 0x01, 0x6F, 0x26, 0x01, 0xE0, 0x4C, 0x03, 0xE0, 0x98, 0x0B, 0x70,
  0x30, 0x36, 0x70, 0x60, 0xCC, 0x20, 0xC7, 0x18, 0x01, 0x84, 0x30, 0x1F,
  0x00, 0x00, 0x18, 0x00, 0x01, 0x80, 0x08, 0x07, 0x80, 0x30, 0x19, 0xC0,
  0x60, 0x61, 0xD8, 0xC1, 0xFF, 0xB1, 0x86, 0x00, 0x63, 0x18, 0x00, 0xC6,
  0x0F, 0xF9, 0x8C, 0x18, 0x13, 0x18, 0x30, 0x26, 0x30, 0x7F, 0xCC, 0x60,
  0xC0, 0x98, 0xC1, 0xFF, 0x31, 0x83, 0x00, 0x63, 0x04, 0x00, 0xC6, 0x0F,
  0xFD, 0x8C, 0x3C, 0x18, 0x18, 0x78, 0x30, 0x30, 0xB0, 0x60, 0x63, 0x7F,
  0xC0, 0xC0, 0xC1, 0x8F, 0x80, 0x00, 0x1C, 0x00, 0x00, 0x00, 0x00, 0x00,
  0xC0, 0x00, 0x01, 0x80, 0x00, 0x03, 0x00, 0x00, 0x06, 0x00, 0x00, 0x0C,
  0x00, 0x0F, 0xFF, 0xFE, 0x1F, 0xFF, 0xFC, 0x00, 0x60, 0x18, 0x00, 0xC0,
  0x30, 0x01, 0x80, 0x60, 0x03, 0x00, 0x80, 0x0C, 0x01, 0x00, 0x18, 0x02,
  0x00, 0x30, 0x0C, 0x00, 0xC0, 0x18, 0x03, 0x80, 0x30, 0x06, 0x00, 0x60,
  0x18, 0x00, 0xC0, 0xE0, 0x01, 0x03, 0x80, 0x7E, 0x06, 0x00, 0xF8, 0x00,
  0x00, 0x00, 0x00, 0x00, 0x00, 0x00, 0x00, 0x04, 0x00, 0x00, 0x08, 0x01,
  0xFC, 0x10, 0x07, 0xFC, 0x20, 0x00, 0x80, 0x40, 0x01, 0x0F, 0xFF, 0x02,
  0x1F, 0xFC, 0x04, 0x06, 0x08, 0x08, 0x0C, 0x10, 0x10, 0x18, 0x20, 0x20,
  0x30, 0x40, 0x40, 0x60, 0x80, 0x80, 0x81, 0x01, 0xF3, 0x06, 0x07, 0xE6,
  0x0C, 0x7C, 0x18, 0x18, 0xC0, 0x30, 0x30, 0x00, 0xC0, 0x60, 0x03, 0x80,
  0xC0, 0x0E, 0x1F, 0x00, 0x18, 0x3E, 0x00, 0x00, 0x00, 0x00, 0x00, 0x00,
  0x00, 0x08, 0x00, 0x00, 0x10, 0x00, 0x00, 0x20, 0x3F, 0xC0, 0x40, 0x7F,
  0x8F, 0xFC, 0xC3, 0x0F, 0xF9, 0x86, 0x06, 0x13, 0x0C, 0x0C, 0x26, 0x18,
  0x18, 0x4C, 0x30, 0x30, 0x98, 0x60, 0x63, 0x30, 0xC0, 0xC6, 0x61, 0x81,
  0x8C, 0xC3, 0x02, 0x19, 0x86, 0x0C, 0x33, 0x0C, 0x18, 0x66, 0x18, 0x30,
  0xCC, 0x30, 0xC1, 0x9F, 0xE1, 0x83, 0x3F, 0xC6, 0x3C, 0x61, 0x8C, 0x78,
  0xC3, 0x00, 0x00, 0x00, 0x00, 0x00, 0x00, 0x00, 0x00, 0x02, 0x00, 0x7F,
  0x04, 0x00, 0xFE, 0x08, 0x01, 0x0C, 0x30, 0x02, 0x18, 0x60, 0x04, 0x37,
  0xFE, 0x0F, 0xEF, 0xFC, 0x1F, 0xC3, 0x08, 0x21, 0x86, 0x10, 0x43, 0x0C,
  0x20, 0x86, 0x18, 0x41, 0xFC, 0x21, 0x83, 0xF8, 0xC3, 0x04, 0x31, 0x86,
  0x08, 0x63, 0x0C, 0x10, 0xEC, 0x18, 0x7F, 0xD8, 0x31, 0xF8, 0x60, 0x63,
  0x01, 0xC0, 0xC0, 0x07, 0x1F, 0x00, 0x0C, 0x3E, 0x00, 0x00, 0x00, 0x00,
  0x00, 0x00, 0x00, 0x03, 0xE3, 0x01, 0xFF, 0x06, 0x00, 0x18, 0x0C, 0x00,
  0x30, 0x18, 0x0F, 0xFE, 0x30, 0x00, 0xC3, 0xFE, 0x01, 0x87, 0xFC, 0x3F,
  0xF1, 0x08, 0x46, 0x22, 0x10, 0x8C, 0xC4, 0x21, 0xFF, 0x88, 0x42, 0x31,
  0x10, 0x84, 0x66, 0x61, 0x0F, 0xFC, 0xC2, 0x01, 0x81, 0x04, 0x3F, 0xF6,
  0x18, 0x06, 0x0C, 0x30, 0x0C, 0x30, 0x60, 0x1F, 0xE0, 0xC7, 0xFF, 0x81,
  0x80, 0x06, 0x1E, 0x00, 0x00, 0x38, 0x00, 0x00, 0x00, 0x00, 0x00, 0x0C,
  0x01, 0xFF, 0x30, 0x00, 0x0E, 0x7F, 0xE0, 0x19, 0xC3, 0x03, 0x67, 0x84,
  0x07, 0x99, 0x98, 0x03, 0x81, 0xE0, 0x01, 0x03, 0xC0, 0xFF, 0xCF, 0xC0,
  0x3B, 0xF9, 0xE0, 0x73, 0xC0, 0xE0, 0xEC, 0x30, 0x03, 0xD8, 0x60, 0x05,
  0xAF, 0xFE, 0x1B, 0x03, 0x8C, 0x66, 0x06, 0x18, 0xCC, 0x0C, 0x30, 0x18,
  0x30, 0x60, 0x30, 0xE0, 0xC0, 0x63, 0x83, 0x03, 0xCE, 0x3E, 0x06, 0x00,
  0x30, 0x00, 0x00, 0x00, 0x00, 0x06, 0x00, 0x00, 0x0C, 0x00, 0x00, 0x18,
  0x00, 0x00, 0x7F, 0xFF, 0x80, 0xFF, 0xFF, 0x03, 0x00, 0x06, 0x0E, 0x00,
  0x0C, 0x18, 0xC0, 0x18, 0x61, 0x80, 0x31, 0xC6, 0x00, 0x61, 0x0C, 0x00,
  0xC0, 0x19, 0x81, 0x80, 0x61, 0x83, 0x00, 0xC3, 0x06, 0x01, 0x03, 0x0C,
  0x1F, 0xFE, 0x18, 0x3F, 0xFE, 0x20, 0x00, 0x04, 0xC0, 0x00, 0x01, 0x80,
  0x00, 0x03, 0x00, 0x00, 0xFC, 0x00, 0x00, 0xF0, 0x00, 0x00, 0x00, 0x00,
  0x06, 0x00, 0x00, 0x0C, 0x00, 0x00, 0x30, 0x00, 0x00, 0x7F, 0xFF, 0x81,
  0xFF, 0xFF, 0x03, 0x18, 0xC6, 0x0C, 0x31, 0x8C, 0x18, 0xC3, 0x18, 0x61,
  0x84, 0x31, 0x83, 0x08, 0x63, 0x0C, 0x30, 0xC0, 0x18, 0x61, 0x80, 0x61,
  0x83, 0x01, 0x83, 0x06, 0x03, 0x06, 0x0C, 0x0C, 0x18, 0x18, 0x30, 0x60,
  0x20, 0xC0, 0xC0, 0xC0, 0x03, 0x01, 0x80, 0x0C, 0x3F, 0x00, 0x18, 0x7C,
  0x00, 0x00, 0x00, 0x00, 0x00, 0x00, 0x00, 0x03, 0x30, 0x00, 0x0C, 0x60,
  0x00, 0x18, 0xC0, 0x00, 0x61, 0x80, 0x00, 0xC3, 0x02, 0x03, 0x06, 0x0E,
  0x0E, 0x0C, 0x38, 0x1C, 0x19, 0xC0, 0x78, 0x37, 0x01, 0x90, 0x78, 0x02,
  0x20, 0xC0, 0x00, 0x41, 0x80, 0x00, 0x83, 0x00, 0x01, 0x06, 0x00, 0x02,
  0x0C, 0x00, 0x04, 0x18, 0x00, 0x08, 0x30, 0x18, 0x10, 0x60, 0x30, 0x20,
  0xC0, 0x60, 0x41, 0xFF, 0x80, 0x81, 0xFF, 0x00, 0x00, 0x00, 0x00, 0x1F,
  0xFF, 0xF8, 0x7F, 0xFF, 0xF0, 0xC0, 0x00, 0x01, 0x80, 0x00, 0x03, 0x0F,
  0xF8, 0x06, 0x18, 0x30, 0x0C, 0x30, 0x60, 0x18, 0x60, 0xC0, 0x30, 0xFF,
  0x80, 0x60, 0x00, 0x00, 0xC0, 0x00, 0x01, 0x9F, 0xBF, 0x83, 0x23, 0x63,
  0x06, 0x46, 0xC6, 0x0C, 0x8D, 0x8C, 0x19, 0x1B, 0x18, 0x33, 0xF7, 0xF0,
  0x60, 0x00, 0x00, 0xFF, 0xFF, 0xF1, 0xFF, 0xFF, 0xE3, 0x00, 0x00, 0x00,
  0x00, 0x00, 0x00, 0x00, 0x00, 0x00, 0x10, 0x20, 0x40, 0x30, 0x41, 0x80,
  0x60, 0x83, 0x00, 0x61, 0x0C, 0x00, 0xC2, 0x18, 0x00, 0x84, 0x60, 0x00,
  0x08, 0x00, 0x1F, 0xFF, 0xF0, 0x3F, 0xFF, 0xE0, 0x00, 0x40, 0x00, 0x00,
  0x80, 0x00, 0x01, 0x00, 0x00, 0x02, 0x00, 0x1F, 0xFF, 0xFF, 0x1F, 0xFF,
  0xFC, 0x00, 0x10, 0x00, 0x00, 0x20, 0x00, 0x00, 0x40, 0x00, 0x00, 0x80,
  0x00, 0x01, 0x00, 0x00, 0x02, 0x00, 0x00, 0x00, 0x00, 0x00, 0x00, 0x00,
  0x00, 0x00, 0x20, 0x00, 0x00, 0x40, 0x03, 0xFF, 0xFF, 0xE3, 0xFF, 0xFF,
  0x80, 0x02, 0x00, 0x00, 0x04, 0x00, 0x0F, 0xFF, 0xF8, 0x1F, 0xFF, 0xF0,
  0x21, 0x04, 0x20, 0x42, 0x08, 0x40, 0x86, 0x30, 0x81, 0x0C, 0x61, 0x02,
  0x7F, 0xF2, 0x04, 0x04, 0x04, 0x08, 0x08, 0x08, 0x10, 0x38, 0x10, 0x27,
  0xFF, 0x20, 0x40, 0x40, 0x40, 0x80, 0x80, 0x81, 0x01, 0x01, 0x02, 0x02,
  0x3E, 0x04, 0x00, 0x30, 0x00, 0x1F, 0xE7, 0xF8, 0x3F, 0xCF, 0xF0, 0x41,
  0x90, 0x60, 0x83, 0x20, 0xC1, 0xFE, 0x41, 0x83, 0xFC, 0x83, 0x04, 0x19,
  0x06, 0x08, 0x32, 0x0C, 0x10, 0x64, 0x18, 0x3F, 0xC8, 0x30, 0x7F, 0x90,
  0x60, 0x80, 0x20, 0xC1, 0x18, 0x41, 0x82, 0x30, 0x83, 0x04, 0x31, 0x06,
  0x08, 0x62, 0x7C, 0x1F, 0xE4, 0x70, 0xFC, 0x48, 0x01, 0xC0, 0xD0, 0x00,
  0x00, 0x20, 0x00, 0x00, 0x00, 0x00, 0x1F, 0xFF, 0xFC, 0x3F, 0xFF, 0xF0,
  0x60, 0x30, 0x00, 0xC0, 0x60, 0x01, 0x9F, 0xFF, 0x03, 0x30, 0x06, 0x06,
  0x40, 0x0C, 0x0C, 0xC0, 0x18, 0x19, 0xFF, 0xF0, 0x32, 0x00, 0x60, 0x64,
  0x00, 0xC0, 0xCF, 0xFF, 0x81, 0x00, 0xC0, 0x02, 0x01, 0x80, 0x0C, 0x33,
  0x30, 0x18, 0xC6, 0x30, 0x33, 0x0C, 0x30, 0x4E, 0x18, 0x31, 0xB8, 0x30,
  0x33, 0x03, 0xE0, 0x00, 0x00, 0x00, 0x00, 0x1F, 0xFF, 0xF8, 0x3F, 0xFF,
  0xF8, 0x40, 0x00, 0x00, 0x80, 0x06, 0x01, 0x3F, 0x0D, 0x02, 0x42, 0x19,
  0x04, 0xFC, 0x32, 0x09, 0x08, 0x60, 0x13, 0xF0, 0xC0, 0x20, 0x0F, 0xF8,
  0x40, 0x03, 0x00, 0xBF, 0xC6, 0x03, 0x61, 0x8E, 0x06, 0xFF, 0x1C, 0x0D,
  0x86, 0x68, 0x1B, 0x0C, 0xD0, 0x37, 0xF9, 0x30, 0x4C, 0x36, 0x61, 0x98,
  0x6C, 0x63, 0x30, 0xF0, 0xE6, 0x67, 0xC0, 0xC0, 0x00, 0x00, 0x00, 0x00,
  0x00, 0x00, 0x00, 0x20, 0x00, 0x00, 0x40, 0x00, 0x00, 0x80, 0x01, 0xFF,
  0xFF, 0x03, 0xFF, 0xFE, 0x00, 0x04, 0x00, 0x00, 0x08, 0x00, 0x00, 0x10,
  0x00, 0x00, 0x20, 0x00, 0xFF, 0xFF, 0xF3, 0xFF, 0xFF, 0xE0, 0x0C, 0x00,
  0x00, 0x18, 0x00, 0x00, 0x70, 0x60, 0x00, 0xC0, 0xE0, 0x01, 0x80, 0xC0,
  0x06, 0x00, 0xC0, 0x0C, 0x01, 0xC1, 0xFF, 0xFF, 0xC3, 0xFF, 0x81, 0x80,
  0x00, 0x03, 0x00, 0x00, 0x00, 0x00, 0x00, 0x00, 0x00, 0x7F, 0xFE, 0x00,
  0xFF, 0xFC, 0x00, 0x18, 0x18, 0x00, 0x30, 0x30, 0x00, 0x70, 0xC0, 0x00,
  0xE1, 0xFC, 0x01, 0xC3, 0xFC, 0x03, 0xC6, 0x10, 0x07, 0x80, 0x60, 0x09,
  0x80, 0xC0, 0x33, 0x03, 0x00, 0x63, 0x06, 0x00, 0xC7, 0x18, 0x03, 0x06,
  0x60, 0x06, 0x07, 0xC0, 0x18, 0x07, 0x00, 0x30, 0x1F, 0x00, 0xC0, 0xE7,
  0x83, 0x0F, 0x83, 0xE2, 0x1C, 0x01, 0xC0, 0x00, 0x00, 0x00, 0x0F, 0xFF,
  0xF8, 0x1F, 0xFF, 0xE0, 0x30, 0x00, 0x00, 0x60, 0x00, 0x00, 0xC0, 0x00,
  0x01, 0x80, 0x00, 0x03, 0xFF, 0xF8, 0x07, 0xFF, 0xF0, 0x0C, 0x80, 0x60,
  0x19, 0x81, 0x80, 0x33, 0x03, 0x00, 0x43, 0x0C, 0x00, 0x87, 0x38, 0x03,
  0x06, 0x60, 0x06, 0x07, 0x80, 0x0C, 0x0F, 0x00, 0x10, 0x3F, 0x00, 0x61,
  0xE7, 0x80, 0xCF, 0x03, 0xE1, 0x38, 0x01, 0xC0, 0x00, 0x00, 0x00, 0x7F,
  0xF0, 0x00, 0x7F, 0xE0, 0x00, 0x61, 0xBF, 0xE0, 0xC3, 0x7F, 0xC1, 0x86,
  0xC1, 0x83, 0xFC, 0x83, 0x07, 0xF9, 0x06, 0x0C, 0x33, 0x08, 0x18, 0x66,
  0x30, 0x30, 0xC4, 0x60, 0x7F, 0x8C, 0x80, 0xFF, 0x1B, 0x01, 0x86, 0x1E,
  0x03, 0x0C, 0x38, 0x06, 0x18, 0x70, 0x1F, 0xF0, 0xF0, 0x7E, 0x63, 0x60,
  0x00, 0xDC, 0x70, 0x01, 0xF0, 0x70, 0x03, 0xC0, 0x60, 0x00, 0x00, 0x00,
  0x00, 0x00, 0x20, 0x00, 0x7F, 0xE0, 0xFF, 0xF8, 0x00, 0x41, 0x81, 0x00,
  0xC3, 0x06, 0x00, 0x82, 0x08, 0x01, 0x86, 0x30, 0x1F, 0xFF, 0xFC, 0x3F,
  0xFF, 0xF8, 0x40, 0x00, 0x10, 0x80, 0x00, 0x21, 0x00, 0x00, 0x40, 0xFF,
  0xFC, 0x00, 0xFF, 0xF8, 0x00, 0xC0, 0x60, 0x00, 0xC1, 0xC0, 0x00, 0xC7,
  0x00, 0x00, 0xF8, 0x00, 0x01, 0xF0, 0x00, 0x0F, 0xF8, 0x01, 0xF8, 0x3F,
  0x07, 0x80, 0x0F, 0x00, 0x00, 0x00, 0x00, 0x04, 0x00, 0x00, 0x0C, 0x1F,
  0xF0, 0x5A, 0x7F, 0xF1, 0xB4, 0xC0, 0x03, 0x6D, 0x80, 0x04, 0xCB, 0x00,
  0x19, 0x96, 0x00, 0x23, 0x0C, 0x00, 0x3F, 0xDF, 0xF8, 0x7F, 0xBF, 0xF0,
  0x18, 0x78, 0x60, 0x30, 0xF0, 0xC0, 0x61, 0xA1, 0x00, 0xFB, 0x66, 0x1F,
  0xE6, 0x4C, 0x36, 0x08, 0xF0, 0x0C, 0x30, 0xE0, 0x18, 0x61, 0x80, 0x20,
  0xC7, 0x80, 0xC3, 0x19, 0x83, 0x06, 0xE1, 0xC6, 0x19, 0x81, 0x80, 0x00,
  0x00, 0x00, 0x1F, 0xFF, 0xF0, 0x3F, 0xFF, 0xE0, 0x60, 0x00, 0xC0, 0xC0,
  0x01, 0x81, 0x80, 0x03, 0x03, 0x00, 0x06, 0x06, 0x00, 0x0C, 0x0C, 0x00,
  0x18, 0x18, 0x00, 0x30, 0x30, 0x00, 0x60, 0x60, 0x00, 0xC0, 0xC0, 0x01,
  0x81, 0x80, 0x03, 0x03, 0x00, 0x06, 0x06, 0x00, 0x0C, 0x0F, 0xFF, 0xF8,
  0x1F, 0xFF, 0xF0, 0x30, 0x00, 0x60, 0x60, 0x00, 0xC0, 0x00, 0x00, 0x00,
  0x06, 0x00, 0x00, 0x0C, 0x00, 0x00, 0x10, 0x00, 0x00, 0x7F, 0xFF, 0x80,
  0xFF, 0xFF, 0x03, 0x00, 0x06, 0x0C, 0x00, 0x0C, 0x18, 0x00, 0x18, 0x6F,
  0xF8, 0x31, 0x9F, 0xF0, 0x61, 0x30, 0x20, 0xC0, 0x60, 0x41, 0x80, 0xC0,
  0x83, 0x01, 0x81, 0x06, 0x03, 0x02, 0x08, 0x07, 0xFC, 0x10, 0x0F, 0xF8,
  0x20, 0x18, 0x00, 0xC0, 0x10, 0x01, 0x80, 0x00, 0x03, 0x00, 0x00, 0xFC,
  0x00, 0x01, 0xF0, 0x00, 0x0F, 0xFF, 0xE0, 0x1F, 0xFF, 0xC0, 0x20, 0x00,
  0x80, 0x40, 0x01, 0x00, 0x80, 0x02, 0x01, 0x00, 0x04, 0x03, 0xFF, 0xF8,
  0x07, 0xFF, 0xF0, 0x00, 0x30, 0x00, 0x00, 0x60, 0x00, 0xFF, 0xFF, 0xC1,
  0xFF, 0xFF, 0x80, 0x06, 0x03, 0x00, 0x0C, 0x06, 0x00, 0x30, 0x0C, 0x00,
  0x60, 0x18, 0x01, 0x80, 0x30, 0x0E, 0x00, 0x60, 0x78, 0x01, 0x83, 0xC0,
  0x3F, 0x00, 0x00, 0x38, 0x00, 0x0F, 0xFF, 0xE0, 0x1F, 0xFF, 0xE0, 0x30,
  0x00, 0xC0, 0x60, 0x01, 0x80, 0xC0, 0x03, 0x01, 0x80, 0x06, 0x03, 0x00,
  0x0C, 0x06, 0x00, 0x18, 0x0C, 0x00, 0x30, 0x18, 0x00, 0x60, 0x3F, 0xFF,
  0xC0, 0x7F, 0xFF, 0x80, 0xC0, 0x02, 0x00, 0x00, 0x00, 0x00, 0x60, 0xC0,
  0x01, 0xC1, 0xC0, 0x07, 0x00, 0xC0, 0x1C, 0x00, 0xC0, 0xF0, 0x00, 0xE1,
  0x80, 0x00, 0xC0, 0x00, 0x00, 0x00, 0x00, 0x1F, 0xC0, 0x7F, 0x3F, 0x80,
  0xFE, 0x01, 0x01, 0x0C, 0x02, 0x02, 0x19, 0x84, 0x04, 0x33, 0x0C, 0x08,
  0x66, 0x18, 0x10, 0xCC, 0x30, 0x21, 0x98, 0x60, 0x43, 0x20, 0xC0, 0x86,
  0xC1, 0x81, 0xFD, 0x81, 0x03, 0xFB, 0x03, 0x04, 0x04, 0x06, 0x08, 0x18,
  0x0C, 0x00, 0x60, 0x08, 0x00, 0xC0, 0x18, 0x03, 0x00, 0x30, 0x0E, 0x00,
  0x30, 0x18, 0x00, 0x60, 0x00, 0x00, 0x00, 0x3F, 0xFF, 0xF8, 0xFF, 0xFF,
  0xF8, 0x00, 0x01, 0x80, 0x00, 0x03, 0x00, 0x00, 0x06, 0x01, 0xFF, 0x0C,
  0x03, 0xFE, 0x18, 0x04, 0x0C, 0x30, 0x08, 0x18, 0x60, 0x10, 0x30, 0xC0,
  0x20, 0x61, 0x80, 0x40, 0xC3, 0x00, 0x81, 0x86, 0x01, 0xFF, 0x0C, 0x03,
  0xFE, 0x18, 0x04, 0x00, 0x30, 0x00, 0x00, 0x60, 0x00, 0x00, 0xC0, 0x00,
  0x3F, 0x80, 0x00, 0x3E, 0x00, 0x00, 0x00, 0x00, 0x01, 0x80, 0x00, 0x03,
  0x00, 0x00, 0x0C, 0x00, 0x00, 0x18, 0x18, 0x00, 0x60, 0x38, 0x00, 0xC0,
  0x38, 0x03, 0x00, 0x78, 0x3F, 0xFF, 0xF8, 0x7F, 0x00, 0x30, 0x00, 0x00,
  0x20, 0x00, 0x00, 0x00, 0x7F, 0xFC, 0x01, 0xFF, 0xFC, 0x03, 0x00, 0x18,
  0x06, 0x00, 0x30, 0x0C, 0x00, 0x60, 0x18, 0x00, 0xC0, 0x30, 0x01, 0x80,
  0x60, 0x03, 0x00, 0xFF, 0xFE, 0x01, 0xFF, 0xFC, 0x01, 0x00, 0x10, 0x00,
  0x00, 0x00, 0x00, 0x00, 0xC0, 0x00, 0x01, 0x80, 0x00, 0x03, 0x00, 0x00,
  0x0C, 0x00, 0x07, 0xFF, 0xFF, 0x0F, 0xFF, 0xFE, 0x00, 0xC0, 0x00, 0x01,
  0x80, 0x00, 0x06, 0x00, 0x00, 0x0C, 0x00, 0x00, 0x3F, 0xFF, 0x80, 0x7F,
  0xFF, 0x01, 0xE0, 0x06, 0x06, 0xC0, 0x0C, 0x19, 0x80, 0x18, 0x63, 0x00,
  0x30, 0x06, 0x00, 0x60, 0x0C, 0x00, 0xC0, 0x1F, 0xFF, 0x80, 0x3F, 0xFF,
  0x00, 0x60, 0x06, 0x00, 0x00, 0x00, 0x00, 0x00, 0x00, 0x00, 0x01, 0x80,
  0x00, 0x06, 0x00, 0x00, 0x1F, 0xFE, 0x00, 0x7F, 0xFC, 0x01, 0xE0, 0x30,
  0x07, 0x60, 0xE0, 0x1C, 0x63, 0x80, 0x20, 0x7C, 0x00, 0x00, 0x78, 0x00,
  0x03, 0xF8, 0x00, 0x1E, 0x3C, 0x01, 0xF0, 0x1F, 0x8F, 0x00, 0x07, 0x81,
  0xFF, 0xF0, 0x03, 0xFF, 0xE0, 0x04, 0x00, 0xC0, 0x08, 0x01, 0x80, 0x10,
  0x03, 0x00, 0x20, 0x06, 0x00, 0x7F, 0xFC, 0x00, 0xFF, 0xF8, 0x01, 0x00,
  0x10, 0x00, 0x00, 0x00, 0x00, 0x00, 0x70, 0x00, 0x01, 0xF0, 0x00, 0x07,
  0x70, 0x00, 0x1C, 0x70, 0x00, 0x70, 0x70, 0x01, 0xC0, 0x70, 0x07, 0x00,
  0x70, 0x1F, 0xFF, 0xF8, 0xE7, 0xFF, 0x38, 0x80, 0x00, 0x00, 0x00, 0x00,
  0x00, 0x00, 0x00, 0x00, 0xFF, 0xFC, 0x01, 0xFF, 0xF8, 0x02, 0x00, 0x30,
  0x04, 0x00, 0x60, 0x08, 0x00, 0xC0, 0x10, 0x01, 0x80, 0x20, 0x03, 0x00,
  0x7F, 0xFE, 0x00, 0xFF, 0xFC, 0x00, 0x00, 0x00, 0x00, 0x3F, 0xFF, 0xF8,
  0x7F, 0xFF, 0xF0, 0xC0, 0x00, 0x61, 0x80, 0x00, 0xC3, 0x3F, 0xF9, 0x86,
  0x00, 0x03, 0x0C, 0x00, 0x06, 0x18, 0x00, 0x0C, 0x31, 0xFF, 0x18, 0x63,
  0x06, 0x30, 0xC4, 0x04, 0x61, 0x88, 0x08, 0xC3, 0x10, 0x11, 0x86, 0x20,
  0x23, 0x0C, 0x7F, 0xC6, 0x18, 0xC0, 0x0C, 0x31, 0x00, 0x18, 0x60, 0x00,
  0x30, 0xC0, 0x00, 0x61, 0x80, 0x07, 0xC3, 0x00, 0x0E, 0x00, 0x00, 0x00,
  0x00, 0x01, 0x80, 0x00, 0x07, 0x00, 0x00, 0x0F, 0xFC, 0x00, 0x3F, 0xF8,
  0x00, 0xC0, 0x60, 0x03, 0x80, 0xC0, 0x1F, 0x83, 0x00, 0x73, 0x8C, 0x00,
  0x03, 0xB8, 0x00, 0x03, 0xE0, 0x00, 0x03, 0x80, 0x00, 0x0F, 0xFF, 0x00,
  0x7F, 0xFE, 0x01, 0xE0, 0x04, 0x1E, 0xC0, 0x08, 0x79, 0x80, 0x10, 0x03,
  0x00, 0x20, 0x06, 0x00, 0x40, 0x0C, 0x00, 0x80, 0x1F, 0xFF, 0x00, 0x3F,
  0xFE, 0x00, 0x00, 0x04, 0x00, 0x00, 0x00, 0x00, 0x00, 0x60, 0x00, 0x00,
  0xC0, 0x00, 0x03, 0x00, 0x00, 0x06, 0x00, 0x07, 0xFF, 0xFF, 0x0F, 0xFF,
  0xFE, 0x18, 0x00, 0x0C, 0x30, 0x00, 0x18, 0x63, 0xFE, 0x30, 0xC7, 0xFC,
  0x61, 0x8C, 0x18, 0xC3, 0x18, 0x31, 0x86, 0x30, 0x63, 0x0C, 0x60, 0xC6,
  0x18, 0xC1, 0x8C, 0x31, 0xFF, 0x18, 0x63, 0xFE, 0x30, 0xC6, 0x00, 0x61,
  0x80, 0x00, 0xC3, 0x00, 0x01, 0x86, 0x00, 0x3F, 0x04, 0x00, 0x78, 0x00,
  0x3F, 0xFF, 0xF8, 0x7F, 0xFF, 0xF0, 0x00, 0x60, 0x00, 0x01, 0x80, 0x00,
  0x0F, 0x30, 0x00, 0x3E, 0x78, 0x01, 0xC4, 0x38, 0x0F, 0x08, 0x1C, 0x78,
  0x10, 0x1C, 0x40, 0x20, 0x00, 0x00, 0x40, 0x00, 0x3F, 0xFF, 0x00, 0xFF,
  0xFE, 0x01, 0x80, 0x0C, 0x03, 0x00, 0x18, 0x06, 0x00, 0x30, 0x0C, 0x00,
  0x60, 0x18, 0x00, 0xC0, 0x3F, 0xFF, 0x80, 0x7F, 0xFF, 0x00, 0x80, 0x02,
  0x00, 0x00, 0x00, 0x00, 0x00, 0x70, 0x00, 0x01, 0xB0, 0x00, 0x0E, 0x30,
  0x00, 0x38, 0x38, 0x01, 0xE0, 0x3C, 0x0F, 0x7F, 0xDE, 0x38, 0x00, 0x0E,
  0x00, 0x00, 0x00, 0x1F, 0xFF, 0x80, 0x00, 0x07, 0x00, 0x00, 0x0C, 0x00,
  0x00, 0x18, 0x00, 0x00, 0x60, 0x03, 0xFF, 0xF8, 0x07, 0xFF, 0xF0, 0x0C,
  0x00, 0x60, 0x18, 0x00, 0xC0, 0x30, 0x01, 0x80, 0x60, 0x03, 0x00, 0xFF,
  0xFE, 0x01, 0xFF, 0xFC, 0x00, 0x00, 0x00, 0x00, 0x00, 0x00, 0x00, 0x01,
  0xFF, 0x80, 0xFD, 0xFF, 0x01, 0xF8, 0x86, 0x02, 0x31, 0x8C, 0x04, 0x63,
  0x18, 0x08, 0xC6, 0x30, 0x11, 0x8C, 0x7E, 0x23, 0x38, 0xF8, 0x46, 0x78,
  0x10, 0x8C, 0xF0, 0x61, 0x19, 0xA0, 0xC2, 0x33, 0x63, 0x07, 0xE4, 0xC6,
  0x0F, 0xD8, 0xD8, 0x10, 0x30, 0xF0, 0x20, 0xC1, 0xC0, 0x01, 0x83, 0x80,
  0x06, 0x1D, 0xC0, 0x1C, 0xF1, 0xC0, 0x31, 0x81, 0xC0, 0x00, 0x00, 0x00,
  0x0F, 0xFF, 0xE0, 0x1F, 0xFF, 0xC0, 0x30, 0x01, 0x80, 0x60, 0x03, 0x00,
  0xC0, 0x06, 0x01, 0x80, 0x0C, 0x03, 0xFF, 0xF8, 0x07, 0xFF, 0xF0, 0x00,
  0x10, 0x00, 0x00, 0x20, 0x00, 0x00, 0x40, 0x01, 0xFF, 0xFF, 0xC3, 0xFF,
  0xFF, 0x80, 0x0F, 0x80, 0x00, 0x3F, 0x80, 0x00, 0xC9, 0x80, 0x03, 0x11,
  0xC0, 0x1C, 0x21, 0xC0, 0xF0, 0x41, 0xE3, 0x80, 0x80, 0xE0, 0x01, 0x00,
  0x00, 0x00, 0x00, 0x00, 0x00, 0x00, 0x30, 0x00, 0x0F, 0xF0, 0xF9, 0xFE,
  0x01, 0xF0, 0x18, 0x02, 0x22, 0x31, 0x84, 0x44, 0x63, 0x08, 0x8C, 0xCC,
  0x11, 0x19, 0x98, 0x22, 0x13, 0x20, 0x44, 0x26, 0xC0, 0x88, 0x0C, 0x01,
  0x17, 0xFF, 0xE2, 0x27, 0xFF, 0xC7, 0xC0, 0x60, 0x0F, 0x80, 0xC0, 0x10,
  0x01, 0x80, 0x20, 0x03, 0x00, 0x00, 0x06, 0x00, 0x00, 0x0C, 0x00, 0x00,
  0x18, 0x00, 0x01, 0xF0, 0x00, 0x03, 0x80, 0x00, 0x00, 0x00, 0x00, 0x01,
  0xC0, 0x00, 0x3F, 0x80, 0x01, 0xF8, 0x7F, 0xC0, 0x20, 0xFF, 0x80, 0x41,
  0x83, 0x00, 0x83, 0x06, 0x1F, 0xF6, 0x0C, 0x7F, 0xEC, 0x18, 0x0C, 0x18,
  0x30, 0x1C, 0x30, 0x60, 0x7C, 0x60, 0xC0, 0xFC, 0xC1, 0x83, 0x49, 0x83,
  0x04, 0x9B, 0x06, 0x19, 0x16, 0x0C, 0x32, 0x0C, 0x18, 0xC4, 0x18, 0x31,
  0x08, 0x3F, 0xE0, 0x10, 0x7F, 0xC0, 0x20, 0xC1, 0x80, 0x40, 0x00, 0x00,
  0x00, 0x00, 0x00, 0x1F, 0xC7, 0xF0, 0x3F, 0x8F, 0xE0, 0x43, 0x10, 0x40,
  0x86, 0x20, 0x81, 0x0C, 0x41, 0x03, 0x18, 0xFE, 0x07, 0xF1, 0xFC, 0x00,
  0x00, 0x00, 0x00, 0x00, 0x00, 0x07, 0xFE, 0x00, 0x0F, 0xFE, 0x00, 0x18,
  0x0C, 0x00, 0x30, 0x18, 0x00, 0x60, 0x30, 0x00, 0x80, 0x60, 0x03, 0x00,
  0xC6, 0x06, 0x01, 0x8C, 0x18, 0x03, 0x18, 0xE0, 0x07, 0xF3, 0x80, 0x0F,
  0xC0, 0x00, 0x00, 0x00, 0x00, 0x00, 0x00, 0x3F, 0x9F, 0xE0, 0x43, 0x38,
  0xC0, 0x86, 0x60, 0x81, 0x0C, 0xC1, 0x02, 0x19, 0x82, 0x07, 0xF3, 0xFC,
  0x00, 0x00, 0xC0, 0x00, 0x31, 0x80, 0x00, 0x61, 0xC0, 0x00, 0xC1, 0x83,
  0xFF, 0xFF, 0xE7, 0xFF, 0xFF, 0xC0, 0x0F, 0x00, 0x00, 0x1B, 0x00, 0x00,
  0x73, 0x00, 0x00, 0xC7, 0x00, 0x07, 0x07, 0x00, 0x1C, 0x07, 0x81, 0xF0,
  0x03, 0xE7, 0x80, 0x01, 0xC0, 0x00, 0x00, 0x00, 0x00, 0x00, 0x00, 0x00,
  0x30, 0x80, 0x00, 0x63, 0x01, 0xF8, 0x86, 0x03, 0xF3, 0x08, 0x04, 0x67,
  0xFF, 0x08, 0xDF, 0xFF, 0x11, 0xB8, 0xC0, 0x23, 0xF1, 0x80, 0x47, 0xE3,
  0x00, 0x8E, 0xFF, 0xE1, 0x19, 0xFF, 0xC2, 0x33, 0x18, 0x04, 0x66, 0x30,
  0x0F, 0xCF, 0xFE, 0x1F, 0x9F, 0xFC, 0x20, 0x31, 0x80, 0x40, 0x63, 0x00,
  0x00, 0xC6, 0x00, 0x01, 0xFF, 0xE0, 0x03, 0xFF, 0xC0, 0x06, 0x00, 0x00,
  0x00, 0x00, 0x00, 0x00, 0x00, 0x00, 0x04, 0x03, 0x00, 0x0C, 0x06, 0x00,
  0x18, 0x08, 0x01, 0xFF, 0x30, 0x03, 0xFE, 0x7F, 0x84, 0x0C, 0xFF, 0x08,
  0x19, 0x8C, 0x10, 0x37, 0x10, 0x3F, 0xEE, 0x20, 0x7F, 0xB4, 0x40, 0x80,
  0x0D, 0x81, 0x00, 0x1B, 0x03, 0xFE, 0x1C, 0x0D, 0x0C, 0x38, 0x1A, 0x18,
  0x70, 0x34, 0x30, 0xC0, 0x68, 0x61, 0xC0, 0x90, 0xC6, 0xC3, 0x3F, 0x99,
  0xC6, 0x43, 0x61, 0xC0, 0x82, 0x81, 0x80, 0x00, 0x00, 0x00, 0x00, 0x00,
  0x00, 0x00, 0x20, 0x10, 0x00, 0x40, 0x21, 0xF1, 0xC2, 0x43, 0xFF, 0xE4,
  0x84, 0xC2, 0x09, 0x09, 0x84, 0x12, 0x13, 0x7F, 0x24, 0x26, 0x92, 0x48,
  0x4D, 0x24, 0x90, 0x9A, 0x49, 0x21, 0x34, 0x92, 0x42, 0x69, 0x24, 0x84,
  0xDF, 0xC9, 0x0F, 0x8C, 0x12, 0x1F, 0x3C, 0x24, 0x20, 0x7E, 0x08, 0x41,
  0xAC, 0x10, 0x06, 0x48, 0x20, 0x1C, 0x80, 0x40, 0x31, 0x00, 0x80, 0x02,
  0x0F, 0x00, 0x04, 0x18, 0x00, 0x00, 0x00, 0x00, 0x00, 0x20, 0x00, 0xF8,
  0xDF, 0xC1, 0xF1, 0x81, 0x82, 0x26, 0x03, 0x04, 0x4C, 0x06, 0x08, 0xB3,
  0xFF, 0x11, 0x63, 0x00, 0x23, 0xC6, 0x00, 0x47, 0x8C, 0x00, 0x8D, 0x1F,
  0xE1, 0x12, 0x6E, 0x02, 0x25, 0x88, 0x04, 0x49, 0x10, 0x08, 0x90, 0x70,
  0x1F, 0x2F, 0xFE, 0x3E, 0x41, 0xC0, 0x40, 0x83, 0x80, 0x81, 0x0D, 0x80,
  0x02, 0x19, 0x80, 0x04, 0xE1, 0x80, 0x0B, 0x01, 0x80, 0x00, 0x00, 0x00,
  0x00, 0x00, 0x00, 0x00, 0x30, 0x00, 0x00, 0x60, 0x01, 0xF1, 0xFE, 0x03,
  0xE3, 0x18, 0x04, 0x4C, 0x60, 0x08, 0xFF, 0xFC, 0x11, 0xF6, 0xC8, 0x23,
  0x4D, 0x90, 0x44, 0x9B, 0x20, 0x89, 0x26, 0x41, 0x12, 0xCF, 0x82, 0x27,
  0x01, 0x07, 0xC8, 0x42, 0x0F, 0x91, 0x84, 0x10, 0xFF, 0xFE, 0x20, 0x0F,
  0x00, 0x00, 0x1B, 0x00, 0x00, 0x76, 0x00, 0x01, 0xC7, 0x00, 0x0F, 0x07,
  0x80, 0x78, 0x03, 0x80, 0x00, 0x00, 0x00, 0x00, 0x10, 0x00, 0x00, 0x20,
  0x00, 0xFF, 0xFF, 0xE0, 0x01, 0xC0, 0x00, 0x01, 0x00, 0x01, 0xFF, 0xFE,
  0x00, 0x00, 0x00, 0x00, 0x00, 0x00, 0x07, 0xFF, 0xC0, 0x08, 0x00, 0x80,
  0x10, 0x01, 0x00, 0x3F, 0xFE, 0x00, 0x30, 0x18, 0x00, 0x20, 0x60, 0x1F,
  0xFF, 0xFF, 0x00, 0x00, 0x00, 0x00, 0x00, 0x00, 0x1F, 0xFF, 0xC0, 0x30,
  0x01, 0x80, 0x60, 0x03, 0x00, 0xC0, 0x06, 0x01, 0xFF, 0xFC, 0x03, 0x00,
  0x08, 0x00, 0x00, 0x00, 0x00, 0x00, 0x7F, 0xF0, 0xFC, 0x80, 0x61, 0xF9,
  0x00, 0xC2, 0x33, 0xFF, 0x84, 0x64, 0x03, 0x08, 0xC8, 0x06, 0x11, 0x90,
  0x0C, 0x23, 0x3F, 0xF8, 0x46, 0x30, 0x00, 0x8C, 0xE0, 0x01, 0x19, 0xFF,
  0xC2, 0x36, 0x00, 0x87, 0xFC, 0x21, 0x0F, 0xF9, 0xC2, 0x10, 0x9E, 0x04,
  0x20, 0x20, 0x18, 0x00, 0x41, 0xB0, 0x00, 0xC3, 0x60, 0x01, 0xFC, 0xC0,
  0x00, 0x0B, 0x80, 0x00, 0x1E, 0x00, 0x00, 0x00, 0x00, 0x00, 0x00, 0x00,
  0x00, 0x20, 0x00, 0xFF, 0xFF, 0xE1, 0xFF, 0xFF, 0xC0, 0x01, 0x00, 0x00,
  0x02, 0x00, 0x07, 0xE4, 0xFC, 0x0C, 0x49, 0x18, 0x18, 0x92, 0x30, 0x31,
  0x24, 0x60, 0x7E, 0x4F, 0xC0, 0x00, 0x80, 0x07, 0xFF, 0xFF, 0xC7, 0xFF,
  0xFF, 0x01, 0x86, 0x0C, 0x03, 0x0C, 0x30, 0x06, 0x0D, 0xC0, 0x0C, 0x0E,
  0x00, 0x18, 0x0C, 0x00, 0x37, 0xCE, 0x01, 0xFF, 0x0F, 0x87, 0x80, 0x07,
  0x80, 0x00, 0x00, 0x00, 0x00, 0x00, 0x00, 0x3F, 0xDF, 0xE0, 0x61, 0xB0,
  0xC0, 0xC3, 0x61, 0x81, 0xFE, 0xFF, 0x00, 0x00, 0x00, 0x00, 0x00, 0x00,
  0x07, 0xFF, 0xF8, 0x08, 0x10, 0x30, 0x18, 0x70, 0x60, 0x3F, 0xFF, 0xC0,
  0x40, 0x81, 0x80, 0x81, 0x03, 0x01, 0xFF, 0xFE, 0x00, 0x0E, 0x00, 0x00,
  0x08, 0x00, 0x00, 0x38, 0x00, 0xFF, 0xFF, 0xF8, 0x00, 0x40, 0x00, 0x00,
  0x80, 0x00, 0x01, 0x00, 0x00, 0x00, 0x00, 0x00, 0x00, 0x30, 0x80, 0x00,
  0x63, 0x81, 0xFF, 0xFF, 0xE3, 0xF1, 0x84, 0x04, 0x60, 0x08, 0x08, 0xDF,
  0xFE, 0x11, 0xA1, 0x8C, 0x23, 0x42, 0x18, 0x46, 0x84, 0x30, 0x8D, 0x0C,
  0x61, 0x1B, 0xFF, 0xC2, 0x30, 0x20, 0x04, 0x6F, 0xFF, 0x0F, 0xC0, 0xC0,
  0x1F, 0x01, 0x00, 0x20, 0x07, 0x00, 0x43, 0xFF, 0xF8, 0x00, 0x3E, 0x00,
  0x00, 0xE6, 0x00, 0x07, 0x87, 0x00, 0x3C, 0x07, 0x80, 0x00, 0x00, 0x00,
  0x00, 0x00, 0x00, 0x3F, 0x8F, 0xE0, 0x41, 0x10, 0x40, 0x82, 0x20, 0x81,
  0x04, 0x41, 0x03, 0x18, 0xC6, 0x07, 0xF9, 0xFC, 0x00, 0x18, 0x00, 0x00,
  0x60, 0x00, 0xFF, 0xFF, 0xF8, 0xFF, 0xFF, 0xE0, 0x1C, 0x1C, 0x00, 0x60,
  0x1C, 0x03, 0xC0, 0x1F, 0x1F, 0xF1, 0xFF, 0x0C, 0x22, 0x18, 0x18, 0x44,
  0x30, 0x30, 0x88, 0x60, 0x61, 0x10, 0xC0, 0xFE, 0x3F, 0x81, 0x8C, 0x63,
  0x00, 0x00, 0x00, 0x00, 0x00, 0x00, 0x00, 0x00, 0x63, 0x00, 0x00, 0xC6,
  0x01, 0xFF, 0xEF, 0xE2, 0x6C, 0xD8, 0x04, 0xD9, 0xB0, 0x09, 0x92, 0x7E,
  0x13, 0x24, 0x04, 0x27, 0xFE, 0x08, 0x4C, 0x03, 0xF0, 0x98, 0x06, 0x01,
  0x37, 0xEC, 0x02, 0x68, 0xDF, 0x84, 0xD9, 0xB0, 0x0F, 0xBF, 0x60, 0x18,
  0x46, 0xFC, 0x20, 0xCD, 0x80, 0x41, 0xFB, 0xF0, 0x02, 0x36, 0x00, 0x04,
  0x6C, 0x20, 0x08, 0xD8, 0xC0, 0x13, 0x9F, 0x00, 0x00, 0x00, 0x00, 0x3F,
  0xFF, 0xF8, 0x7F, 0xFF, 0xF0, 0xC3, 0x10, 0x61, 0x86, 0x20, 0xC3, 0x0C,
  0x41, 0x86, 0x10, 0x83, 0x0C, 0x61, 0x06, 0x18, 0xC2, 0x1C, 0x31, 0x84,
  0x38, 0x66, 0x0C, 0xF0, 0xD8, 0x1F, 0x61, 0xE0, 0x00, 0xC3, 0x00, 0x01,
  0x86, 0x00, 0x03, 0x0C, 0x00, 0x06, 0x1F, 0xFF, 0xFC, 0x3F, 0xFF, 0xF8,
  0x60, 0x00, 0x30, 0xC0, 0x00, 0x20, 0x3F, 0xFF, 0xF8, 0x7F, 0xFF, 0xF0,
  0xC0, 0x00, 0x61, 0x80, 0x00, 0xC3, 0x00, 0x01, 0x86, 0x00, 0x03, 0x0C,
  0x7F, 0xC6, 0x18, 0xFF, 0x8C, 0x31, 0x83, 0x18, 0x63, 0x06, 0x30, 0xC6,
  0x0C, 0x61, 0x8C, 0x18, 0xC3, 0x18, 0x31, 0x86, 0x3F, 0xE3, 0x0C, 0x7F,
  0x86, 0x18, 0x00, 0x0C, 0x30, 0x00, 0x18, 0x60, 0x00, 0x30, 0xFF, 0xFF,
  0xE1, 0xFF, 0xFF, 0xC3, 0x00, 0x01, 0x80, 0x00, 0x00, 0x00, 0x3F, 0xFF,
  0xF8, 0x7F, 0xFF, 0xF0, 0xC0, 0x00, 0x61, 0x80, 0x80, 0xC3, 0x01, 0x01,
  0x86, 0x06, 0x03, 0x0D, 0xFF, 0xF6, 0x1B, 0xFF, 0xEC, 0x30, 0x38, 0x18,
  0x60, 0x70, 0x30, 0xC1, 0xB0, 0x61, 0x83, 0x60, 0xC3, 0x0C, 0x61, 0x86,
  0x38, 0xE3, 0x0C, 0xE0, 0xE6, 0x1B, 0x80, 0xEC, 0x30, 0x00, 0x18, 0x60,
  0x00, 0x30, 0xFF, 0xFF, 0xE1, 0xFF, 0xFF, 0xC2, 0x00, 0x00, 0x80, 0x3F,
  0xFF, 0xF8, 0x7F, 0xFF, 0xF0, 0xC0, 0x00, 0x61, 0x80, 0x80, 0xC3, 0x01,
  0x01, 0x86, 0x02, 0x03, 0x0D, 0xFF, 0xF6, 0x18, 0x1C, 0x0C, 0x30, 0x10,
  0x18, 0x60, 0x20, 0x30, 0xC0, 0xE0, 0x61, 0x8F, 0xF8, 0xC3, 0x10, 0x11,
  0x86, 0x20, 0x23, 0x0C, 0x40, 0x46, 0x18, 0xFF, 0x8C, 0x30, 0x00, 0x18,
  0x60, 0x00, 0x30, 0xC0, 0x00, 0x61, 0xFF, 0xFF, 0xC3, 0xFF, 0xFF, 0x84,
  0x00, 0x03, 0x00, 0x3F, 0xFF, 0xF8, 0x7F, 0xFF, 0xF0, 0xC0, 0x00, 0x61,
  0x89, 0x88, 0xC3, 0x13, 0x11, 0x86, 0x64, 0x13, 0x0D, 0xFF, 0xF6, 0x18,
  0x32, 0x0C, 0x30, 0x44, 0x18, 0x6F, 0xFF, 0xB0, 0xC6, 0x0C, 0x61, 0x9F,
  0xFC, 0xC3, 0x78, 0x4D, 0x86, 0x90, 0x83, 0x0C, 0x27, 0x06, 0x18, 0x40,
  0xCC, 0x30, 0x81, 0x18, 0x61, 0xFE, 0x30, 0xC0, 0x00, 0x61, 0xFF, 0xFF,
  0xC3, 0xFF, 0xFF, 0x80, 0x00, 0x00, 0x00, 0x3F, 0xFF, 0xF8, 0x7F, 0xFF,
  0xF0, 0xC0, 0x80, 0x61, 0x81, 0x00, 0xC3, 0x3F, 0xF1, 0x86, 0x0C, 0x23,
  0x0D, 0xFF, 0xF6, 0x18, 0x00, 0x0C, 0x31, 0xFF, 0x18, 0x62, 0x02, 0x30,
  0xC4, 0x04, 0x61, 0x8F, 0xF8, 0xC3, 0x00, 0x81, 0x86, 0xFF, 0xF3, 0x0C,
  0xC2, 0x06, 0x19, 0xFF, 0xEC, 0x32, 0x08, 0x18, 0x60, 0x10, 0x30, 0xC0,
  0x00, 0x61, 0xFF, 0xFF, 0xC3, 0xFF, 0xFF, 0x80, 0x00, 0x00, 0x00, 0x00,
  0x00, 0x00, 0x7F, 0xFF, 0xF0, 0xC0, 0x00, 0x61, 0x8F, 0xF8, 0xC3, 0x10,
  0x11, 0x86, 0x20, 0x23, 0x0C, 0x7F, 0xC6, 0x18, 0x08, 0x0C, 0x37, 0xFF,
  0xD8, 0x60, 0x00, 0x30, 0xCF, 0xFE, 0x61, 0x98, 0x0C, 0xC3, 0x37, 0xD9,
  0x86, 0x68, 0xB3, 0x0C, 0xD1, 0x66, 0x19, 0xBE, 0xCC, 0x33, 0x01, 0x98,
  0x67, 0xFF, 0x30, 0xC0, 0x00, 0x61, 0xFF, 0xFF, 0xC3, 0x00, 0x01, 0x80,
  0x00, 0x00, 0x00, 0x00, 0x00, 0x00, 0x00, 0xC0, 0x00, 0x03, 0x00, 0x00,
  0x06, 0x00, 0x03, 0xFF, 0xFF, 0x87, 0xFF, 0xFF, 0x00, 0x60, 0x00, 0x01,
  0x81, 0x00, 0x03, 0x02, 0x00, 0x0C, 0x04, 0x00, 0x30, 0x08, 0x00, 0x60,
  0x10, 0x01, 0xC7, 0xFF, 0x8F, 0x8F, 0xFE, 0x19, 0x00, 0x80, 0x02, 0x01,
  0x00, 0x04, 0x02, 0x00, 0x08, 0x04, 0x00, 0x10, 0x08, 0x00, 0x20, 0x10,
  0x00, 0x4F, 0xFF, 0x80, 0x9F, 0xFF, 0x00, 0x00, 0x00, 0x00, 0x00, 0x00,
  0x00, 0x18, 0x02, 0x00, 0x30, 0x04, 0x00, 0x61, 0x08, 0x00, 0xC2, 0x10,
  0x01, 0x84, 0x23, 0x1F, 0xC8, 0x7E, 0x3F, 0x91, 0xEC, 0x0C, 0x3F, 0x18,
  0x18, 0xFE, 0x30, 0x33, 0xC4, 0x60, 0x65, 0x08, 0xC0, 0xC2, 0x11, 0x81,
  0x84, 0x23, 0x03, 0xC8, 0x46, 0x07, 0x90, 0xB8, 0x3C, 0x21, 0x00, 0xE0,
  0x40, 0x18, 0x00, 0x80, 0x30, 0x01, 0x80, 0x60, 0x03, 0xFF, 0xC0, 0x03,
  0xFF, 0x00, 0x00, 0x00, 0x00, 0x18, 0x03, 0x00, 0x30, 0x06, 0x00, 0x60,
  0x0C, 0x00, 0xC0, 0x18, 0x01, 0x80, 0x30, 0x1F, 0xEC, 0x60, 0x3F, 0xD8,
  0xC0, 0x0C, 0x31, 0x80, 0x18, 0x63, 0xF8, 0x30, 0xC7, 0xE0, 0x61, 0x8C,
  0x00, 0xC3, 0x18, 0x01, 0x86, 0x30, 0x03, 0x6C, 0x60, 0x07, 0x98, 0xC0,
  0x3C, 0x31, 0x80, 0xE0, 0x63, 0x00, 0x00, 0xC6, 0x00, 0x01, 0x8C, 0x00,
  0x1F, 0xFF, 0xC0, 0x3F, 0xFF, 0x80, 0x00, 0x00, 0x00, 0x18, 0x30, 0x00,
  0x30, 0x60, 0x00, 0x60, 0x80, 0x00, 0xC3, 0xFF, 0x81, 0x87, 0xFF, 0x9F,
  0xF8, 0x03, 0x1F, 0xF0, 0x04, 0x0C, 0xC0, 0x08, 0x19, 0x3F, 0x10, 0x30,
  0xFE, 0x20, 0x60, 0x00, 0x40, 0xC0, 0x00, 0x81, 0x80, 0x01, 0x03, 0xE0,
  0x36, 0x07, 0x81, 0xCC, 0x7C, 0x1E, 0x18, 0xE0, 0xF0, 0x30, 0x00, 0x80,
  0x60, 0x00, 0x00, 0xC0, 0x00, 0x03, 0x00, 0x00, 0x7E, 0x00, 0x00, 0x78,
  0x00, 0x00, 0x00, 0x00, 0x00, 0x20, 0x00, 0x18, 0x41, 0x00, 0x30, 0x86,
  0x00, 0x61, 0x0C, 0x00, 0x82, 0x10, 0x03, 0x84, 0x70, 0x07, 0x88, 0xF0,
  0x19, 0x93, 0x70, 0x61, 0xAC, 0x71, 0xC2, 0x78, 0x61, 0x00, 0x80, 0x40,
  0x01, 0x00, 0x03, 0xFF, 0xFE, 0x07, 0xFF, 0xFC, 0x00, 0x08, 0x00, 0x00,
  0x10, 0x00, 0x00, 0x20, 0x00, 0x00, 0x40, 0x00, 0x00, 0x80, 0x07, 0xFF,
  0xFF, 0xC7, 0xFF, 0xFF, 0x00, 0x00, 0x00, 0x00, 0x3F, 0xE0, 0x20, 0xFF,
  0xE4, 0x40, 0x23, 0x08, 0x80, 0x46, 0x11, 0x00, 0x8C, 0x22, 0x0F, 0xFE,
  0x44, 0x1F, 0xFC, 0x88, 0x0C, 0x61, 0x10, 0x18, 0xC2, 0x20, 0x61, 0x80,
  0x40, 0xC3, 0x00, 0x83, 0x06, 0x0F, 0x00, 0x02, 0x18, 0x00, 0x04, 0x00,
  0x07, 0xFF, 0xF0, 0x0F, 0xFF, 0xE0, 0x00, 0x20, 0x00, 0x00, 0x40, 0x00,
  0x00, 0x80, 0x07, 0xFF, 0xFF, 0xCF, 0xFF, 0xFF, 0x80, 0x08, 0x01, 0xA0,
  0x10, 0x03, 0x60, 0x20, 0x06, 0x60, 0x40, 0x0C, 0xC0, 0x87, 0xFF, 0x81,
  0x1F, 0xFF, 0x8F, 0xB0, 0x60, 0x3F, 0x60, 0x40, 0x08, 0xC0, 0x80, 0x11,
  0xF9, 0x10, 0x23, 0x12, 0x60, 0x46, 0x24, 0xC0, 0x8C, 0x4D, 0x01, 0x18,
  0x9E, 0x02, 0x31, 0x38, 0x05, 0xE2, 0x70, 0x1F, 0xC4, 0xC0, 0xF9, 0x79,
  0x89, 0x86, 0x07, 0x90, 0x0C, 0x1B, 0x20, 0x30, 0x63, 0xC0, 0x60, 0x83,
  0x00, 0x00, 0x00, 0x00, 0x00, 0x00, 0x00, 0x30, 0x03, 0x60, 0x60, 0x06,
  0x60, 0xC0, 0x0C, 0x41, 0x8F, 0xFF, 0xC3, 0x1F, 0xFF, 0x1F, 0x80, 0x60,
  0x3F, 0x00, 0xC0, 0x18, 0xFD, 0x88, 0x31, 0x99, 0x30, 0x63, 0x12, 0x60,
  0xC6, 0x24, 0x81, 0x8C, 0x4B, 0x03, 0x19, 0x9E, 0x06, 0x3F, 0x38, 0x0F,
  0x00, 0x70, 0x1E, 0x06, 0xC0, 0xF0, 0x7F, 0x81, 0x87, 0xC7, 0x10, 0x08,
  0x1B, 0x20, 0x00, 0x66, 0xC0, 0x01, 0x87, 0x00, 0x00, 0x04, 0x00, 0x00,
  0x00, 0x00, 0x18, 0x0C, 0x00, 0x30, 0x18, 0x00, 0x63, 0xFF, 0x80, 0xC6,
  0x03, 0x01, 0x8C, 0x06, 0x1F, 0xD8, 0x0C, 0x3F, 0xBF, 0xF8, 0x0C, 0x60,
  0x00, 0x18, 0xFF, 0xF0, 0x31, 0x80, 0x60, 0x63, 0x00, 0xC0, 0xC6, 0x01,
  0x81, 0x8F, 0xFF, 0x03, 0xC0, 0xC0, 0x07, 0x81, 0x80, 0x3C, 0xFF, 0xFC,
  0xE3, 0xFF, 0xF8, 0x00, 0x0C, 0x00, 0x00, 0x18, 0x00, 0x00, 0x30, 0x00,
  0x00, 0x60, 0x00, 0x00, 0x00, 0x00, 0x00, 0x00, 0x00, 0x0C, 0x06, 0x00,
  0x18, 0x0C, 0x01, 0xFE, 0x18, 0x00, 0x60, 0x30, 0x00, 0xC3, 0xFE, 0x01,
  0x87, 0xFC, 0x3F, 0xF1, 0x98, 0x30, 0xC3, 0x30, 0x21, 0x84, 0x60, 0x62,
  0x08, 0xC0, 0xCC, 0xF1, 0x87, 0xFE, 0xE3, 0x00, 0xC0, 0xE6, 0x01, 0x81,
  0xEC, 0x03, 0x03, 0x78, 0x3F, 0xEC, 0x30, 0x0C, 0x18, 0x68, 0x18, 0x60,
  0x50, 0x30, 0xC0, 0xA0, 0x63, 0x01, 0xC0, 0xCC, 0x03, 0x80, 0x00, 0x02,
  0x00, 0x00, 0x00, 0x00, 0x00, 0x00, 0x04, 0x01, 0x00, 0x08, 0x02, 0x01,
  0xFF, 0xFF, 0xC0, 0x70, 0x1C, 0x00, 0x40, 0x10, 0x00, 0xFF, 0xE0, 0x01,
  0x80, 0xC0, 0x02, 0x00, 0x80, 0x07, 0xFF, 0x00, 0x0C, 0x06, 0x00, 0x10,
  0x04, 0x07, 0xFF, 0xFF, 0xC0, 0xE0, 0x38, 0x01, 0x84, 0x30, 0x07, 0x08,
  0x30, 0x1C, 0x38, 0x30, 0xE7, 0xFF, 0x39, 0x80, 0x40, 0x20, 0x00, 0x80,
  0x00, 0x03, 0x80, 0x03, 0xFF, 0xFE, 0x00, 0x06, 0x0F, 0xF0, 0x0C, 0x1F,
  0xF0, 0xFF, 0x20, 0x60, 0x30, 0x40, 0xC0, 0x60, 0x81, 0x80, 0xC1, 0x03,
  0x1F, 0xFA, 0x3C, 0x1C, 0x64, 0x00, 0x10, 0xCC, 0x00, 0x31, 0x1F, 0xF0,
  0x62, 0x38, 0x63, 0xFF, 0x58, 0xC0, 0x60, 0x91, 0x00, 0xC1, 0x26, 0x01,
  0x82, 0x6C, 0x1F, 0xF4, 0x70, 0x06, 0x08, 0xE0, 0x0C, 0x11, 0xC0, 0x18,
  0x27, 0xC0, 0x30, 0x7C, 0xE0, 0x60, 0xE0, 0xC0, 0x00, 0x00, 0x00, 0x00,
  0x00, 0x00, 0x18, 0x06, 0x00, 0x30, 0x0C, 0x00, 0x67, 0xFF, 0xE0, 0xC0,
  0x30, 0x01, 0x80, 0x60, 0x0F, 0xCF, 0xFC, 0x3F, 0x90, 0x18, 0x0C, 0x20,
  0x30, 0x18, 0x7F, 0xE0, 0x30, 0x80, 0xC0, 0x61, 0xFF, 0x80, 0xC2, 0x03,
  0x01, 0x84, 0x06, 0x03, 0xCF, 0xFC, 0x07, 0x80, 0x00, 0x3C, 0x00, 0x00,
  0xE3, 0xFF, 0xF8, 0x00, 0x01, 0x00, 0x01, 0xC3, 0x00, 0x0E, 0x03, 0x80,
  0x38, 0x03, 0x80, 0x00, 0x00, 0x00, 0x00, 0x00, 0x00, 0x18, 0x06, 0x00,
  0x30, 0x0C, 0x00, 0x63, 0xFF, 0xC0, 0xC1, 0x86, 0x01, 0x83, 0x0C, 0x0F,
  0xC7, 0x38, 0x3F, 0xFF, 0xFE, 0x0C, 0x00, 0x00, 0x18, 0x7F, 0xF0, 0x30,
  0x80, 0x60, 0x61, 0x00, 0xC0, 0xC3, 0xFF, 0x81, 0xA4, 0x03, 0x03, 0xC8,
  0x06, 0x0F, 0x1F, 0xFC, 0x78, 0x0C, 0xC0, 0xE0, 0x31, 0x80, 0x00, 0x63,
  0x00, 0x01, 0x86, 0x20, 0x0E, 0x0C, 0xC0, 0x38, 0x1F, 0x80, 0x00, 0x00,
  0x00, 0x00, 0x00, 0x00, 0x10, 0x0F, 0x80, 0x20, 0xC3, 0x80, 0x41, 0x01,
  0x00, 0x86, 0x03, 0x01, 0x1C, 0x03, 0x1F, 0xFF, 0xFF, 0x3F, 0xE1, 0x0C,
  0x08, 0x52, 0x58, 0x10, 0xB5, 0xB0, 0x21, 0x08, 0x60, 0x43, 0xFF, 0xC0,
  0x80, 0x00, 0x01, 0x00, 0x00, 0x02, 0xCF, 0xFC, 0x0F, 0x90, 0x18, 0x3C,
  0x20, 0x30, 0xE0, 0x7F, 0xE0, 0x00, 0x80, 0xC0, 0x01, 0x01, 0x80, 0x03,
  0xFF, 0x00, 0x04, 0x06, 0x00, 0x00, 0x00, 0x00, 0x00, 0x00, 0x00, 0x3F,
  0xFF, 0xF0, 0x40, 0x00, 0x00, 0xBF, 0x85, 0x81, 0x61, 0x09, 0x82, 0xC2,
  0x11, 0x05, 0xFD, 0xFE, 0x18, 0x00, 0x60, 0x37, 0xF0, 0xC0, 0x68, 0x21,
  0x80, 0xDF, 0xC7, 0x81, 0x20, 0x99, 0x02, 0x7F, 0x33, 0x0C, 0x83, 0xC3,
  0x11, 0x1F, 0x02, 0x00, 0x08, 0x00, 0x1F, 0xFF, 0xF0, 0x00, 0x60, 0x00,
  0x00, 0x40, 0x00, 0x01, 0x80, 0x07, 0xFF, 0xFF, 0xC0, 0x00, 0x00, 0x00,
  0x7F, 0xFF, 0xF0, 0x00, 0xC0, 0x00, 0x01, 0x80, 0x00, 0xFF, 0xFE, 0x01,
  0x80, 0x0C, 0x03, 0xFF, 0xF8, 0x06, 0x00, 0x30, 0x0C, 0x00, 0x60, 0x1F,
  0xFF, 0xC0, 0x30, 0x01, 0x80, 0x7F, 0xFF, 0x00, 0x0C, 0x00, 0x00, 0x30,
  0x00, 0x01, 0xFF, 0xF0, 0x07, 0xC0, 0xC0, 0x39, 0xC3, 0x00, 0x40, 0xFC,
  0x00, 0x01, 0xF0, 0x00, 0x1F, 0x7E, 0x07, 0xF0, 0x1F, 0xC0, 0x00, 0x00,
  0x00, 0x00, 0x00, 0x00, 0x06, 0x03, 0x00, 0x08, 0x06, 0x00, 0x30, 0x0C,
  0x00, 0x7F, 0x18, 0x00, 0xFE, 0x30, 0x03, 0x06, 0x60, 0x04, 0x1E, 0xC0,
  0x18, 0x37, 0x80, 0x70, 0x6F, 0x01, 0xF1, 0x8E, 0x03, 0x3B, 0x0C, 0x00,
  0x3E, 0x1C, 0x00, 0x38, 0x3C, 0x00, 0x30, 0x6E, 0x00, 0xC0, 0xCE, 0x03,
  0x01, 0x84, 0x06, 0x03, 0x00, 0x18, 0x06, 0x00, 0xE0, 0x0C, 0x03, 0x80,
  0x18, 0x06, 0x00, 0x30, 0x00, 0x00, 0x00, 0x00, 0x00, 0x00, 0x00, 0x00,
  0x60, 0x00, 0x03, 0xC0, 0x00, 0x0F, 0xFE, 0x00, 0x70, 0x18, 0x01, 0xE0,
  0x70, 0x0E, 0x71, 0xC0, 0x00, 0x37, 0x00, 0x00, 0x38, 0x00, 0x00, 0xEE,
  0x00, 0x07, 0x38, 0x00, 0xF8, 0xFF, 0xC3, 0xC3, 0x83, 0x80, 0x1C, 0x06,
  0x01, 0xFC, 0x0C, 0x07, 0x1C, 0x30, 0x00, 0x0D, 0xC0, 0x00, 0x0F, 0x00,
  0x00, 0x3C, 0x00, 0x03, 0xE0, 0x00, 0x7F, 0x00, 0x01, 0xF0, 0x00, 0x00,
  0x00, 0x00, 0x00, 0x00, 0x00, 0x00, 0x00, 0x20, 0x00, 0x00, 0x40, 0x01,
  0xFF, 0xFF, 0xC7, 0xFF, 0xFF, 0xC0, 0x60, 0x80, 0x00, 0xC3, 0x00, 0x03,
  0x06, 0x00, 0x06, 0x1F, 0xF8, 0x18, 0x20, 0x30, 0x70, 0xD8, 0xC0, 0xE3,
  0x99, 0x83, 0xCF, 0x16, 0x0D, 0xB3, 0x0C, 0x03, 0x02, 0x30, 0x06, 0x06,
  0xE0, 0x0C, 0x07, 0x80, 0x18, 0x0E, 0x00, 0x30, 0x3F, 0x00, 0x61, 0xC7,
  0x00, 0xCF, 0x07, 0x81, 0xB8, 0x03, 0x80, 0x00, 0x00, 0x00, 0x00, 0x00,
  0x00, 0x02, 0x06, 0x00, 0xFF, 0xFF, 0xE0, 0x1C, 0x1C, 0x00, 0x10, 0x10,
  0x03, 0xFF, 0xFE, 0x06, 0x31, 0x8C, 0x0C, 0x63, 0x18, 0x18, 0xC6, 0x30,
  0x3F, 0xFF, 0xE0, 0x00, 0x00, 0x00, 0x00, 0x00, 0x03, 0xFF, 0xFF, 0x84,
  0x0C, 0x01, 0x08, 0x30, 0x02, 0x11, 0xFF, 0xC4, 0x0F, 0x01, 0x80, 0x3B,
  0x86, 0x00, 0x01, 0xF8, 0x00, 0x01, 0xC0, 0x00, 0x3E, 0x00, 0x01, 0xF0,
  0x00, 0x00, 0x00, 0x00, 0x00, 0x00, 0x00, 0x00, 0x00, 0x20, 0x00, 0x00,
  0x40, 0x00, 0x00, 0x80, 0x00, 0x03, 0x00, 0x00, 0x06, 0x00, 0x00, 0x0C,
  0x00, 0x1F, 0xFF, 0xFC, 0x3F, 0xFF, 0xFC, 0x00, 0x70, 0x00, 0x00, 0xE0,
  0x00, 0x03, 0x60, 0x00, 0x06, 0xC0, 0x00, 0x18, 0xC0, 0x00, 0x31, 0x80,
  0x00, 0xC1, 0x80, 0x01, 0x83, 0x80, 0x06, 0x03, 0x80, 0x18, 0x03, 0x80,
  0x60, 0x03, 0x83, 0x80, 0x03, 0xC6, 0x00, 0x03, 0x00, 0x00, 0x00, 0x00,
  0x3F, 0xFF, 0xF8, 0xFF, 0xFF, 0xF8, 0x00, 0xC0, 0x00, 0x01, 0x80, 0x00,
  0x03, 0x00, 0x00, 0x06, 0x00, 0x00, 0x0C, 0x00, 0x00, 0x18, 0x00, 0x3F,
  0xFF, 0xF8, 0x7F, 0xFF, 0xF0, 0x00, 0xE0, 0x00, 0x01, 0xC0, 0x00, 0x06,
  0xC0, 0x00, 0x0C, 0xC0, 0x00, 0x31, 0x80, 0x00, 0xE1, 0x80, 0x03, 0x81,
  0x80, 0x1E, 0x01, 0xC0, 0xF0, 0x01, 0xE3, 0x80, 0x00, 0xE0, 0x00, 0x00,
  0x00, 0x00, 0x00, 0x00, 0x00, 0x60, 0x00, 0x00, 0xC0, 0x00, 0x01, 0x80,
  0x00, 0x03, 0x00, 0x00, 0x06, 0x00, 0x00, 0x0C, 0x00, 0x3F, 0xFF, 0xFE,
  0x3F, 0xFF, 0xF8, 0x00, 0x70, 0x00, 0x01, 0xB0, 0x00, 0x03, 0x60, 0x00,
  0x06, 0x40, 0x00, 0x18, 0xC0, 0x00, 0x30, 0xC0, 0x00, 0xC1, 0x80, 0x01,
  0xA1, 0x80, 0x06, 0xE3, 0x80, 0x18, 0xE3, 0x80, 0x60, 0xE3, 0x83, 0x80,
  0xE3, 0xCE, 0x00, 0x83, 0x80, 0x00, 0x00, 0x00, 0x00, 0x00, 0x00, 0x0C,
  0x20, 0x00, 0x18, 0x40, 0x00, 0x30, 0x80, 0x00, 0xC1, 0x00, 0x01, 0xFF,
  0xFE, 0x07, 0xFF, 0xFC, 0x0C, 0x08, 0x00, 0x30, 0x30, 0x00, 0x60, 0x60,
  0x00, 0x00, 0xC0, 0x01, 0xFF, 0xFF, 0xC7, 0xFF, 0xFF, 0xC0, 0x07, 0x00,
  0x00, 0x1B, 0x00, 0x00, 0x36, 0x00, 0x00, 0xC6, 0x00, 0x03, 0x06, 0x00,
  0x0E, 0x06, 0x00, 0x78, 0x0F, 0x03, 0xC0, 0x07, 0x8E, 0x00, 0x03, 0x80,
  0x00, 0x00, 0x00, 0x00, 0x00, 0x00, 0x00, 0xC0, 0x00, 0x01, 0x80, 0x01,
  0xFF, 0xFF, 0xC3, 0xFF, 0xFF, 0x80, 0x30, 0x40, 0x00, 0x60, 0xC0, 0x01,
  0x80, 0xC0, 0x06, 0x00, 0xC0, 0x3B, 0xFE, 0xE0, 0xE0, 0x00, 0xF3, 0x80,
  0x00, 0x60, 0x00, 0x00, 0x01, 0xFF, 0xFC, 0x07, 0xFF, 0xFC, 0x00, 0x08,
  0x00, 0x00, 0x10, 0x00, 0x0C, 0x23, 0x80, 0x30, 0x43, 0x80, 0xC0, 0x83,
  0x83, 0x01, 0x03, 0x80, 0x1E, 0x02, 0x00, 0x00, 0x00, 0x00, 0x00, 0x00,
  0x00, 0x00, 0xC0, 0x00, 0x01, 0x80, 0x01, 0xFF, 0xFF, 0xC0, 0x1C, 0x70,
  0x00, 0x30, 0x20, 0x01, 0xC0, 0x70, 0x07, 0xFF, 0xF0, 0x3F, 0x00, 0x38,
  0xE6, 0x00, 0x38, 0x0F, 0xFE, 0x00, 0x18, 0x00, 0x00, 0x30, 0x00, 0x00,
  0x7F, 0xF0, 0x00, 0xC0, 0x00, 0x03, 0x80, 0x00, 0x7F, 0xFF, 0xFC, 0x03,
  0x02, 0x00, 0x0C, 0x06, 0x00, 0x18, 0x06, 0x01, 0xFF, 0xFE, 0x03, 0xFE,
  0x06, 0x00, 0x00, 0x00, 0x00, 0x00, 0x00, 0x00, 0x18, 0x00, 0x00, 0x30,
  0xFF, 0xE0, 0x60, 0xFF, 0xC0, 0x80, 0x03, 0x0F, 0xF0, 0x0C, 0x1F, 0xF0,
  0x30, 0x0C, 0x40, 0xC0, 0x18, 0x81, 0x80, 0x21, 0x03, 0x00, 0xC7, 0xFF,
  0xF1, 0x8D, 0xFF, 0xE3, 0x18, 0x18, 0x06, 0x20, 0x30, 0x0E, 0xC0, 0x60,
  0x17, 0x80, 0xC0, 0x07, 0x01, 0x80, 0x0F, 0x03, 0x00, 0x37, 0x06, 0x00,
  0xE6, 0x0C, 0x03, 0x80, 0x18, 0x0E, 0x03, 0xE0, 0x00, 0x03, 0x80, 0x00,
  0x00, 0x00, 0x00, 0x08, 0x00, 0x00, 0x10, 0x00, 0x00, 0x60, 0x7F, 0xC0,
  0xC0, 0xFF, 0x8F, 0xF9, 0x83, 0x1F, 0xFB, 0x06, 0x0C, 0x36, 0x0C, 0x18,
  0x4C, 0x18, 0x30, 0x98, 0x30, 0x43, 0x30, 0x61, 0x86, 0x60, 0xC3, 0x0C,
  0xC1, 0x86, 0x11, 0x83, 0x0F, 0x63, 0x06, 0x17, 0xC6, 0x0C, 0x03, 0x8C,
  0x18, 0x0F, 0x98, 0x30, 0x1B, 0xBF, 0xE0, 0x63, 0x7F, 0xC3, 0x80, 0xC1,
  0x86, 0x01, 0x80, 0x00, 0x00, 0x00, 0x00, 0x00, 0x00, 0x00, 0x18, 0x06,
  0x00, 0x30, 0x08, 0x00, 0x60, 0x30, 0x00, 0x80, 0x62, 0x0F, 0xF0, 0x86,
  0x1F, 0xE3, 0x0C, 0x0C, 0x46, 0x0C, 0x18, 0x8F, 0xF8, 0x21, 0x7F, 0xF8,
  0xC6, 0x80, 0x11, 0x8C, 0x00, 0x03, 0x18, 0x00, 0x06, 0x23, 0xFF, 0x1E,
  0xC7, 0xFE, 0x17, 0x8C, 0x0C, 0x07, 0x18, 0x18, 0x0F, 0x30, 0x30, 0x37,
  0x60, 0x60, 0xE6, 0xC0, 0xC3, 0x81, 0xFF, 0x8E, 0x03, 0xFF, 0x00, 0x00,
  0x00, 0x00, 0x00, 0x00, 0x00, 0x00, 0x3F, 0xC0, 0x7F, 0xF8, 0x00, 0x00,
  0x80, 0x00, 0x01, 0x00, 0x00, 0x07, 0x00, 0x1F, 0xFF, 0xFF, 0x00, 0x7F,
  0x00, 0x01, 0x93, 0x00, 0x0E, 0x23, 0x80, 0x78, 0x41, 0xC3, 0xC3, 0x81,
  0xE0, 0x0C, 0x00, 0x00, 0x38, 0x00, 0x1F, 0xFF, 0xFF, 0x01, 0x80, 0xC0,
  0x06, 0x03, 0x00, 0x0F, 0x0E, 0x00, 0x37, 0xF8, 0x00, 0x03, 0xFC, 0x00,
  0x3F, 0x3F, 0x07, 0xF0, 0x0F, 0x00, 0x00, 0x00, 0x00, 0x00, 0x00, 0x00,
  0x30, 0x03, 0x00, 0x60, 0x06, 0x00, 0x81, 0xFF, 0xE1, 0x0B, 0x00, 0x0F,
  0xD6, 0x40, 0x1F, 0xBC, 0x80, 0x19, 0x39, 0x80, 0x32, 0x77, 0xF8, 0x64,
  0x6D, 0x80, 0x88, 0xF3, 0x01, 0x11, 0xA6, 0x02, 0x63, 0x0C, 0x0C, 0xDF,
  0xFF, 0x9F, 0x6C, 0x78, 0x0E, 0x10, 0x60, 0x0C, 0x20, 0xE0, 0x1C, 0x43,
  0x40, 0x6D, 0x84, 0xC0, 0x8A, 0x18, 0x83, 0x0C, 0xE1, 0x8C, 0x11, 0x81,
  0x80, 0x00, 0x00, 0x00, 0x0F, 0xFF, 0xE0, 0x1F, 0xFF, 0xC0, 0x00, 0x03,
  0x00, 0x00, 0x0C, 0x00, 0x00, 0x70, 0x00, 0x03, 0x80, 0x00, 0x06, 0x00,
  0x00, 0x08, 0x00, 0x00, 0x10, 0x00, 0xFF, 0xFF, 0xF9, 0xFF, 0xFF, 0xF0,
  0x00, 0x80, 0x00, 0x01, 0x00, 0x00, 0x02, 0x00, 0x00, 0x04, 0x00, 0x00,
  0x08, 0x00, 0x00, 0x10, 0x00, 0x00, 0x20, 0x00, 0x00, 0x40, 0x00, 0x1F,
  0x80, 0x00, 0x1E, 0x00, 0x00, 0x00, 0x00, 0x00, 0x00, 0x20, 0x00, 0x00,
  0x40, 0x01, 0xFF, 0xFF, 0xC3, 0xFF, 0xFF, 0x86, 0x00, 0x03, 0x0C, 0x00,
  0x06, 0x19, 0xFF, 0xCC, 0x37, 0xFF, 0x98, 0x00, 0x06, 0x00, 0x00, 0x18,
  0x00, 0x00, 0xE0, 0x00, 0x01, 0x80, 0x07, 0xFF, 0xFF, 0x0F, 0xFF, 0xFE,
  0x00, 0x08, 0x00, 0x00, 0x10, 0x00, 0x00, 0x20, 0x00, 0x00, 0x40, 0x00,
  0x00, 0x80, 0x00, 0x01, 0x00, 0x00, 0x3E, 0x00, 0x00, 0x78, 0x00, 0x00,
  0x00, 0x00, 0x00, 0x00, 0xC0, 0x00, 0x03, 0x00, 0x00, 0x06, 0x00, 0x03,
  0xFF, 0xFF, 0x87, 0xFF, 0xFF, 0x00, 0x60, 0x00, 0x01, 0x80, 0x00, 0x07,
  0x3F, 0xF0, 0x0C, 0x7F, 0xE0, 0x30, 0x01, 0x80, 0xE0, 0x0E, 0x03, 0xC0,
  0x38, 0x0F, 0x80, 0x60, 0x1B, 0x3F, 0xFF, 0x06, 0x7F, 0xFE, 0x0C, 0x03,
  0x00, 0x18, 0x06, 0x00, 0x30, 0x0C, 0x00, 0x60, 0x18, 0x00, 0xC0, 0x30,
  0x01, 0x83, 0xE0, 0x01, 0x07, 0x00, 0x00, 0x00, 0x00, 0x00, 0x00, 0x01,
  0xE1, 0xFE, 0xFF, 0xC1, 0xFD, 0xC1, 0x00, 0x32, 0x23, 0x00, 0x64, 0x46,
  0x01, 0x88, 0x8C, 0x06, 0x11, 0x18, 0x0C, 0x22, 0x30, 0x18, 0x44, 0x60,
  0x3E, 0x88, 0x43, 0xFD, 0x10, 0x87, 0xC6, 0x21, 0x01, 0x8C, 0x42, 0x03,
  0x18, 0x86, 0x06, 0x31, 0x6C, 0x0C, 0x42, 0x58, 0x18, 0x84, 0x90, 0x33,
  0x09, 0xA0, 0x66, 0xFF, 0x60, 0xCB, 0xC2, 0xC7, 0xB0, 0x04, 0x8C, 0x00,
  0x00, 0x00, 0x03, 0x08, 0x00, 0x3C, 0x73, 0xE0, 0x60, 0xE0, 0xC0, 0xFA,
  0x0F, 0x81, 0x82, 0xC3, 0x03, 0x07, 0x06, 0x03, 0xCE, 0x7C, 0x04, 0x20,
  0x18, 0x3F, 0xFF, 0xF8, 0x60, 0x00, 0x30, 0x80, 0x00, 0x21, 0x1F, 0xFC,
  0x40, 0x00, 0x38, 0x00, 0x00, 0xC0, 0x00, 0x07, 0x00, 0x00, 0x1C, 0x00,
  0x3F, 0xFF, 0xF8, 0x00, 0x20, 0x00, 0x00, 0x40, 0x00, 0x00, 0x80, 0x00,
  0x1F, 0x00, 0x00, 0x00, 0x00, 0x00, 0x00, 0x00, 0x00, 0x00, 0x20, 0x00,
  0x00, 0x40, 0x01, 0xFF, 0xFF, 0xC3, 0xFF, 0xFF, 0x86, 0x00, 0x03, 0x0C,
  0x18, 0x06, 0x18, 0x30, 0x0C, 0x00, 0xC0, 0x00, 0x01, 0x80, 0x01, 0xFF,
  0xFF, 0xF1, 0xFF, 0xFF, 0xC0, 0x10, 0x18, 0x00, 0x60, 0x30, 0x01, 0x80,
  0xC0, 0x03, 0x81, 0x80, 0x0F, 0xE6, 0x00, 0x08, 0xF8, 0x00, 0x00, 0xFC,
  0x00, 0x07, 0x9E, 0x00, 0x7C, 0x0F, 0x07, 0xC0, 0x06, 0x00, 0x00, 0x00,
  0x00, 0x00, 0x00, 0x00, 0x00, 0x20, 0x00, 0x00, 0x40, 0x01, 0xFF, 0xFF,
  0xC3, 0xFF, 0xFF, 0x86, 0x00, 0x03, 0x0C, 0x00, 0x06, 0x19, 0xFF, 0xCC,
  0x07, 0xFF, 0xC0, 0x00, 0x00, 0x00, 0x00, 0x00, 0x00, 0x00, 0x00, 0x07,
  0xFF, 0xFF, 0xC7, 0xFF, 0xFF, 0x00, 0x61, 0x80, 0x00, 0xC3, 0x00, 0x01,
  0x86, 0x00, 0x06, 0x0C, 0x00, 0x1C, 0x18, 0x30, 0x70, 0x30, 0x63, 0xC0,
  0x7F, 0x8E, 0x00, 0x7F, 0x00, 0x00, 0x00, 0x00, 0x00, 0x00, 0x00, 0x00,
  0x20, 0x00, 0x00, 0x40, 0x01, 0xFF, 0xFF, 0xC3, 0xFF, 0xFF, 0x86, 0x00,
  0x03, 0x0C, 0x00, 0x06, 0x18, 0x00, 0x0C, 0x27, 0xFF, 0xC8, 0x0F, 0xFF,
  0x80, 0x00, 0x40, 0x00, 0x00, 0x80, 0x00, 0x61, 0x00, 0x00, 0xC3, 0xFC,
  0x01, 0x07, 0xF8, 0x07, 0x08, 0x00, 0x0E, 0x10, 0x00, 0x1E, 0x20, 0x00,
  0x66, 0x40, 0x01, 0xCF, 0x80, 0x03, 0x07, 0xFF, 0xCC, 0x03, 0xFF, 0x00,
  0x00, 0x00, 0x00, 0x00, 0x00, 0x00, 0x00, 0x20, 0x00, 0x00, 0x40, 0x01,
  0xFF, 0xFF, 0xC3, 0xFF, 0xFF, 0x86, 0x02, 0x03, 0x0C, 0x0E, 0x06, 0x03,
  0xFF, 0xF0, 0x00, 0x10, 0x00, 0x00, 0x70, 0x00, 0x3F, 0xFF, 0x80, 0x00,
  0x80, 0x00, 0x03, 0x80, 0x0F, 0xFF, 0xFF, 0x80, 0x00, 0x00, 0x00, 0x00,
  0x00, 0x07, 0xFF, 0xE0, 0x08, 0x00, 0xC0, 0x10, 0x01, 0x80, 0x20, 0x03,
  0x00, 0x7F, 0xFE, 0x00, 0xC0, 0x0C, 0x00, 0x00, 0x00, 0x00, 0x00, 0x00,
  0x00, 0x00, 0x20, 0x00, 0x00, 0x40, 0x01, 0xFF, 0xFF, 0xC3, 0xFF, 0xFF,
  0x86, 0x00, 0x03, 0x0C, 0x60, 0xC6, 0x01, 0x80, 0xE0, 0x0E, 0x38, 0xE0,
  0x38, 0xF8, 0x60, 0x63, 0xB8, 0x40, 0x0E, 0x38, 0x00, 0x38, 0x38, 0x01,
  0xE0, 0x3C, 0x07, 0xFF, 0xFC, 0x3B, 0xFF, 0xEE, 0x26, 0x00, 0xC8, 0x0C,
  0x01, 0x80, 0x18, 0x03, 0x00, 0x30, 0x06, 0x00, 0x7F, 0xFC, 0x00, 0xFF,
  0xF8, 0x00, 0x00, 0x00, 0x00, 0x00, 0x00, 0x00, 0x00, 0x20, 0x00, 0xFF,
  0xFF, 0xE1, 0xFF, 0xFF, 0xC2, 0x00, 0x01, 0x84, 0x40, 0x03, 0x08, 0x80,
  0x06, 0x01, 0x83, 0xF8, 0x03, 0xEF, 0xF8, 0x04, 0x08, 0x30, 0x08, 0x18,
  0x41, 0xFF, 0x91, 0x87, 0xFF, 0x23, 0x00, 0x60, 0x64, 0x04, 0xC0, 0x58,
  0x09, 0xB0, 0xE0, 0x33, 0x21, 0xC0, 0x66, 0x63, 0x81, 0x8C, 0x4F, 0x82,
  0x18, 0x39, 0x80, 0x31, 0xC3, 0x83, 0xC3, 0x01, 0x80, 0x00, 0x00, 0x00,
  0x00, 0x00, 0x00, 0x00, 0x20, 0x00, 0xFF, 0xFF, 0xE1, 0xFF, 0xFF, 0xC3,
  0x00, 0x01, 0x86, 0x1C, 0x03, 0x0C, 0x0C, 0x66, 0x04, 0xC9, 0x80, 0x09,
  0x86, 0x60, 0x33, 0x38, 0x60, 0xC6, 0xE2, 0x63, 0x8F, 0x04, 0x62, 0x3C,
  0x18, 0xC1, 0xFF, 0xE0, 0x1E, 0x04, 0x00, 0x00, 0x08, 0x00, 0x08, 0x10,
  0x20, 0x10, 0x20, 0x40, 0x20, 0x40, 0x80, 0x40, 0x81, 0x00, 0xFF, 0xFE,
  0x01, 0xFF, 0xFC, 0x02, 0x00, 0x00, 0x00, 0x00, 0x00, 0x00, 0x00, 0x20,
  0x00, 0x00, 0xE0, 0x01, 0xFF, 0xFF, 0xC2, 0x00, 0x00, 0x84, 0x18, 0xC1,
  0x0B, 0xFF, 0xFA, 0x00, 0x41, 0x00, 0x00, 0x82, 0x00, 0x1F, 0xFF, 0xC0,
  0x30, 0x01, 0x80, 0x60, 0x03, 0x00, 0xFF, 0xFE, 0x01, 0x80, 0x0C, 0x03,
  0xFF, 0xF8, 0x00, 0x18, 0x00, 0x00, 0x30, 0x00, 0x7F, 0xFF, 0xF8, 0x01,
  0xB8, 0x00, 0x06, 0x30, 0x00, 0x78, 0x3E, 0x07, 0xC0, 0x0F, 0x80, 0x00,
  0x00, 0x00, 0x00, 0x00, 0x00, 0x00, 0x20, 0x00, 0x00, 0xE0, 0x01, 0xFF,
  0xFF, 0xC2, 0x00, 0x00, 0x84, 0x43, 0x01, 0x01, 0xFA, 0xFC, 0x06, 0x36,
  0x38, 0x1E, 0x46, 0x60, 0xE7, 0x85, 0x80, 0x66, 0x0F, 0x00, 0x3C, 0x0E,
  0x00, 0x7F, 0xFE, 0x03, 0x80, 0x07, 0x9E, 0x00, 0x02, 0x17, 0xFF, 0xF0,
  0x00, 0x38, 0x00, 0x06, 0x22, 0x00, 0x18, 0x47, 0x00, 0x60, 0x83, 0x83,
  0x81, 0x03, 0x84, 0x1E, 0x01, 0x00, 0x00, 0x00, 0x00, 0x00, 0x00, 0x00,
  0x00, 0x20, 0x00, 0x00, 0xE0, 0x01, 0xFF, 0xFF, 0xC3, 0x00, 0x01, 0x86,
  0xFF, 0xFB, 0x01, 0x84, 0x10, 0x3F, 0xFF, 0xFE, 0x04, 0x30, 0xC0, 0x0F,
  0xFF, 0x80, 0x00, 0x00, 0x00, 0x7F, 0xFF, 0x00, 0xC0, 0x06, 0x01, 0x80,
  0x0C, 0x03, 0xFF, 0xF8, 0x06, 0x00, 0x30, 0x0F, 0xFF, 0xE0, 0x18, 0x00,
  0xC0, 0x3F, 0xFF, 0x80, 0x0C, 0x18, 0x00, 0x78, 0x3E, 0x07, 0x80, 0x07,
  0x00, 0x00, 0x00, 0x00, 0x00, 0x00, 0x00, 0x00, 0x20, 0x00, 0x00, 0xE0,
  0x01, 0xFF, 0xFF, 0xC2, 0x00, 0x00, 0x84, 0x18, 0x01, 0x09, 0xE3, 0xF2,
  0x02, 0x00, 0x20, 0x04, 0x00, 0x40, 0x0F, 0xCF, 0x80, 0x10, 0x01, 0x00,
  0x20, 0x02, 0x00, 0x7F, 0xFC, 0x00, 0x30, 0x00, 0x00, 0xC0, 0x00, 0x03,
  0xFF, 0xF8, 0x1C, 0x00, 0x10, 0xF9, 0x26, 0x20, 0xB2, 0x66, 0x40, 0x66,
  0x45, 0x81, 0x8C, 0x83, 0x03, 0x18, 0x3E, 0x00, 0x00, 0x30, 0x00, 0x00,
  0x00, 0x00, 0x06, 0x06, 0x00, 0x8C, 0x0C, 0x01, 0x18, 0x3F, 0xC2, 0x31,
  0xC1, 0x04, 0x66, 0xE6, 0x08, 0xFC, 0x78, 0x1F, 0x8C, 0x60, 0x3F, 0x0D,
  0x80, 0x06, 0x0E, 0x40, 0x0C, 0x71, 0x80, 0x1B, 0x83, 0x00, 0x37, 0xFF,
  0x8F, 0xEF, 0xFF, 0x8C, 0xC0, 0x18, 0x19, 0x88, 0x30, 0x33, 0x18, 0x60,
  0x66, 0x18, 0xC0, 0x8C, 0x31, 0x81, 0x18, 0x03, 0x06, 0x30, 0x06, 0x0C,
  0x60, 0x7C, 0x00, 0x00, 0x60, 0x00, 0x00, 0x00, 0x00, 0x00, 0x20, 0x00,
  0x00, 0xE0, 0x01, 0xFF, 0xFF, 0xC0, 0x01, 0x00, 0x01, 0xFF, 0xFE, 0x02,
  0x0C, 0x0C, 0x04, 0x08, 0x18, 0x0F, 0xFF, 0xF0, 0x10, 0x20, 0x60, 0x20,
  0x40, 0xC0, 0x7F, 0xFF, 0x80, 0x01, 0x1C, 0x07, 0xFF, 0xFE, 0x00, 0x00,
  0x44, 0x00, 0x01, 0xC0, 0x7F, 0xFF, 0xFC, 0x0C, 0x02, 0x00, 0x1C, 0x04,
  0x00, 0x0C, 0x08, 0x00, 0x08, 0x10, 0x00, 0x03, 0xE0, 0x00, 0x00, 0x00,
  0x00, 0x00, 0x00, 0x00, 0x1F, 0xFF, 0xC0, 0x00, 0x01, 0x80, 0x7F, 0xFF,
  0x00, 0x00, 0x06, 0x00, 0x00, 0x0C, 0x03, 0xFF, 0xF8, 0x00, 0x00, 0x00,
  0x3F, 0xCF, 0xF0, 0x0C, 0x18, 0x20, 0x18, 0x30, 0x40, 0x30, 0x60, 0x83,
  0xFE, 0xFF, 0x06, 0x00, 0x30, 0x00, 0x00, 0x70, 0x3F, 0xFF, 0xFE, 0x06,
  0x01, 0x80, 0x06, 0x03, 0x00, 0x06, 0x06, 0x00, 0x04, 0x0C, 0x00, 0x00,
  0xF8, 0x00, 0x00, 0x00, 0x00, 0x00, 0x00, 0x00, 0x00, 0x20, 0x00, 0x00,
  0x40, 0x00, 0x00, 0x80, 0x00, 0x01, 0x00, 0x00, 0x02, 0x00, 0x00, 0x04,
  0x00, 0x06, 0x08, 0x60, 0x0C, 0x10, 0x60, 0x18, 0x20, 0xC0, 0x30, 0x40,
  0xC0, 0xC0, 0x81, 0x81, 0x81, 0x01, 0x83, 0x02, 0x03, 0x0C, 0x04, 0x07,
  0x18, 0x08, 0x06, 0x60, 0x10, 0x0C, 0x00, 0x20, 0x18, 0x00, 0x40, 0x00,
  0x00, 0x80, 0x00, 0x01, 0x00, 0x00, 0x7E, 0x00, 0x00, 0x78, 0x00, 0x00,
  0x00, 0x00, 0x00, 0x00, 0x20, 0x00, 0x00, 0x40, 0x00, 0x00, 0x80, 0x00,
  0x61, 0x0C, 0x00, 0xC2, 0x1C, 0x03, 0x04, 0x18, 0x06, 0x08, 0x18, 0x18,
  0x10, 0x38, 0x30, 0x20, 0x30, 0xC0, 0x40, 0x33, 0x00, 0x83, 0x60, 0x01,
  0x0C, 0x00, 0x3E, 0x18, 0x00, 0x7C, 0x60, 0x00, 0x01, 0xC0, 0x00, 0x03,
  0x00, 0x00, 0x1C, 0x00, 0x00, 0x70, 0x00, 0x07, 0xC0, 0x00, 0xFE, 0x00,
  0x03, 0xE0, 0x00, 0x00, 0x00, 0x00, 0x00, 0x00, 0x00, 0x00, 0x00, 0x20,
  0x40, 0x60, 0x40, 0xC0, 0x60, 0x83, 0x00, 0x61, 0x0C, 0x00, 0xC2, 0x18,
  0x00, 0x04, 0x20, 0x0F, 0xFF, 0xF8, 0x1F, 0xFF, 0xF0, 0x30, 0x00, 0x20,
  0x60, 0x00, 0x40, 0xC0, 0x00, 0x81, 0x9F, 0xF1, 0x03, 0x30, 0x62, 0x06,
  0x60, 0xC4, 0x0C, 0xC1, 0x88, 0x19, 0x83, 0x10, 0x33, 0xFE, 0x20, 0x66,
  0x00, 0x40, 0xCC, 0x00, 0x81, 0x80, 0x03, 0x03, 0x00, 0x3E, 0x04, 0x00,
  0x30, 0x00, 0x1F, 0xFF, 0xF0, 0x3F, 0xFF, 0xE0, 0x60, 0x00, 0x40, 0xC0,
  0x00, 0x81, 0xFF, 0xFF, 0x03, 0xFF, 0xFE, 0x06, 0x01, 0x00, 0x0C, 0x82,
  0x08, 0x19, 0x84, 0x30, 0x33, 0x08, 0x60, 0x66, 0x10, 0xC0, 0xCF, 0xFF,
  0x81, 0x80, 0xE0, 0x03, 0x00, 0x80, 0x04, 0xC1, 0x06, 0x19, 0x82, 0x0C,
  0x33, 0x04, 0x18, 0x66, 0x08, 0x31, 0x8F, 0xFF, 0xE3, 0x18, 0x00, 0xC0,
  0x00, 0x00, 0x00, 0x00, 0x00, 0x00, 0x3F, 0xFF, 0xE0, 0x60, 0x00, 0x40,
  0xC0, 0x00, 0x81, 0x80, 0x01, 0x03, 0xFF, 0xFE, 0x06, 0x18, 0x60, 0x0C,
  0x30, 0xC0, 0x18, 0x61, 0x80, 0x37, 0xFF, 0xF0, 0x61, 0x86, 0x00, 0xC3,
  0x0C, 0x01, 0x86, 0x18, 0x03, 0xFF, 0xFF, 0x86, 0x31, 0x04, 0x08, 0x63,
  0x18, 0x30, 0xC3, 0xE0, 0x61, 0x83, 0x00, 0xC3, 0x73, 0x03, 0x1F, 0xE3,
  0xC6, 0x38, 0x03, 0xC0, 0x00, 0x00, 0x00, 0x00, 0x00, 0x00, 0x01, 0x80,
  0x00, 0x03, 0x00, 0x00, 0x06, 0x00, 0x00, 0x0C, 0x00, 0x07, 0xFF, 0xFF,
  0x0F, 0xFF, 0xFE, 0x00, 0xC0, 0x00, 0x01, 0x80, 0x00, 0x02, 0x00, 0x00,
  0x0C, 0x00, 0x00, 0x1F, 0xFF, 0x80, 0x7F, 0xFF, 0x80, 0xC0, 0xC0, 0x03,
  0x01, 0x80, 0x06, 0x03, 0x00, 0x18, 0x06, 0x00, 0x30, 0x0C, 0x00, 0xC0,
  0x18, 0x03, 0x00, 0x30, 0x00, 0x7F, 0xFF, 0xC0, 0x7F, 0xFF, 0x00, 0x1F,
  0xFF, 0xE0, 0x3F, 0xFF, 0xC0, 0x00, 0x01, 0x80, 0x00, 0x03, 0x00, 0x00,
  0x06, 0x00, 0x00, 0x0C, 0x00, 0x00, 0x18, 0x00, 0x00, 0x30, 0x0F, 0xFF,
  0xE0, 0x1F, 0xFF, 0xC0, 0x20, 0x01, 0x80, 0x40, 0x00, 0x00, 0x80, 0x00,
  0x01, 0x00, 0x00, 0x02, 0x00, 0x02, 0x04, 0x00, 0x06, 0x08, 0x00, 0x0C,
  0x10, 0x00, 0x30, 0x3F, 0xFF, 0xE0, 0x3F, 0xFF, 0x80, 0x3F, 0xFF, 0xE0,
  0x7F, 0xFF, 0xC0, 0x00, 0x01, 0x80, 0x00, 0x03, 0x01, 0x80, 0x06, 0x03,
  0x00, 0x0C, 0x06, 0x00, 0x18, 0x0C, 0x00, 0x30, 0x1F, 0xFF, 0xE0, 0x3F,
  0xFF, 0xC0, 0x60, 0x01, 0x80, 0xC0, 0x00, 0x01, 0x80, 0x00, 0x03, 0x00,
  0x01, 0x06, 0x00, 0x03, 0x0C, 0x00, 0x06, 0x18, 0x00, 0x18, 0x18, 0x00,
  0x30, 0x3F, 0xFF, 0xC0, 0x1F, 0xFF, 0x00, 0x00, 0x10, 0x00, 0x00, 0x20,
  0x00, 0x00, 0x40, 0x00, 0x00, 0x80, 0x07, 0xFF, 0xFF, 0xCF, 0xFF, 0xFF,
  0x80, 0x04, 0x00, 0x00, 0x08, 0x00, 0x00, 0x10, 0x00, 0x1F, 0xFF, 0xE0,
  0x3F, 0xFF, 0xC0, 0x40, 0x81, 0x80, 0x81, 0x03, 0x01, 0x02, 0x06, 0x02,
  0x04, 0x0C, 0x04, 0x08, 0x18, 0x08, 0x10, 0x30, 0x10, 0x20, 0x60, 0x20,
  0x4F, 0x80, 0x40, 0x8E, 0x00, 0x01, 0x00, 0x00, 0x02, 0x00, 0x00, 0x04,
  0x00, 0x00, 0x00, 0x00, 0x00, 0x00, 0xC0, 0x00, 0x01, 0x00, 0x00, 0x06,
  0x00, 0x03, 0xFF, 0xFF, 0x8F, 0xFF, 0xFF, 0x80, 0x60, 0x00, 0x01, 0x84,
  0x00, 0x03, 0x08, 0x00, 0x0C, 0x10, 0x00, 0x3F, 0xFF, 0xC0, 0x7F, 0xFF,
  0x81, 0xE0, 0x81, 0x0E, 0xC1, 0x02, 0x19, 0x82, 0x04, 0x03, 0x04, 0x08,
  0x06, 0x08, 0x10, 0x0C, 0x10, 0x20, 0x18, 0x23, 0xC0, 0x30, 0x4F, 0x80,
  0x00, 0x80, 0x00, 0x01, 0x00, 0x00, 0x00, 0x00, 0x00, 0x00, 0x00, 0x00,
  0x08, 0x00, 0x00, 0x10, 0x7F, 0xE0, 0x20, 0xC0, 0x00, 0x41, 0x80, 0x07,
  0xF3, 0xFE, 0x0F, 0xE6, 0x00, 0x12, 0x4C, 0x00, 0x24, 0x9F, 0xF0, 0x49,
  0x30, 0x00, 0x92, 0x60, 0x01, 0x24, 0xC0, 0x02, 0x4F, 0xFF, 0xC4, 0x93,
  0x20, 0x09, 0x26, 0x63, 0x12, 0x4C, 0x4C, 0x25, 0x98, 0xE0, 0x48, 0x31,
  0x80, 0x10, 0x61, 0x80, 0x20, 0xC5, 0x80, 0x47, 0xFB, 0xC0, 0x8F, 0x01,
  0x80, 0x00, 0x00, 0x00, 0x00, 0x00, 0x00, 0x18, 0x20, 0xC0, 0x18, 0x43,
  0x80, 0x30, 0x86, 0x00, 0x63, 0x8C, 0x07, 0xFF, 0xFF, 0x0C, 0x00, 0x06,
  0x18, 0x00, 0x0C, 0x33, 0xFF, 0xD8, 0x04, 0x01, 0x80, 0x08, 0x03, 0x00,
  0x1F, 0xFE, 0x00, 0x01, 0x80, 0x00, 0x03, 0x00, 0x03, 0xFF, 0xF8, 0x07,
  0xFF, 0xF8, 0x08, 0x18, 0x30, 0x10, 0x30, 0x60, 0x20, 0x60, 0xC0, 0x40,
  0xC1, 0x80, 0x81, 0x9F, 0x00, 0x03, 0x38, 0x00, 0x00, 0x00, 0x00, 0x00,
  0x00, 0x00, 0x02, 0x06, 0x00, 0xFF, 0xFF, 0xE0, 0x1C, 0x18, 0x00, 0x10,
  0x10, 0x01, 0xFF, 0xFC, 0x03, 0x00, 0x18, 0x06, 0x00, 0x10, 0x0F, 0xFF,
  0xE0, 0x18, 0x00, 0x40, 0x30, 0x01, 0x80, 0x7F, 0xFF, 0x00, 0x0C, 0x00,
  0x0F, 0xFF, 0xFF, 0x81, 0xCE, 0x70, 0x07, 0x08, 0x70, 0x1F, 0xFF, 0xF8,
  0xEC, 0x61, 0xF8, 0x10, 0x41, 0x00, 0x20, 0x82, 0x00, 0x41, 0x3C, 0x00,
  0x02, 0x00, 0x00, 0x00, 0x00, 0x00, 0x1F, 0xFF, 0xF0, 0x7F, 0xFF, 0xE0,
  0x00, 0x40, 0x00, 0x20, 0x83, 0x00, 0xC1, 0x06, 0x00, 0xC2, 0x18, 0x01,
  0x84, 0x30, 0x01, 0x08, 0xC0, 0x02, 0x11, 0x80, 0x00, 0x20, 0x00, 0xFF,
  0xFF, 0xF3, 0xFF, 0xFF, 0xE0, 0x01, 0x00, 0x00, 0x02, 0x00, 0x00, 0x04,
  0x00, 0x00, 0x08, 0x00, 0x00, 0x10, 0x00, 0x00, 0x20, 0x00, 0x00, 0x40,
  0x00, 0x00, 0x80, 0x00, 0x00, 0x00, 0x00, 0x00, 0x00, 0x00, 0x06, 0x00,
  0x00, 0x08, 0x00, 0x00, 0x3F, 0xFF, 0xC0, 0x7F, 0xFF, 0x81, 0x81, 0x80,
  0x06, 0x03, 0x00, 0x1C, 0x06, 0x00, 0x30, 0x0C, 0x00, 0x4F, 0xFF, 0xE0,
  0x1F, 0xFF, 0xC0, 0x30, 0x60, 0x00, 0x60, 0xC0, 0x00, 0xC1, 0x80, 0x01,
  0x83, 0x00, 0x3F, 0xFF, 0xFE, 0x7F, 0xFF, 0xFC, 0x00, 0x18, 0x00, 0x00,
  0x30, 0x00, 0x00, 0x60, 0x00, 0x00, 0xC0, 0x00, 0x01, 0x80, 0x00, 0x00,
  0x00, 0x00, 0x00, 0x00, 0x00, 0x00, 0x30, 0x00, 0x00, 0x60, 0x00, 0xFF,
  0xFF, 0xE1, 0xFF, 0xFF, 0x82, 0x00, 0x0C, 0x04, 0x03, 0xF8, 0x08, 0xFF,
  0x80, 0x11, 0x83, 0x00, 0x23, 0x06, 0x00, 0x46, 0x0C, 0x00, 0x8F, 0xFF,
  0xE1, 0x1F, 0xFF, 0x82, 0x30, 0x60, 0x04, 0x60, 0x40, 0x08, 0xC0, 0x80,
  0x31, 0x8D, 0x80, 0x6F, 0xFB, 0x10, 0xDE, 0x02, 0x31, 0x00, 0x06, 0x66,
  0x3F, 0xE7, 0x8C, 0xFF, 0xC7, 0x00, 0x00, 0x00, 0x00, 0x00, 0x00, 0x00,
  0x00, 0x30, 0x00, 0x00, 0x60, 0x00, 0xFF, 0xFF, 0xE1, 0xFF, 0xFF, 0x82,
  0x08, 0x18, 0x04, 0x18, 0x30, 0x0B, 0xFF, 0xFC, 0x10, 0x60, 0xC0, 0x20,
  0xC1, 0x80, 0x41, 0x83, 0x00, 0x83, 0xFE, 0x01, 0x00, 0x00, 0x02, 0x00,
  0x00, 0x04, 0xFF, 0xFC, 0x08, 0x60, 0x30, 0x30, 0x60, 0xC0, 0x60, 0x63,
  0x80, 0xC0, 0x7C, 0x01, 0x00, 0xF8, 0x06, 0x1F, 0xBE, 0x0C, 0xF8, 0x0F,
  0x80, 0x00, 0x00, 0x00, 0x00, 0x00, 0x00, 0x00, 0x30, 0x00, 0x7F, 0xFF,
  0xE0, 0xFF, 0xFF, 0xE1, 0x00, 0x40, 0x02, 0x01, 0x80, 0x04, 0xFF, 0xFE,
  0x08, 0x06, 0x00, 0x10, 0x0C, 0x00, 0x23, 0xFF, 0xE0, 0x44, 0x30, 0xC0,
  0x88, 0x61, 0x81, 0x1F, 0xFF, 0x02, 0x21, 0x86, 0x04, 0x43, 0x0C, 0x18,
  0xFF, 0xF8, 0x30, 0x0C, 0x00, 0x60, 0x18, 0x00, 0xDF, 0xFF, 0xF1, 0x00,
  0x60, 0x06, 0x00, 0xC0, 0x0C, 0x01, 0x80, 0x00, 0x00, 0x00, 0x00, 0x00,
  0x00, 0x00, 0x00, 0x04, 0x01, 0xF8, 0x18, 0x03, 0xF3, 0xFF, 0x80, 0xC0,
  0x21, 0x01, 0x80, 0xC7, 0x06, 0x7F, 0xFF, 0x0C, 0x01, 0x08, 0x10, 0x02,
  0x10, 0x7E, 0xFF, 0xE0, 0xFC, 0x1C, 0x00, 0x10, 0x10, 0x00, 0x27, 0xFF,
  0x06, 0xC0, 0xC0, 0x0D, 0x80, 0x80, 0x0E, 0x7F, 0xFC, 0x0C, 0x07, 0x00,
  0x18, 0x04, 0x00, 0x7C, 0x08, 0x00, 0xDE, 0x00, 0x03, 0x0F, 0xFF, 0xCC,
  0x01, 0xFF, 0x00, 0x00, 0x00, 0x00, 0x00, 0x00, 0x00, 0x00, 0x0C, 0x80,
  0x00, 0x19, 0xC0, 0x00, 0x31, 0x80, 0x00, 0x60, 0x0F, 0xFF, 0xFF, 0x8F,
  0xFF, 0xFE, 0x00, 0x03, 0x00, 0x00, 0x06, 0x00, 0x00, 0x0C, 0x00, 0xFF,
  0xC8, 0x01, 0xFF, 0x90, 0x00, 0x30, 0x30, 0x00, 0x60, 0x60, 0x00, 0xC0,
  0xC0, 0x01, 0x81, 0x80, 0x03, 0x01, 0x80, 0x06, 0x03, 0x08, 0x0C, 0xE6,
  0x30, 0x3F, 0x86, 0x63, 0xF8, 0x0E, 0xC6, 0x00, 0x0F, 0x00, 0x00, 0x0C,
  0x00, 0x00, 0x00, 0x00, 0x3F, 0xC0, 0x40, 0xFF, 0x80, 0x80, 0x01, 0x01,
  0x00, 0x02, 0x02, 0x00, 0x04, 0x04, 0x00, 0x08, 0x08, 0x0F, 0xF0, 0x10,
  0x1F, 0xE0, 0x20, 0x20, 0x00, 0x40, 0x40, 0x00, 0x81, 0x80, 0x01, 0x03,
  0xFF, 0x02, 0x07, 0xFC, 0x04, 0x08, 0x08, 0x08, 0x00, 0x10, 0x10, 0x00,
  0x60, 0x20, 0x00, 0xC0, 0x40, 0x01, 0x80, 0x80, 0x03, 0x01, 0x00, 0xFC,
  0x02, 0x01, 0xF8, 0x04, 0x00, 0x00, 0x00, 0x00, 0x00, 0x00, 0x00, 0xFF,
  0x3F, 0xF0, 0xFE, 0x40, 0x00, 0x0C, 0x80, 0x00, 0x19, 0xFF, 0x00, 0x33,
  0x00, 0x0F, 0xE4, 0x00, 0x1F, 0xCF, 0xF8, 0x20, 0x18, 0x00, 0x40, 0x20,
  0x00, 0x81, 0xFF, 0xF3, 0xFF, 0xFF, 0xE7, 0xF9, 0x10, 0x00, 0x32, 0x31,
  0x80, 0x64, 0x66, 0x00, 0xC8, 0x78, 0x01, 0x10, 0xC0, 0x02, 0x20, 0xC0,
  0x0C, 0x66, 0xC0, 0x1B, 0xFD, 0xC1, 0xF7, 0x80, 0xC1, 0x80, 0x00, 0x00,
  0x00, 0x00, 0x00, 0x00, 0x0C, 0x01, 0xFC, 0x30, 0x01, 0xF8, 0x63, 0x00,
  0x31, 0x83, 0x00, 0x67, 0xFF, 0x00, 0xDF, 0xFB, 0x1F, 0x81, 0x86, 0x3E,
  0x03, 0x00, 0x40, 0x06, 0x00, 0x81, 0xFF, 0xE3, 0x03, 0x18, 0xC7, 0xF6,
  0x31, 0x8C, 0x6C, 0x63, 0x00, 0xD8, 0xC6, 0x01, 0xBF, 0xFC, 0x03, 0x03,
  0x00, 0x06, 0x06, 0x60, 0x08, 0x0C, 0xC0, 0x10, 0x18, 0xC0, 0x67, 0xFF,
  0xC7, 0xDF, 0xF1, 0x86, 0x00, 0x01, 0x00, 0x00, 0x00, 0x00, 0x0C, 0x06,
  0x00, 0x30, 0x0C, 0x00, 0xE3, 0xFF, 0x83, 0x87, 0xFF, 0x8E, 0x00, 0x60,
  0x00, 0xC0, 0xC0, 0x03, 0x01, 0x80, 0x06, 0xFF, 0xFC, 0x19, 0xFF, 0xF8,
  0x70, 0x01, 0x81, 0xE0, 0x03, 0x06, 0xCF, 0xFF, 0x81, 0x9F, 0xFF, 0x83,
  0x00, 0x18, 0x06, 0x10, 0x30, 0x0C, 0x30, 0x60, 0x18, 0x30, 0xC0, 0x30,
  0x61, 0x80, 0x60, 0x43, 0x00, 0xC0, 0x06, 0x01, 0x80, 0x7C, 0x01, 0x00,
  0xE0, 0x00, 0x00, 0x00, 0x00, 0x0C, 0x7F, 0xE0, 0x30, 0xFF, 0xE0, 0xE1,
  0x00, 0xC3, 0x82, 0x01, 0x8E, 0x64, 0x03, 0x00, 0xCF, 0xFE, 0x03, 0x18,
  0x1C, 0x0C, 0x20, 0x18, 0x38, 0x40, 0x30, 0xF0, 0xFF, 0xE3, 0xE1, 0xFF,
  0xC6, 0xC2, 0x30, 0x01, 0x84, 0x61, 0x03, 0x08, 0x46, 0x06, 0x10, 0xF8,
  0x0C, 0x20, 0xC0, 0x18, 0x41, 0x80, 0x30, 0x81, 0x80, 0x61, 0xF9, 0x80,
  0xCF, 0xF3, 0xC1, 0x9C, 0x01, 0x80, 0x00, 0x00, 0x00, 0x00, 0x00, 0x00,
  0x0C, 0x04, 0x00, 0x30, 0x08, 0x00, 0xE3, 0xFF, 0x83, 0x80, 0x73, 0x0E,
  0x00, 0x42, 0x00, 0xC1, 0xCE, 0x03, 0x7F, 0xFE, 0x0C, 0x02, 0x10, 0x38,
  0x04, 0x20, 0xF1, 0xFF, 0xC3, 0xE0, 0x38, 0x06, 0xC0, 0x20, 0x01, 0x80,
  0xE0, 0x03, 0x3F, 0xFE, 0x06, 0x01, 0x00, 0x0C, 0x02, 0x00, 0x1B, 0xFF,
  0xF8, 0x33, 0xFF, 0xE0, 0x60, 0x10, 0x00, 0xC0, 0x20, 0x01, 0x80, 0x40,
  0x00, 0x00, 0x00, 0x00, 0x00, 0x00, 0x00, 0x0C, 0x18, 0x00, 0x30, 0x30,
  0x00, 0xC0, 0xC3, 0x03, 0x8F, 0x0C, 0x0C, 0x0E, 0x30, 0x10, 0x8E, 0xC0,
  0x03, 0x0F, 0x30, 0x0C, 0x0C, 0x30, 0x38, 0x70, 0x70, 0xF7, 0xFF, 0xF3,
  0xE0, 0x60, 0x66, 0xC1, 0x80, 0x01, 0x87, 0xFE, 0x03, 0x1C, 0x18, 0x06,
  0x78, 0x30, 0x0D, 0x88, 0xC0, 0x18, 0x1F, 0x00, 0x30, 0x1C, 0x00, 0x60,
  0xFE, 0x00, 0xCF, 0x8F, 0x81, 0xBC, 0x07, 0x80, 0x00, 0x00, 0x00, 0x00,
  0x00, 0x00, 0x0C, 0xFF, 0xE0, 0x31, 0x80, 0xC0, 0xE3, 0x00, 0x83, 0x86,
  0x03, 0x0E, 0x0F, 0xFE, 0x00, 0x98, 0x04, 0x03, 0x30, 0x18, 0x0C, 0x7F,
  0xF0, 0x18, 0x00, 0x00, 0x70, 0x00, 0x01, 0xE7, 0xFF, 0xC6, 0xC0, 0x0E,
  0x09, 0x80, 0x08, 0x03, 0x00, 0x38, 0x06, 0xFF, 0xFE, 0x0C, 0x00, 0x40,
  0x18, 0x60, 0x80, 0x30, 0x61, 0x00, 0x60, 0xC2, 0x00, 0xC0, 0x04, 0x01,
  0x80, 0x78, 0x00, 0x00, 0xC0, 0x00, 0x00, 0x00, 0x00, 0x0C, 0x30, 0xC0,
  0x30, 0x41, 0x80, 0xC1, 0x82, 0x03, 0x03, 0x0C, 0x0C, 0x07, 0x1C, 0x00,
  0x9B, 0x7C, 0x03, 0x32, 0xCC, 0x0C, 0xC3, 0x0C, 0x3B, 0x04, 0x18, 0xF0,
  0x0C, 0x03, 0xE0, 0x18, 0x06, 0xC2, 0x30, 0x01, 0x84, 0x60, 0x03, 0x18,
  0xFE, 0x06, 0x31, 0x80, 0x0C, 0x63, 0x00, 0x18, 0xE6, 0x00, 0x33, 0x6C,
  0x00, 0x66, 0xF8, 0x00, 0xD8, 0xFF, 0x81, 0xA0, 0x7F, 0x80, 0x00, 0x00,
  0x00, 0x00, 0x00, 0x00, 0x0C, 0x60, 0x00, 0x30, 0xC0, 0x00, 0xC1, 0xFF,
  0xE3, 0x06, 0x00, 0x0C, 0x18, 0x00, 0x00, 0xFF, 0xFC, 0x03, 0x58, 0x08,
  0x0C, 0x20, 0x10, 0x38, 0x7F, 0xE0, 0xF0, 0x80, 0x43, 0xE1, 0x80, 0x86,
  0xC3, 0xFF, 0x01, 0x81, 0x80, 0x03, 0x06, 0x00, 0x06, 0x1F, 0xF8, 0x0C,
  0x78, 0x20, 0x19, 0x98, 0xC0, 0x32, 0x1F, 0x00, 0x60, 0x3C, 0x00, 0xC3,
  0xDF, 0x01, 0xBE, 0x07, 0x80, 0x00, 0x00, 0x00, 0x00, 0x00, 0x00, 0x01,
  0x80, 0x00, 0x03, 0xC0, 0x00, 0x01, 0xE0, 0x00, 0x00, 0xF0, 0x00, 0x00,
  0x60, 0x00, 0x00, 0x00, 0x00, 0xC0, 0x00, 0x01, 0x80, 0x00, 0x33, 0x00,
  0xC0, 0x66, 0x01, 0x80, 0x8C, 0x01, 0x81, 0x18, 0x01, 0x86, 0x30, 0x03,
  0x0C, 0x60, 0x02, 0x18, 0xC0, 0x06, 0x61, 0x80, 0xCC, 0xC3, 0x01, 0x88,
  0x06, 0x03, 0x00, 0x0C, 0x04, 0x00, 0x1F, 0xF8, 0x00, 0x1F, 0xE0, 0x00,
  0x00, 0x00, 0x00, 0x03, 0x00, 0x00, 0x03, 0x80, 0x80, 0x03, 0x83, 0x00,
  0x01, 0x86, 0x00, 0x01, 0x98, 0x00, 0x60, 0x30, 0x00, 0xC0, 0xC0, 0x19,
  0x83, 0x00, 0x33, 0x0E, 0xC0, 0x46, 0x38, 0xC0, 0x8C, 0x61, 0x83, 0x19,
  0x81, 0x86, 0x36, 0x03, 0x18, 0x78, 0x03, 0x30, 0xE0, 0x06, 0x03, 0x80,
  0x40, 0x1F, 0x01, 0x80, 0x76, 0x03, 0x03, 0x8C, 0x06, 0x02, 0x1F, 0xFC,
  0x00, 0x1F, 0xF0, 0x00, 0x00, 0x00, 0x00, 0x00, 0x60, 0x00, 0x00, 0xC0,
  0x00, 0x01, 0x80, 0x00, 0x03, 0xFF, 0x00, 0x07, 0xFC, 0x00, 0x0C, 0x00,
  0x00, 0x18, 0x00, 0x00, 0x30, 0x00, 0x7F, 0xFF, 0xF0, 0xFF, 0xFF, 0xE0,
  0x00, 0x00, 0x00, 0x07, 0x00, 0x00, 0x07, 0x00, 0x00, 0x43, 0x08, 0x0C,
  0x82, 0x30, 0x19, 0x00, 0x30, 0x22, 0x00, 0x30, 0xC4, 0x03, 0x61, 0x88,
  0x06, 0x62, 0x1F, 0xF8, 0x00, 0x3F, 0xF0, 0x00, 0x3F, 0xFF, 0xF8, 0x7F,
  0xFF, 0xF0, 0x00, 0xC0, 0x00, 0x01, 0xF0, 0x00, 0x03, 0x78, 0x00, 0x06,
  0x3C, 0x00, 0x0C, 0x1C, 0x00, 0x18, 0x00, 0x00, 0x30, 0x00, 0x00, 0xC0,
  0x00, 0x01, 0xC0, 0x00, 0x01, 0xC0, 0x00, 0x99, 0xC4, 0x01, 0x31, 0x8C,
  0x06, 0x60, 0x0C, 0x0C, 0xC0, 0x0C, 0x31, 0x80, 0x98, 0x63, 0x03, 0x18,
  0x87, 0xFE, 0x00, 0x07, 0xF8, 0x00, 0x00, 0x00, 0x00, 0x18, 0x0C, 0x00,
  0x30, 0x18, 0x00, 0x60, 0x30, 0x00, 0xC7, 0xFF, 0x05, 0xCF, 0xFE, 0x0B,
  0xC1, 0x8C, 0x16, 0x83, 0x18, 0x6D, 0x06, 0x30, 0xD8, 0x0C, 0x61, 0x30,
  0x18, 0xC0, 0x67, 0xFF, 0xE0, 0xCF, 0xFF, 0xC1, 0x80, 0xE0, 0x03, 0x01,
  0xC0, 0x06, 0x06, 0xC0, 0x0C, 0x0D, 0x80, 0x18, 0x31, 0x80, 0x30, 0xC1,
  0x80, 0x63, 0x83, 0x80, 0xCE, 0x03, 0xC1, 0xB8, 0x03, 0x80, 0x00, 0x00,
  0x00, 0x00, 0x10, 0x00, 0x00, 0xF0, 0x00, 0x03, 0xB0, 0x00, 0x0E, 0x38,
  0x00, 0x38, 0x38, 0x01, 0xE0, 0x3C, 0x0F, 0x7F, 0xDE, 0x38, 0x00, 0x0E,
  0x00, 0x00, 0x00, 0x1F, 0xFF, 0x80, 0x00, 0x07, 0x00, 0x00, 0x0C, 0x00,
  0x00, 0x18, 0x00, 0x1C, 0x60, 0x00, 0x0C, 0x80, 0x04, 0xCE, 0x20, 0x09,
  0x88, 0x60, 0x33, 0x00, 0x60, 0x66, 0x04, 0x61, 0x8C, 0x08, 0xC6, 0x1F,
  0xF0, 0xC0, 0x1F, 0xE0, 0x00, 0x00, 0x00, 0x00, 0x06, 0x00, 0x00, 0x0C,
  0x00, 0x00, 0x3F, 0xFF, 0x80, 0xFF, 0xFF, 0x03, 0x8C, 0x46, 0x0E, 0x31,
  0x8C, 0x38, 0xC2, 0x18, 0x23, 0x8C, 0x30, 0x0E, 0x30, 0x60, 0x38, 0xE0,
  0x80, 0xE1, 0x83, 0x01, 0x0E, 0x26, 0x00, 0x38, 0x78, 0x00, 0x08, 0x00,
  0x00, 0x1C, 0x00, 0x09, 0x8C, 0x60, 0x33, 0x00, 0x60, 0x66, 0x02, 0x61,
  0x8C, 0x0C, 0xC6, 0x1F, 0xF8, 0xC0, 0x1F, 0xE0, 0x00, 0x00, 0x00, 0x00,
  0x0C, 0x00, 0x00, 0x10, 0x3F, 0xE1, 0xFE, 0x7F, 0xC7, 0xFE, 0xC3, 0x03,
  0x08, 0xC6, 0x06, 0x11, 0x88, 0x08, 0x61, 0xB0, 0x3C, 0x83, 0xC0, 0x5F,
  0x03, 0x80, 0x0E, 0x0F, 0x80, 0x3E, 0x73, 0x81, 0xC5, 0xC3, 0xC7, 0x08,
  0x01, 0x00, 0x1C, 0x00, 0x04, 0xCC, 0x60, 0x09, 0x88, 0x60, 0x33, 0x00,
  0x60, 0x66, 0x06, 0x61, 0x8C, 0x0C, 0xE7, 0x1F, 0xF0, 0xC0, 0x1F, 0xE0,
  0x00, 0x00, 0x00, 0x00, 0x18, 0x06, 0x00, 0x30, 0x0C, 0x00, 0x60, 0x18,
  0x00, 0xC0, 0x30, 0x05, 0xE7, 0xFF, 0x0B, 0x4F, 0xFE, 0x16, 0xD8, 0x04,
  0x2C, 0xB0, 0x08, 0xD8, 0x60, 0x11, 0xB0, 0xC0, 0x22, 0x61, 0x80, 0x40,
  0xC3, 0xFF, 0x81, 0x87, 0xFF, 0x03, 0x0C, 0x02, 0x06, 0x18, 0x04, 0x0C,
  0x30, 0x08, 0x18, 0x60, 0x10, 0x30, 0xC0, 0x20, 0x61, 0xFF, 0xC0, 0xC3,
  0xFF, 0x81, 0x86, 0x01, 0x00, 0x00, 0x00, 0x00, 0x00, 0x00, 0x00, 0x03,
  0x00, 0x00, 0x0E, 0x00, 0x00, 0x3F, 0xF8, 0x00, 0x60, 0x60, 0x03, 0x81,
  0x80, 0x0F, 0xFF, 0xF8, 0x38, 0x00, 0x30, 0x00, 0x00, 0x60, 0x00, 0x00,
  0xC0, 0x3F, 0xFF, 0x80, 0x00, 0x03, 0x00, 0x00, 0x06, 0x01, 0xFF, 0xFC,
  0x00, 0x1C, 0x00, 0x00, 0x38, 0x00, 0x09, 0x18, 0x60, 0x13, 0x10, 0xE0,
  0x66, 0x04, 0xC1, 0x8C, 0x08, 0xC7, 0x18, 0x30, 0xC0, 0x1F, 0xE0, 0x00,
  0x00, 0x1F, 0xC0, 0x7F, 0xBF, 0xC0, 0xFE, 0x61, 0x80, 0x20, 0xC3, 0x00,
  0x41, 0xC6, 0x00, 0x83, 0xCC, 0x01, 0x04, 0xD8, 0x02, 0x68, 0xF0, 0x0F,
  0xF0, 0x64, 0xFC, 0x60, 0xC9, 0xC1, 0x81, 0xB0, 0x06, 0x01, 0xE0, 0x02,
  0x00, 0x00, 0x06, 0x00, 0x02, 0x66, 0x10, 0x04, 0xC6, 0x30, 0x19, 0x80,
  0x30, 0x33, 0x03, 0x30, 0xC6, 0x06, 0x33, 0x0F, 0xFC, 0x60, 0x0F, 0xF0,
  0x00, 0x00, 0x00, 0x00, 0x18, 0xC0, 0x00, 0x31, 0x80, 0x00, 0x67, 0xFF,
  0xE0, 0xDF, 0xFF, 0xC5, 0xCC, 0x00, 0x0B, 0xD8, 0x60, 0x16, 0xB0, 0xC0,
  0x2D, 0x61, 0x80, 0xD8, 0xD3, 0x19, 0x31, 0xA6, 0x22, 0x63, 0x4C, 0xC0,
  0xC6, 0x99, 0x01, 0x8B, 0x32, 0x03, 0x10, 0x60, 0x06, 0x20, 0xE0, 0x0C,
  0xC3, 0x40, 0x19, 0x84, 0xC0, 0x32, 0x18, 0x80, 0x6C, 0x61, 0x80, 0xD9,
  0x81, 0x81, 0xA6, 0x01, 0x80, 0x00, 0x00, 0x00, 0x00, 0x00, 0x00, 0x7F,
  0xC4, 0x01, 0xFF, 0x8E, 0x00, 0x84, 0x06, 0x01, 0x08, 0x06, 0x02, 0x10,
  0x04, 0x06, 0x60, 0x80, 0x0F, 0xC1, 0x00, 0x10, 0x82, 0x10, 0x21, 0x34,
  0x20, 0x42, 0x68, 0x60, 0xCC, 0x90, 0xC1, 0xF9, 0x20, 0x82, 0x12, 0x41,
  0x84, 0x2C, 0x83, 0x08, 0x59, 0x06, 0x11, 0xE2, 0x04, 0xFF, 0x04, 0x01,
  0xC2, 0x08, 0x60, 0x04, 0x10, 0xC0, 0x08, 0x3F, 0x80, 0x10, 0x7E, 0x00,
  0x00, 0x00, 0x00, 0x00, 0x10, 0x00, 0x00, 0x60, 0x00, 0x00, 0xC0, 0x00,
  0x3F, 0xFF, 0x00, 0x40, 0x06, 0x00, 0x80, 0x0C, 0x01, 0xFF, 0xF8, 0x03,
  0x00, 0x30, 0x04, 0x00, 0x60, 0x0F, 0xFF, 0xC0, 0x18, 0x01, 0x80, 0x20,
  0x03, 0x00, 0x60, 0x06, 0x00, 0xFF, 0xFC, 0x00, 0x00, 0x00, 0x00, 0x18,
  0x00, 0x09, 0x18, 0x60, 0x33, 0x18, 0xE0, 0x66, 0x20, 0xE1, 0x8C, 0x0C,
  0xC7, 0x18, 0x18, 0xC4, 0x3F, 0xE0, 0x00, 0x1F, 0x80, 0x00, 0x00, 0x00,
  0x00, 0x18, 0x30, 0x00, 0x30, 0x40, 0x00, 0x61, 0xFF, 0xC0, 0xC3, 0xFF,
  0xC5, 0xCC, 0x00, 0x0B, 0xF0, 0x00, 0x16, 0xEF, 0xF8, 0x2D, 0x3F, 0xF8,
  0xD8, 0x66, 0x31, 0x30, 0x8C, 0x42, 0x61, 0x18, 0x80, 0xDF, 0xFF, 0xC1,
  0xBF, 0xFF, 0x83, 0x18, 0xC4, 0x06, 0x31, 0x08, 0x0C, 0x62, 0x10, 0x18,
  0xFF, 0xF0, 0x31, 0xFF, 0xF0, 0x62, 0x01, 0x80, 0xC0, 0x03, 0x01, 0x80,
  0x3C, 0x00, 0x00, 0x00, 0x00, 0x00, 0x00, 0x00, 0x06, 0x60, 0x00, 0x18,
  0xC0, 0x00, 0x23, 0xFF, 0xC0, 0xC6, 0x71, 0x83, 0x98, 0x63, 0x0F, 0x60,
  0xCC, 0x36, 0x19, 0xB0, 0x0C, 0x23, 0x20, 0x18, 0xC6, 0x60, 0x33, 0x0C,
  0x60, 0x60, 0x18, 0xC0, 0xC0, 0x60, 0x01, 0x81, 0xC0, 0x00, 0x1C, 0x00,
  0x00, 0x9C, 0x20, 0x09, 0x8C, 0x60, 0x33, 0x00, 0x60, 0x66, 0x06, 0x61,
  0x8C, 0x0C, 0xC7, 0x1F, 0xF8, 0xC0, 0x1F, 0xE0, 0x00, 0x00, 0x04, 0x00,
  0x01, 0x8C, 0x00, 0x03, 0x18, 0x01, 0xFE, 0x3F, 0xC0, 0x0C, 0x60, 0x00,
  0x18, 0xC0, 0x00, 0x31, 0x80, 0x0F, 0xE3, 0xF8, 0x00, 0xC6, 0x00, 0x01,
  0x8C, 0x00, 0xFE, 0x1F, 0xF3, 0xCC, 0x30, 0x00, 0x30, 0x60, 0x01, 0xCC,
  0xC0, 0x06, 0x0C, 0x00, 0x00, 0xCC, 0x20, 0x09, 0x88, 0x60, 0x33, 0x00,
  0x60, 0x66, 0x06, 0x61, 0x8C, 0x0C, 0xC6, 0x1F, 0xF0, 0xC0, 0x1F, 0xE0,
  0x00, 0x00, 0x00, 0x00, 0x7F, 0x9F, 0xF0, 0xC1, 0x30, 0x61, 0x82, 0x60,
  0xC3, 0xFC, 0xFF, 0x86, 0x09, 0x83, 0x0C, 0x13, 0x06, 0x1F, 0xE7, 0xFC,
  0x30, 0x00, 0x18, 0x60, 0xC0, 0x30, 0xC0, 0xE0, 0x61, 0x80, 0xE0, 0xC3,
  0x04, 0x81, 0x86, 0x68, 0x23, 0x0C, 0x90, 0x66, 0x19, 0x20, 0x6C, 0x36,
  0x42, 0xD8, 0x6C, 0x84, 0xB0, 0xD1, 0x88, 0x61, 0x83, 0xF0, 0xC3, 0x01,
  0x8F, 0x80, 0x00, 0x0C, 0x00, 0x00, 0x00, 0x00, 0x18, 0x03, 0xE0, 0x31,
  0xFF, 0x00, 0x60, 0x18, 0x00, 0xE0, 0x30, 0x05, 0xDF, 0xFF, 0x8B, 0xC3,
  0xF0, 0x16, 0x87, 0xE0, 0x2D, 0x1B, 0x60, 0xD8, 0xE6, 0x71, 0x33, 0x8C,
  0x72, 0x64, 0x00, 0x00, 0xC3, 0xFF, 0x01, 0x80, 0x1C, 0x03, 0x00, 0x60,
  0x06, 0x01, 0x80, 0x0C, 0xFF, 0xFC, 0x18, 0x06, 0x00, 0x30, 0x0C, 0x00,
  0x60, 0x18, 0x00, 0xC0, 0x30, 0x01, 0x83, 0xE0, 0x00, 0x02, 0x00, 0x00,
  0x00, 0x00, 0x00, 0x10, 0x04, 0x00, 0x20, 0x18, 0x00, 0x47, 0xFF, 0xC0,
  0xA0, 0x20, 0x05, 0x5F, 0xFF, 0x0A, 0x81, 0x80, 0x34, 0x01, 0x00, 0x69,
  0xFF, 0xFC, 0xD0, 0x00, 0x01, 0x20, 0x00, 0x02, 0x43, 0xFF, 0x80, 0x86,
  0x03, 0x01, 0x08, 0x02, 0x02, 0x1F, 0xFC, 0x04, 0x20, 0x18, 0x08, 0x40,
  0x10, 0x10, 0x80, 0x60, 0x21, 0xFF, 0xC0, 0x42, 0x00, 0x80, 0x84, 0x03,
  0x01, 0x08, 0x1E, 0x02, 0x10, 0x00, 0x00, 0x00, 0x00, 0x00, 0x10, 0x06,
  0x00, 0x20, 0x0C, 0x00, 0x40, 0x38, 0x00, 0x8F, 0xFF, 0xC5, 0xD8, 0x01,
  0x8A, 0xB8, 0x03, 0x15, 0x70, 0x06, 0x2B, 0x60, 0x00, 0xD0, 0xFF, 0xF1,
  0x21, 0xB6, 0x22, 0x46, 0x2C, 0x40, 0x8C, 0xD8, 0x81, 0x3D, 0xB1, 0x02,
  0x4E, 0x62, 0x04, 0x0C, 0xCC, 0x08, 0x19, 0xB8, 0x10, 0x63, 0x00, 0x20,
  0x86, 0x10, 0x43, 0x0C, 0x20, 0x9C, 0x18, 0xC1, 0x30, 0x1F, 0x00, 0x00,
  0x00, 0x00, 0x00, 0x00, 0x00, 0x18, 0xFF, 0xF0, 0x33, 0xFF, 0xE0, 0x66,
  0x00, 0x40, 0xCC, 0x8C, 0x85, 0xD9, 0x19, 0x0B, 0xF3, 0x22, 0x16, 0xE2,
  0x44, 0x2D, 0xDF, 0xE8, 0xD9, 0x84, 0x11, 0x33, 0x08, 0x22, 0x66, 0x10,
  0x40, 0xCD, 0xFE, 0x81, 0x9B, 0x01, 0x03, 0x36, 0x02, 0x06, 0x6C, 0x04,
  0x0C, 0xD8, 0x08, 0x19, 0x9F, 0x90, 0x33, 0x00, 0x20, 0x66, 0x00, 0x40,
  0xCC, 0x00, 0x81, 0x98, 0x0F, 0x00, 0x10, 0x18, 0x00, 0x00, 0x00, 0x00,
  0x18, 0x10, 0xC0, 0x30, 0x21, 0x80, 0x61, 0xFF, 0xC0, 0xC7, 0xFF, 0x85,
  0xC1, 0x0C, 0x0B, 0x82, 0x18, 0x16, 0x84, 0x30, 0x6D, 0x7F, 0xFC, 0x98,
  0xFF, 0xF9, 0x30, 0x00, 0x02, 0x60, 0x00, 0x00, 0xC3, 0xFF, 0x01, 0x86,
  0x06, 0x03, 0x0C, 0x04, 0x06, 0x18, 0x08, 0x0C, 0x3F, 0xF0, 0x18, 0x60,
  0x60, 0x30, 0xC0, 0x40, 0x61, 0x80, 0x80, 0xC3, 0xFF, 0x01, 0x86, 0x06,
  0x00, 0x00, 0x00, 0x00, 0x00, 0x00, 0x00, 0x7F, 0xFF, 0xF0, 0x03, 0x18,
  0x00, 0x06, 0x30, 0x01, 0xFC, 0x7F, 0x03, 0x00, 0x06, 0x06, 0x00, 0x0C,
  0x0C, 0x00, 0x18, 0x18, 0x00, 0x30, 0x3F, 0x8F, 0xE0, 0x03, 0x18, 0x00,
  0x06, 0x30, 0x07, 0xFF, 0xFF, 0xC0, 0x1E, 0x00, 0x00, 0x1C, 0x00, 0x04,
  0xCC, 0x20, 0x09, 0x88, 0x60, 0x33, 0x03, 0x60, 0xC6, 0x06, 0x63, 0x8F,
  0xFC, 0x60, 0x0F, 0xF0, 0x00, 0x00, 0x00, 0x00, 0x18, 0x62, 0x30, 0x30,
  0x8C, 0x40, 0x63, 0x31, 0x80, 0xCC, 0x46, 0x05, 0xD8, 0xCC, 0x0B, 0xD8,
  0x8C, 0x16, 0x99, 0x8C, 0x2D, 0x31, 0x88, 0xD8, 0x06, 0x11, 0x30, 0x08,
  0x00, 0x63, 0xFF, 0xC0, 0xC6, 0x01, 0x81, 0x88, 0x09, 0x03, 0x13, 0x22,
  0x06, 0x23, 0xC4, 0x0C, 0x43, 0x88, 0x18, 0x99, 0x90, 0x31, 0x61, 0x20,
  0x63, 0x00, 0xC0, 0xC7, 0xFF, 0x81, 0x88, 0x01, 0x00, 0x00, 0x00, 0x00,
  0x00, 0x00, 0x00, 0x04, 0x00, 0x00, 0x08, 0x3F, 0xE0, 0x10, 0x60, 0xC7,
  0xFE, 0x81, 0x81, 0xE1, 0x83, 0x01, 0x83, 0xFE, 0x07, 0x84, 0x0C, 0x0F,
  0x88, 0x18, 0x35, 0xDF, 0xF0, 0xC9, 0xB0, 0x63, 0x10, 0x40, 0xC0, 0x20,
  0x81, 0x80, 0x41, 0xFF, 0x00, 0x88, 0x00, 0x00, 0x18, 0x10, 0x19, 0x18,
  0x30, 0x22, 0x18, 0x20, 0xC4, 0x02, 0x61, 0x88, 0x04, 0x66, 0x1F, 0xF8,
  0x80, 0x3F, 0xE0, 0x00, 0x00, 0x10, 0x00, 0x00, 0x20, 0x00, 0x7F, 0xFF,
  0xC0, 0x18, 0x0C, 0x00, 0x10, 0x10, 0x00, 0x30, 0x60, 0x0F, 0xFF, 0xFE,
  0x00, 0x00, 0x00, 0x00, 0x00, 0x00, 0x1F, 0xFF, 0xC0, 0x30, 0x01, 0x80,
  0x60, 0x03, 0x00, 0xFF, 0xFE, 0x01, 0x80, 0x0C, 0x03, 0xFF, 0xF8, 0x00,
  0x30, 0x00, 0x00, 0x30, 0x00, 0x1B, 0x38, 0xC0, 0x66, 0x04, 0xC1, 0xCC,
  0x0C, 0xC7, 0x18, 0x30, 0xC4, 0x1F, 0xE0, 0x00, 0x00, 0x04, 0x00, 0x00,
  0x09, 0xC0, 0x00, 0x10, 0x80, 0xFF, 0xFF, 0xE1, 0x80, 0x60, 0x03, 0x00,
  0xC0, 0x07, 0xFD, 0x88, 0x0C, 0x01, 0x30, 0x10, 0x03, 0x40, 0x27, 0xE7,
  0x80, 0x48, 0xC6, 0x01, 0x90, 0x8C, 0x23, 0x23, 0x3C, 0x44, 0x7E, 0xDD,
  0x98, 0x03, 0x1E, 0x00, 0x38, 0x00, 0x09, 0xB8, 0x40, 0x13, 0x10, 0xE0,
  0x66, 0x06, 0xC1, 0x8C, 0x0C, 0xC7, 0x1F, 0xF8, 0xC4, 0x1F, 0xE0, 0x00,
  0x00, 0x00, 0x00, 0x18, 0x0C, 0x00, 0x30, 0x18, 0x00, 0x63, 0xFF, 0xC0,
  0xE6, 0x71, 0x85, 0xC8, 0x43, 0x0B, 0xD0, 0x86, 0x16, 0xBF, 0xFC, 0x2D,
  0xE7, 0x18, 0xD8, 0x84, 0x31, 0x31, 0x08, 0x60, 0x63, 0xFF, 0xC0, 0xC3,
  0xBE, 0x01, 0x82, 0x64, 0x03, 0x04, 0xD8, 0x06, 0x19, 0xA4, 0x0C, 0x33,
  0x48, 0x18, 0x67, 0xF8, 0x31, 0x8C, 0x00, 0x63, 0x18, 0x20, 0xDC, 0x18,
  0xC1, 0xB0, 0x3F, 0x00, 0x00, 0x00, 0x00, 0x00, 0x00, 0x00, 0x18, 0x08,
  0x00, 0x33, 0x11, 0xC0, 0xC3, 0x3E, 0x07, 0xFE, 0x60, 0x00, 0x06, 0x81,
  0x00, 0x01, 0x86, 0x0F, 0xF3, 0xFC, 0x10, 0x64, 0x00, 0x3F, 0xC8, 0x20,
  0x41, 0x93, 0xC0, 0x83, 0x3E, 0x01, 0xFE, 0x40, 0x02, 0x0C, 0x81, 0x84,
  0x19, 0x86, 0x08, 0xE3, 0xFC, 0x00, 0x70, 0x00, 0x13, 0x30, 0xC0, 0x66,
  0x20, 0xC0, 0xCC, 0x04, 0xC3, 0x18, 0x18, 0xC4, 0x1F, 0xE0, 0x00, 0x00,
  0x00, 0x00, 0x00, 0x00, 0x00, 0x18, 0x20, 0x80, 0x30, 0x63, 0x80, 0x6F,
  0xFF, 0xE0, 0xC1, 0x04, 0x05, 0xC0, 0x40, 0x0B, 0xC0, 0x80, 0x16, 0xFF,
  0xFE, 0x2D, 0x60, 0x00, 0xD8, 0xC0, 0x01, 0x31, 0x80, 0x00, 0x61, 0xFF,
  0xC0, 0xC0, 0x00, 0x01, 0x80, 0x00, 0x03, 0x08, 0x88, 0x06, 0x11, 0x10,
  0x0C, 0x22, 0x20, 0x18, 0xC4, 0x40, 0x31, 0x88, 0x80, 0x62, 0x11, 0x20,
  0xCC, 0x22, 0x41, 0xB0, 0x47, 0x80, 0x00, 0x00, 0x00, 0x00, 0x00, 0x00,
  0x18, 0x7F, 0xE0, 0x30, 0x80, 0xC0, 0x61, 0x00, 0x80, 0xC3, 0xFF, 0x05,
  0xC4, 0x02, 0x0B, 0xCF, 0xFC, 0x16, 0x80, 0x00, 0x2D, 0x00, 0x00, 0xD9,
  0xFF, 0xF1, 0x31, 0x32, 0x22, 0x62, 0x64, 0x40, 0xC7, 0xFF, 0x81, 0x80,
  0x00, 0x03, 0x00, 0x00, 0x06, 0x7F, 0xF8, 0x0C, 0x10, 0x30, 0x18, 0x30,
  0xC0, 0x30, 0x3F, 0x00, 0x60, 0x3C, 0x00, 0xC3, 0xFF, 0x01, 0xBE, 0x07,
  0x80, 0x00, 0x00, 0x00, 0x00, 0x00, 0x00, 0x00, 0x60, 0x00, 0x00, 0xFF,
  0xC0, 0x01, 0x80, 0x00, 0x03, 0x00, 0x03, 0xFF, 0xFF, 0x06, 0x0C, 0x06,
  0x0D, 0xFF, 0xEC, 0x18, 0x30, 0x08, 0x30, 0x3F, 0xF0, 0x60, 0x00, 0x00,
  0xDF, 0xFF, 0x01, 0xB0, 0x82, 0x02, 0x7F, 0xFC, 0x04, 0xC2, 0x08, 0x09,
  0x84, 0x10, 0x33, 0xFF, 0xE0, 0x60, 0x30, 0x00, 0xCB, 0x30, 0xC1, 0xB6,
  0x04, 0xC6, 0xCC, 0x18, 0x8D, 0x0F, 0xE1, 0x00, 0x00, 0x00, 0x00, 0x00,
  0x00, 0x20, 0x3F, 0xE0, 0x40, 0x40, 0xC0, 0x80, 0x81, 0x81, 0x01, 0xFF,
  0x07, 0x02, 0x00, 0xFF, 0x84, 0x00, 0x08, 0x1B, 0xF0, 0x10, 0x30, 0x02,
  0x20, 0x7F, 0xF6, 0x40, 0xC6, 0x04, 0x81, 0x2D, 0x09, 0x02, 0xD9, 0x02,
  0x0D, 0x32, 0x04, 0x10, 0xE0, 0x78, 0x00, 0x10, 0x00, 0x00, 0x38, 0x40,
  0x13, 0x38, 0xC0, 0x66, 0x00, 0xC1, 0xCC, 0x0C, 0xC7, 0x1C, 0x18, 0xC4,
  0x1F, 0xE0, 0x00, 0x00, 0x00, 0x00, 0x7F, 0xFF, 0xF0, 0x00, 0xC0, 0x00,
  0x3F, 0xFE, 0x00, 0x40, 0x04, 0x00, 0xFF, 0xF8, 0x01, 0x00, 0x10, 0x03,
  0xFF, 0xE0, 0x06, 0x00, 0x40, 0x7F, 0xFF, 0xF0, 0x80, 0xC0, 0x21, 0x24,
  0xC6, 0x40, 0xC8, 0x36, 0x03, 0x1F, 0xC6, 0x00, 0x70, 0x00, 0x01, 0xFF,
  0xC0, 0x0F, 0x01, 0x80, 0x73, 0x8E, 0x00, 0x01, 0xF0, 0x00, 0x1F, 0xFC,
  0x03, 0xF0, 0x1F, 0xC0, 0x00, 0x00, 0x00, 0x00, 0x00, 0x00, 0x70, 0xFF,
  0xF0, 0x31, 0x08, 0x00, 0x23, 0xFF, 0x80, 0x04, 0x30, 0x00, 0x08, 0x60,
  0x00, 0x1F, 0xFC, 0x03, 0x21, 0x00, 0x06, 0x43, 0x00, 0x18, 0xFF, 0xF0,
  0x60, 0x00, 0x21, 0xC5, 0xB6, 0xC3, 0x19, 0x25, 0x84, 0x62, 0x43, 0x00,
  0x08, 0x1C, 0x00, 0x18, 0x00, 0x09, 0x9C, 0x60, 0x33, 0x11, 0x60, 0xC6,
  0x02, 0x63, 0x8E, 0x1C, 0x62, 0x0F, 0xF0, 0x00, 0x00, 0x02, 0x00, 0x10,
  0x04, 0x00, 0x21, 0xFF, 0xE0, 0x40, 0x18, 0x00, 0x81, 0x26, 0x05, 0xC2,
  0x0C, 0x0A, 0xBF, 0xFF, 0x35, 0x88, 0x30, 0x69, 0x10, 0x60, 0x90, 0xFF,
  0xE1, 0x21, 0x80, 0x40, 0x43, 0x00, 0x80, 0x87, 0xFF, 0x01, 0x0C, 0x02,
  0x02, 0x18, 0x04, 0x04, 0x3F, 0xF8, 0x08, 0x60, 0x10, 0x10, 0xFF, 0xE0,
  0x20, 0x03, 0x00, 0x40, 0xC7, 0x00, 0x87, 0x03, 0x81, 0x38, 0x03, 0x82,
  0x00, 0x00, 0x00, 0x00, 0x00, 0x00, 0x18, 0x06, 0x00, 0x30, 0x0C, 0x00,
  0x63, 0xFF, 0xC0, 0xC1, 0x06, 0x05, 0xC3, 0x0C, 0x0B, 0xC6, 0x38, 0x16,
  0xFF, 0xFE, 0x2D, 0x00, 0x00, 0xD8, 0x7F, 0xF1, 0x30, 0x80, 0x62, 0x61,
  0x00, 0xC0, 0xC3, 0xFF, 0x81, 0x84, 0x03, 0x03, 0x0F, 0xFE, 0x06, 0x03,
  0x00, 0x0C, 0x03, 0x00, 0x18, 0x93, 0x60, 0x31, 0x20, 0x40, 0x66, 0x40,
  0xC0, 0xD8, 0x82, 0xC1, 0xB1, 0xFC, 0x80, 0x00, 0x00, 0x00, 0x00, 0x00,
  0x00, 0x00, 0x30, 0x00, 0x00, 0x60, 0x00, 0xFF, 0xFF, 0xE1, 0x08, 0x88,
  0x02, 0x33, 0x10, 0x04, 0x67, 0xFE, 0x09, 0x9C, 0xC0, 0x17, 0x31, 0x80,
  0x3E, 0xFF, 0xE0, 0x74, 0x46, 0x00, 0x88, 0xFF, 0x81, 0x11, 0x18, 0x06,
  0x23, 0x30, 0x0C, 0x47, 0xFE, 0x18, 0x08, 0x00, 0x30, 0x1C, 0x00, 0x62,
  0xCC, 0x40, 0x8D, 0x80, 0xC3, 0x13, 0x02, 0xC6, 0x66, 0x0C, 0xC8, 0x87,
  0xF1, 0x80, 0x00, 0x00, 0x00, 0x00, 0x00, 0x00, 0x18, 0x0C, 0x00, 0x30,
  0x18, 0x00, 0x67, 0xFF, 0xC0, 0xCC, 0x01, 0x85, 0xDB, 0xF3, 0x0B, 0xF0,
  0x86, 0x16, 0xE5, 0x4C, 0x2D, 0xDF, 0xF8, 0x99, 0x8E, 0x31, 0x33, 0x3E,
  0x60, 0x66, 0xD6, 0xC0, 0xCD, 0x25, 0x81, 0x98, 0x03, 0x03, 0x10, 0x80,
  0x06, 0x03, 0x00, 0x0D, 0xFF, 0xFC, 0x18, 0x0E, 0x00, 0x30, 0x36, 0x00,
  0x60, 0xC6, 0x00, 0xC7, 0x07, 0x01, 0xB8, 0x07, 0x80, 0x00, 0x00, 0x00,
  0x00, 0x00, 0x00, 0x10, 0x04, 0x00, 0x20, 0x1C, 0x00, 0x4F, 0xFF, 0xE0,
  0x80, 0x00, 0x05, 0xCF, 0xFF, 0x0A, 0x93, 0x26, 0x15, 0x24, 0x4C, 0x6B,
  0x4C, 0x98, 0xD0, 0xFF, 0xF1, 0x20, 0x08, 0x02, 0x47, 0x93, 0xC0, 0x80,
  0x20, 0x01, 0x1E, 0x4F, 0x02, 0x00, 0x80, 0x04, 0x07, 0x80, 0x08, 0x79,
  0x38, 0x13, 0xE3, 0xC0, 0x20, 0xC3, 0x00, 0x41, 0x8B, 0x00, 0x83, 0xF3,
  0x81, 0x1E, 0x03, 0x80, 0x00, 0x00, 0x00, 0x00, 0x00, 0x00, 0x18, 0xF9,
  0xF0, 0x31, 0x12, 0x20, 0x62, 0x24, 0x40, 0xC7, 0xCF, 0x85, 0xC8, 0x91,
  0x0B, 0xDF, 0x3E, 0x16, 0xA2, 0x44, 0x2D, 0xFC, 0xF8, 0xD8, 0x63, 0x01,
  0x30, 0xC6, 0x02, 0x63, 0x8C, 0x00, 0xC7, 0xFF, 0x81, 0x9C, 0x20, 0x03,
  0x78, 0x40, 0x06, 0x3F, 0xF8, 0x0C, 0x61, 0x00, 0x18, 0xFF, 0xE0, 0x31,
  0x84, 0x00, 0x63, 0x08, 0x00, 0xC7, 0xFF, 0xC1, 0x8C, 0x00, 0x00, 0x00,
  0x00, 0x00, 0x00, 0x00, 0x00, 0x00, 0x09, 0x80, 0x00, 0x11, 0xC0, 0x00,
  0x21, 0x81, 0xFF, 0xFF, 0xC3, 0xFF, 0xFF, 0x86, 0x01, 0x00, 0x0C, 0x03,
  0x00, 0x18, 0x06, 0x10, 0x3F, 0x8C, 0x60, 0x7F, 0x98, 0xC0, 0xC3, 0x33,
  0x01, 0x86, 0x66, 0x03, 0x0C, 0x58, 0x06, 0x18, 0xF0, 0x0C, 0x21, 0xC0,
  0x10, 0x43, 0x80, 0x67, 0x8F, 0x18, 0xCF, 0x3E, 0x31, 0x80, 0xE6, 0x66,
  0x03, 0x8F, 0x8C, 0x04, 0x07, 0x00, 0x00, 0x00, 0x00, 0x00, 0x00, 0x00,
  0x01, 0xCC, 0x80, 0x3F, 0x99, 0x81, 0xF8, 0x31, 0x80, 0x30, 0x61, 0x80,
  0x60, 0xC2, 0x00, 0xC1, 0x80, 0x1F, 0xFF, 0xFC, 0x7F, 0xFF, 0xFC, 0x06,
  0x0C, 0x00, 0x0C, 0x08, 0x40, 0x18, 0x11, 0x80, 0x33, 0x33, 0x00, 0x7E,
  0x6C, 0x0F, 0xE0, 0xF0, 0x3D, 0x81, 0xE0, 0x03, 0x03, 0x80, 0x06, 0x0F,
  0x08, 0x0C, 0x3E, 0x10, 0x18, 0xE6, 0x60, 0x37, 0x0E, 0xC3, 0xE4, 0x0F,
  0x07, 0x00, 0x04, 0x00, 0x00, 0x00, 0x00, 0x00, 0x09, 0x80, 0x00, 0x19,
  0xC0, 0x00, 0x30, 0x83, 0xFF, 0xFF, 0x87, 0xFF, 0xFF, 0x00, 0x01, 0x80,
  0x00, 0x03, 0x00, 0x00, 0x06, 0x10, 0x3F, 0xCC, 0x60, 0x61, 0x98, 0xC0,
  0xC3, 0x31, 0x01, 0x86, 0x26, 0x03, 0x0C, 0x78, 0x07, 0xF8, 0xF0, 0x00,
  0x01, 0xC0, 0x00, 0x03, 0x80, 0x00, 0xE7, 0x18, 0x1F, 0xDE, 0x31, 0xFC,
  0x66, 0x63, 0x83, 0x8C, 0xC0, 0x0E, 0x0F, 0x00, 0x08, 0x0C, 0x00, 0x00,
  0x00, 0x00, 0x00, 0x00, 0x31, 0xFF, 0x83, 0xE1, 0xFF, 0x7F, 0x00, 0x00,
  0xE0, 0x00, 0x01, 0x80, 0x0F, 0xFB, 0x00, 0x1F, 0xF6, 0x00, 0x30, 0x6C,
  0x00, 0x60, 0xDF, 0xF8, 0xC1, 0xBF, 0xF1, 0x83, 0x61, 0x83, 0xFE, 0xC3,
  0x07, 0xF9, 0x86, 0x0C, 0x03, 0x0C, 0x18, 0x04, 0x18, 0x30, 0x18, 0x30,
  0x60, 0x30, 0x60, 0x80, 0x40, 0xC3, 0x01, 0x81, 0x86, 0x06, 0x03, 0x08,
  0x0C, 0x06, 0x00, 0x00, 0x00, 0x00, 0x00, 0x00, 0x00, 0x00, 0x07, 0xC0,
  0x7F, 0xFE, 0x00, 0xFF, 0xC0, 0x00, 0x01, 0x00, 0x00, 0x02, 0x00, 0x00,
  0x04, 0x00, 0x0F, 0xFF, 0xF8, 0x1F, 0xFF, 0xF8, 0x00, 0x20, 0x00, 0x00,
  0x40, 0x00, 0x00, 0x80, 0x00, 0x01, 0x00, 0x0F, 0xFF, 0xFF, 0x9F, 0xFF,
  0xFF, 0x00, 0x08, 0x00, 0x00, 0x10, 0x00, 0x00, 0x20, 0x00, 0x00, 0x40,
  0x00, 0x00, 0x80, 0x00, 0x3F, 0x00, 0x00, 0x7C, 0x00, 0x00, 0x00, 0x00,
  0x00, 0x00, 0x00, 0x00, 0x00, 0x30, 0x00, 0x00, 0x60, 0x00, 0x00, 0xC0,
  0x00, 0x01, 0x80, 0x07, 0xFF, 0xFF, 0x0F, 0xFF, 0xFE, 0x00, 0x0C, 0x00,
  0x00, 0x18, 0x00, 0x00, 0x31, 0xC0, 0x00, 0x67, 0x00, 0x00, 0xDC, 0x00,
  0x01, 0xF0, 0x00, 0x03, 0x80, 0x00, 0x1E, 0x00, 0x00, 0xFC, 0x00, 0x0F,
  0x98, 0x00, 0xF8, 0x30, 0x01, 0xC0, 0x60, 0x00, 0x00, 0xC0, 0x00, 0x01,
  0x80, 0x00, 0x3F, 0x00, 0x00, 0x78, 0x00, 0x00, 0x00, 0x00, 0x00, 0x08,
  0x00, 0x00, 0x10, 0xFF, 0xF0, 0x21, 0xFF, 0xE0, 0x40, 0x0C, 0x0F, 0xF0,
  0x18, 0x1F, 0xE0, 0x30, 0x02, 0x00, 0x60, 0x04, 0x00, 0xC0, 0x08, 0x01,
  0x80, 0x10, 0x03, 0x00, 0x3E, 0x06, 0x01, 0xF8, 0x0C, 0x0F, 0x80, 0x18,
  0x01, 0x00, 0x30, 0x02, 0x00, 0x60, 0x04, 0x00, 0xC0, 0x08, 0x01, 0x80,
  0x10, 0x03, 0x00, 0x20, 0x06, 0x03, 0xC0, 0xFC, 0x07, 0x81, 0xF0, 0x00,
  0x00, 0x00, 0x00, 0x18, 0x19, 0x00, 0x30, 0x33, 0x00, 0x60, 0x63, 0x00,
  0xC0, 0xC3, 0x0F, 0xF0, 0x80, 0x1F, 0xE1, 0xBE, 0x06, 0x3F, 0xFC, 0x0C,
  0x7E, 0x00, 0x18, 0x0C, 0x00, 0x30, 0x18, 0xC0, 0x7C, 0x31, 0x81, 0xF8,
  0x66, 0x0F, 0x80, 0x4C, 0x13, 0x00, 0xF0, 0x06, 0x01, 0xC0, 0x0C, 0x03,
  0x00, 0x18, 0x0F, 0x08, 0x30, 0x76, 0x30, 0x63, 0xC6, 0x63, 0xC6, 0x07,
  0x87, 0x00, 0x07, 0x00, 0x00, 0x00, 0x00, 0x00, 0x00, 0x00, 0x10, 0x1C,
  0x00, 0x20, 0x70, 0x00, 0x43, 0x8F, 0xC0, 0x84, 0x3F, 0x8F, 0xE8, 0x61,
  0x1F, 0xD0, 0xC2, 0x04, 0x21, 0x84, 0x08, 0x43, 0x08, 0x10, 0x86, 0x10,
  0x21, 0x0C, 0x20, 0x7A, 0x18, 0x41, 0xF4, 0x30, 0x8F, 0x88, 0x61, 0x12,
  0x10, 0xC2, 0x04, 0x21, 0x84, 0x08, 0x7F, 0x08, 0x11, 0xF6, 0x10, 0x27,
  0x0D, 0xE0, 0x40, 0x1B, 0x80, 0x80, 0x30, 0x07, 0x00, 0x60, 0x0C, 0x00,
  0x80, 0x00, 0x00, 0x00, 0x00, 0x18, 0x00, 0xC0, 0x30, 0x01, 0x80, 0x60,
  0xE3, 0x00, 0xC0, 0xE6, 0x0F, 0xF0, 0x6C, 0x1F, 0xE0, 0x18, 0x06, 0x00,
  0x30, 0x0C, 0x20, 0x60, 0x18, 0x70, 0xC0, 0x30, 0x31, 0x80, 0x7C, 0x23,
  0x01, 0xF8, 0x06, 0x0F, 0x80, 0x0C, 0x03, 0x00, 0x7F, 0x06, 0x3F, 0xF0,
  0x0C, 0x78, 0x60, 0x18, 0x00, 0xC0, 0x30, 0x01, 0x80, 0x60, 0x03, 0x03,
  0xC0, 0x06, 0x07, 0x00, 0x0C, 0x00, 0x00, 0x00, 0x00, 0x00, 0x00, 0x00,
  0x18, 0x06, 0x00, 0x30, 0x0C, 0x00, 0x60, 0x18, 0x00, 0xC0, 0x30, 0x0F,
  0xE0, 0x60, 0x1F, 0xDF, 0xFF, 0x06, 0x3F, 0xFE, 0x0C, 0x63, 0x0C, 0x18,
  0xC6, 0x18, 0x31, 0x8C, 0x30, 0x6F, 0x18, 0x61, 0xF7, 0xFF, 0xCF, 0x8F,
  0xFF, 0x9B, 0x18, 0xC3, 0x06, 0x31, 0x86, 0x0C, 0x63, 0x0C, 0x18, 0xC6,
  0x18, 0x31, 0x8C, 0x30, 0x63, 0xFF, 0xE0, 0xC7, 0xFF, 0xC7, 0x8C, 0x01,
  0x8C, 0x00, 0x00, 0x00, 0x00, 0x00, 0x00, 0x18, 0x06, 0x00, 0x30, 0x0C,
  0x00, 0x60, 0x18, 0x00, 0xC0, 0x30, 0x07, 0xE7, 0xFF, 0x1F, 0xFF, 0xFF,
  0x06, 0x00, 0x00, 0x0C, 0x10, 0x20, 0x18, 0x30, 0x60, 0x30, 0x60, 0x80,
  0x6C, 0xC3, 0x01, 0xF8, 0x86, 0x0F, 0x81, 0x0C, 0x1B, 0x03, 0x18, 0x06,
  0x06, 0x20, 0x0C, 0x0C, 0x40, 0x18, 0x19, 0x80, 0x30, 0x33, 0x00, 0x60,
  0x06, 0x00, 0xCF, 0xFF, 0xC7, 0x9F, 0xFF, 0x8C, 0x00, 0x00, 0x00, 0x00,
  0x00, 0x00, 0x18, 0x00, 0x00, 0x30, 0xFF, 0xF0, 0x61, 0xFF, 0xC0, 0xC3,
  0x00, 0x0F, 0xE6, 0x00, 0x1F, 0xEC, 0x00, 0x06, 0x1F, 0xF8, 0x0C, 0x3F,
  0xF8, 0x18, 0x60, 0x30, 0x30, 0xC0, 0x60, 0x7D, 0x80, 0xC1, 0xFB, 0x01,
  0x8F, 0x87, 0xFF, 0x03, 0x0F, 0xFE, 0x06, 0x18, 0x00, 0x0C, 0x30, 0x00,
  0x18, 0x60, 0x00, 0x30, 0xC0, 0x00, 0x61, 0xFF, 0xE0, 0xC3, 0xFF, 0xC7,
  0x86, 0x00, 0x0C, 0x00, 0x00, 0x00, 0x00, 0x00, 0x00, 0x18, 0x30, 0x00,
  0x30, 0x60, 0x00, 0x61, 0x80, 0x00, 0xC3, 0xFF, 0xCF, 0xCF, 0xFF, 0x1F,
  0xD8, 0x40, 0x06, 0x60, 0x80, 0x0C, 0xB1, 0x00, 0x18, 0x62, 0xE0, 0x30,
  0xCF, 0xC0, 0x79, 0xF8, 0x80, 0xF7, 0xD1, 0x0F, 0x9E, 0x22, 0x1F, 0x0C,
  0x44, 0x06, 0x18, 0x88, 0x0C, 0x31, 0x70, 0x18, 0x62, 0x00, 0x30, 0xC0,
  0x30, 0x61, 0x80, 0x60, 0xC1, 0x81, 0xCF, 0x03, 0xFF, 0x0C, 0x00, 0x00,
  0x00, 0x00, 0x00, 0x00, 0x01, 0x80, 0x00, 0x3F, 0xFF, 0xF3, 0xF0, 0xFF,
  0xC0, 0x60, 0x18, 0x00, 0xC0, 0x30, 0x01, 0x87, 0xFE, 0x1F, 0x0F, 0xFC,
  0x7F, 0xE1, 0x80, 0x0C, 0x03, 0x00, 0x18, 0x06, 0x00, 0x30, 0xFF, 0xC0,
  0x61, 0xFF, 0x81, 0xFC, 0x30, 0x1F, 0xC0, 0x60, 0x02, 0x1F, 0xFE, 0x0C,
  0x3F, 0xFC, 0x18, 0x03, 0x00, 0x30, 0x06, 0x00, 0xC0, 0x0C, 0x03, 0x00,
  0x18, 0x06, 0x00, 0x30, 0x00, 0x00, 0x00, 0x00, 0x00, 0x00, 0x00, 0x08,
  0x61, 0x80, 0x18, 0x83, 0x00, 0x13, 0x0C, 0x01, 0xFF, 0xFF, 0x00, 0x1C,
  0xC0, 0x00, 0x31, 0x80, 0x00, 0xC1, 0x80, 0x7F, 0xFF, 0xFC, 0x0E, 0x03,
  0x80, 0x18, 0x03, 0x00, 0x61, 0xFB, 0x01, 0x9F, 0x83, 0x8E, 0x02, 0x03,
  0x81, 0xFF, 0xF0, 0x00, 0x1C, 0x00, 0x00, 0x10, 0x00, 0x3F, 0xFF, 0xE0,
  0x00, 0xE0, 0x00, 0x00, 0x80, 0x00, 0x01, 0x00, 0x00, 0x3E, 0x00, 0x00,
  0x00, 0x00, 0x00, 0x00, 0x00, 0x00, 0x18, 0x06, 0x00, 0x30, 0x0C, 0x00,
  0x61, 0xFF, 0xC0, 0xC7, 0xFF, 0x8F, 0xE0, 0x60, 0x1F, 0xC0, 0xC0, 0x06,
  0x01, 0x80, 0x0C, 0x7F, 0xFC, 0x19, 0xFF, 0xF8, 0x30, 0x01, 0x80, 0x78,
  0x03, 0x01, 0xF7, 0xFF, 0x8F, 0x8F, 0xFF, 0x93, 0x00, 0x18, 0x06, 0x08,
  0x30, 0x0C, 0x18, 0x60, 0x18, 0x30, 0xC0, 0x30, 0x31, 0x80, 0x60, 0x63,
  0x00, 0xC0, 0x06, 0x07, 0x00, 0x7C, 0x0C, 0x00, 0x60, 0x00, 0x00, 0x00,
  0x00, 0x18, 0x60, 0x00, 0x30, 0xC0, 0xC0, 0x61, 0x8F, 0x80, 0xC3, 0xF8,
  0x0F, 0xE7, 0x00, 0x1F, 0xEC, 0x03, 0x06, 0x18, 0x06, 0x0C, 0x3F, 0xF8,
  0x18, 0x3F, 0xF0, 0x30, 0x00, 0x00, 0x6C, 0x00, 0x01, 0xFB, 0xFF, 0x8F,
  0x86, 0x03, 0x1B, 0x0C, 0x06, 0x06, 0x18, 0x0C, 0x0C, 0x3F, 0xF8, 0x18,
  0x60, 0x30, 0x30, 0xC0, 0x60, 0x61, 0x80, 0xC0, 0xC3, 0xFF, 0x87, 0x86,
  0x03, 0x0C, 0x00, 0x00, 0x00, 0x00, 0x00, 0x00, 0x18, 0x06, 0x00, 0x30,
  0x0C, 0x00, 0x60, 0x18, 0x00, 0xC7, 0xFF, 0xCF, 0xEF, 0xFF, 0x9F, 0xF0,
  0x03, 0x06, 0x23, 0x06, 0x0C, 0x04, 0x00, 0x18, 0x18, 0x00, 0x31, 0xFF,
  0xF0, 0x7F, 0xFF, 0xE1, 0xF1, 0x82, 0x0F, 0x83, 0x0C, 0x13, 0x04, 0x18,
  0x06, 0x1C, 0x30, 0x0C, 0x3E, 0xC0, 0x18, 0x0F, 0x80, 0x30, 0x0F, 0x80,
  0x60, 0x3B, 0x80, 0xC3, 0xC3, 0x87, 0x9E, 0x01, 0x88, 0x00, 0x00, 0x00,
  0x00, 0x00, 0x00, 0x18, 0x04, 0x00, 0x30, 0x08, 0x00, 0x61, 0x91, 0x80,
  0xC2, 0x22, 0x0F, 0xE4, 0x44, 0x1F, 0xC8, 0x98, 0x06, 0x39, 0x30, 0x0C,
  0x72, 0x70, 0x18, 0xB5, 0xB0, 0x33, 0x3F, 0x30, 0x7C, 0x1C, 0x21, 0xF8,
  0x20, 0x0F, 0x80, 0x40, 0x13, 0x1F, 0xFC, 0x06, 0x3F, 0xFC, 0x0C, 0x02,
  0x00, 0x18, 0x04, 0x00, 0x30, 0x08, 0x00, 0x60, 0x10, 0x00, 0xDF, 0xFF,
  0xC7, 0x3F, 0xFF, 0x8C, 0x00, 0x00, 0x00, 0x00, 0x00, 0x00, 0x10, 0x00,
  0x00, 0x21, 0xFF, 0xE0, 0x43, 0xFF, 0xC0, 0x86, 0x00, 0x0F, 0xEC, 0x00,
  0x1F, 0xDB, 0xFE, 0x04, 0x30, 0x00, 0x08, 0x60, 0x00, 0x10, 0xC0, 0x00,
  0x21, 0xFF, 0xF0, 0x7B, 0xEC, 0x03, 0xE4, 0x88, 0x0F, 0x09, 0x13, 0x02,
  0x12, 0x3E, 0x04, 0x64, 0x70, 0x08, 0xC8, 0x40, 0x11, 0x90, 0xC0, 0x22,
  0x21, 0x80, 0x4C, 0x6D, 0x80, 0x99, 0xF9, 0x87, 0x27, 0x01, 0x8C, 0x00,
  0x00, 0x00, 0x00, 0x00, 0x00, 0x18, 0x20, 0xC0, 0x18, 0x43, 0x00, 0x31,
  0xCE, 0x03, 0xFF, 0xFF, 0x86, 0x00, 0x01, 0x0C, 0x00, 0x02, 0x1B, 0xFF,
  0xE4, 0x26, 0x00, 0xC8, 0x0C, 0x01, 0x80, 0x1F, 0xFF, 0x00, 0x00, 0x00,
  0x00, 0x01, 0xFE, 0x01, 0xFF, 0x00, 0x00, 0x04, 0x00, 0x0F, 0xFF, 0xF8,
  0x00, 0x30, 0x00, 0x00, 0x60, 0x01, 0xFF, 0xFF, 0xF0, 0x00, 0x80, 0x00,
  0x01, 0x00, 0x00, 0x3E, 0x00, 0x00, 0x00, 0x00, 0x00, 0x00, 0x00, 0x00,
  0x10, 0x19, 0x80, 0x20, 0x33, 0x00, 0x40, 0x66, 0x00, 0x87, 0xCF, 0x8F,
  0xFF, 0x9F, 0x9F, 0xC3, 0x30, 0x04, 0x06, 0x60, 0x08, 0x0C, 0xC0, 0x10,
  0xF9, 0xF0, 0x23, 0xF3, 0xE0, 0x78, 0x66, 0x03, 0xE0, 0x8C, 0x0F, 0x81,
  0x18, 0x12, 0x02, 0x30, 0x04, 0x3C, 0x7E, 0x09, 0xD8, 0xFC, 0x10, 0x31,
  0x80, 0x20, 0xC3, 0x00, 0x41, 0x86, 0x00, 0x86, 0x0C, 0x07, 0x18, 0x18,
  0x0C, 0x00, 0x20, 0x00, 0x00, 0x00, 0x00, 0x10, 0x00, 0x60, 0x21, 0xFF,
  0xC0, 0x43, 0xE0, 0x00, 0x80, 0x00, 0x8F, 0xE8, 0xC1, 0x1F, 0xD8, 0x86,
  0x04, 0x11, 0x88, 0x08, 0x23, 0x30, 0x10, 0x40, 0x40, 0x20, 0x0C, 0x00,
  0x78, 0x18, 0x01, 0xF7, 0xFF, 0x8F, 0x9F, 0xFF, 0x92, 0x01, 0xE0, 0x04,
  0x07, 0xE0, 0x08, 0x1B, 0x60, 0x10, 0x66, 0x60, 0x21, 0xCC, 0xE0, 0x46,
  0x18, 0xE0, 0x88, 0x30, 0xC7, 0x00, 0x60, 0x0C, 0x00, 0x00, 0x00, 0x00,
  0x00, 0x00, 0x10, 0x00, 0x00, 0x21, 0xFF, 0xF0, 0x43, 0x00, 0x60, 0x84,
  0xC8, 0xCF, 0xE9, 0x91, 0x9F, 0xC3, 0x20, 0x04, 0x0C, 0x42, 0x08, 0x18,
  0xCC, 0x10, 0xE1, 0xF8, 0x21, 0x0C, 0x00, 0x78, 0x18, 0x01, 0xF0, 0x30,
  0x0F, 0x9F, 0xFF, 0x92, 0x1F, 0xFE, 0x04, 0x07, 0xC0, 0x08, 0x0B, 0xC0,
  0x10, 0x36, 0xC0, 0x20, 0xCC, 0xC0, 0x47, 0x18, 0xC0, 0x9C, 0x30, 0xC7,
  0x00, 0x60, 0x0C, 0x00, 0x80, 0x00, 0x00, 0x00, 0x00, 0x18, 0x06, 0x00,
  0x30, 0x0C, 0x00, 0x63, 0xFF, 0xC0, 0xC1, 0x87, 0x0F, 0xE3, 0x0C, 0x1F,
  0xC6, 0x18, 0x06, 0x04, 0x20, 0x0C, 0x1C, 0xC0, 0x19, 0xFF, 0xF8, 0x30,
  0x18, 0x00, 0x78, 0x60, 0x00, 0xF8, 0xC0, 0x0F, 0x9F, 0xFF, 0x9B, 0x06,
  0x18, 0x06, 0x08, 0x30, 0x0C, 0x30, 0xC0, 0x18, 0x79, 0x80, 0x30, 0xBE,
  0x00, 0x60, 0x3E, 0x00, 0xC1, 0xE7, 0x07, 0x9F, 0x03, 0x0C, 0x20, 0x00,
  0x00, 0x00, 0x00, 0x00, 0x10, 0x06, 0x00, 0x20, 0x0C, 0x00, 0x47, 0xFF,
  0xE0, 0x8C, 0xCC, 0xCF, 0xD9, 0x99, 0x9F, 0xF3, 0x33, 0x04, 0x04, 0x60,
  0x08, 0x18, 0xCC, 0x10, 0x31, 0x98, 0x21, 0xC3, 0xE0, 0x7B, 0x00, 0x03,
  0xE0, 0x00, 0x0F, 0x0F, 0xFF, 0x02, 0x1F, 0xFE, 0x04, 0x01, 0x80, 0x08,
  0x03, 0x00, 0x10, 0x06, 0x00, 0x20, 0x0C, 0x00, 0x40, 0x18, 0x00, 0x8F,
  0xFF, 0xC7, 0x1F, 0xFF, 0x8C, 0x00, 0x00, 0x00, 0x00, 0x00, 0x00, 0x18,
  0x10, 0xC0, 0x30, 0x21, 0x80, 0x61, 0xFF, 0xC0, 0xC7, 0xFF, 0xCF, 0xE1,
  0x0C, 0x1F, 0xC2, 0x18, 0x06, 0x04, 0x30, 0x0C, 0x7F, 0xFC, 0x19, 0xFF,
  0xF8, 0x30, 0x00, 0x00, 0x68, 0x00, 0x01, 0xF3, 0xFF, 0x8F, 0x86, 0x07,
  0x1B, 0x0C, 0x06, 0x06, 0x18, 0x0C, 0x0C, 0x3F, 0xF8, 0x18, 0x60, 0x30,
  0x30, 0xC0, 0x60, 0x61, 0x80, 0xC3, 0xC3, 0xFF, 0x87, 0x06, 0x07, 0x00,
  0x00, 0x00, 0x00, 0x00, 0x00, 0x00, 0x10, 0x00, 0x00, 0x21, 0xFF, 0xC0,
  0x43, 0x00, 0x80, 0x86, 0x03, 0x0F, 0xEF, 0xFE, 0x1F, 0xD8, 0x04, 0x04,
  0x30, 0x18, 0x08, 0x7F, 0xF0, 0x10, 0x00, 0x00, 0x20, 0x00, 0x00, 0x6F,
  0xFF, 0xE1, 0xF0, 0x30, 0x0F, 0x80, 0x60, 0x12, 0x08, 0xC0, 0x04, 0x11,
  0xF8, 0x08, 0x63, 0x00, 0x10, 0xE6, 0x00, 0x23, 0x4C, 0x00, 0x46, 0xF8,
  0x03, 0x98, 0xFC, 0x07, 0x20, 0x7F, 0x80, 0x00, 0x00, 0x00, 0x00, 0x00,
  0x00, 0x10, 0x10, 0x00, 0x20, 0x60, 0x00, 0x41, 0xFE, 0x00, 0x83, 0x08,
  0x0F, 0xEC, 0x30, 0x1F, 0xFF, 0xFE, 0x04, 0x36, 0xCC, 0x08, 0x4C, 0x98,
  0x10, 0x99, 0x30, 0x31, 0xE3, 0xE0, 0x7B, 0x80, 0xC7, 0xE4, 0x01, 0x8F,
  0x08, 0x43, 0x02, 0x00, 0x80, 0x04, 0x7F, 0xFE, 0x08, 0x07, 0x80, 0x10,
  0x0F, 0x00, 0x20, 0x36, 0x00, 0x40, 0xC6, 0x00, 0x87, 0x87, 0x07, 0x3C,
  0x03, 0x8C, 0x00, 0x00, 0x00, 0x00, 0x00, 0x00, 0x10, 0x00, 0x00, 0x21,
  0xFF, 0xE0, 0x42, 0x00, 0x40, 0x84, 0x00, 0x8F, 0xEC, 0x03, 0x1F, 0xDF,
  0xFE, 0x04, 0x20, 0x00, 0x08, 0x60, 0x00, 0x10, 0xFF, 0xF8, 0x21, 0x18,
  0x00, 0x7A, 0x21, 0x03, 0xE4, 0xC3, 0x0F, 0x0F, 0xFF, 0x02, 0x10, 0x63,
  0x04, 0x60, 0x80, 0x08, 0xC1, 0x80, 0x11, 0xBF, 0xF0, 0x22, 0x04, 0x00,
  0x4C, 0x08, 0x00, 0x98, 0x18, 0x07, 0x2F, 0xFF, 0x8C, 0x00, 0x00, 0x00,
  0x00, 0x00, 0x00, 0x18, 0x03, 0xE0, 0x33, 0xFF, 0x80, 0x60, 0x10, 0x80,
  0xC6, 0x23, 0x0F, 0xE4, 0x44, 0x1F, 0xC8, 0x98, 0x06, 0x3F, 0xFC, 0x0C,
  0x1C, 0x00, 0x18, 0x10, 0x00, 0x30, 0x60, 0x00, 0x67, 0xFF, 0xE0, 0xF1,
  0x80, 0x07, 0xE3, 0x00, 0x1F, 0x07, 0xFC, 0x06, 0x1C, 0x18, 0x0C, 0x3C,
  0x60, 0x18, 0xCC, 0xC0, 0x31, 0x8F, 0x00, 0x66, 0x1E, 0x00, 0x98, 0xFF,
  0x07, 0x67, 0x87, 0x8C, 0x00, 0x00, 0x00, 0x00, 0x00, 0x00, 0x10, 0x30,
  0x80, 0x20, 0x63, 0x80, 0x47, 0xFF, 0xC0, 0x81, 0x84, 0x07, 0xC1, 0x08,
  0x1F, 0xDF, 0xFC, 0x04, 0x30, 0x18, 0x08, 0x60, 0x10, 0x10, 0xFF, 0xE0,
  0x21, 0x80, 0xC0, 0x7B, 0x00, 0x83, 0xF7, 0xFF, 0x0F, 0x00, 0xE0, 0x02,
  0x00, 0x80, 0x04, 0x03, 0x80, 0x08, 0xFF, 0xF8, 0x10, 0x0F, 0x00, 0x20,
  0x33, 0x00, 0x40, 0xC7, 0x03, 0x8F, 0x07, 0x87, 0x38, 0x03, 0x00, 0x00,
  0x00, 0x00, 0x00, 0x02, 0x00, 0x10, 0x46, 0x20, 0x20, 0xCC, 0xC0, 0x41,
  0x99, 0x00, 0x8F, 0xFF, 0xCF, 0xF8, 0x01, 0x9F, 0xF0, 0x03, 0x04, 0x7F,
  0xFE, 0x08, 0x30, 0x30, 0x10, 0x60, 0x60, 0x30, 0xFF, 0xC0, 0x78, 0x00,
  0x03, 0xE0, 0x00, 0x0F, 0x87, 0xFF, 0x02, 0x08, 0x18, 0x04, 0x10, 0x30,
  0x08, 0xFF, 0xFC, 0x10, 0x07, 0xC0, 0x20, 0x0D, 0x80, 0x40, 0x73, 0x00,
  0x87, 0x86, 0x07, 0x1C, 0x7C, 0x0C, 0x00, 0x00, 0x00, 0x00, 0x00, 0x00,
  0x10, 0x61, 0x80, 0x20, 0xC3, 0x00, 0x4F, 0xF6, 0x00, 0x86, 0x08, 0x0F,
  0xCC, 0x1F, 0x9F, 0x93, 0x7F, 0x04, 0x62, 0xCC, 0x09, 0xFF, 0x98, 0x10,
  0x07, 0x30, 0x20, 0x0E, 0x40, 0x77, 0xE4, 0x83, 0xE8, 0x4D, 0x0F, 0x10,
  0x8E, 0x02, 0x3F, 0x1C, 0x04, 0x46, 0x30, 0x08, 0x84, 0x60, 0x11, 0xF8,
  0xE0, 0x23, 0x33, 0xC0, 0x44, 0x24, 0xC0, 0x88, 0x58, 0xCF, 0x13, 0xE1,
  0x80, 0x00, 0x00, 0x00, 0x00, 0x00, 0x00, 0x18, 0x07, 0xE0, 0x33, 0xFF,
  0x00, 0x60, 0x18, 0x00, 0xC3, 0x33, 0x0F, 0xE6, 0x64, 0x1F, 0xC4, 0xD8,
  0x06, 0x7F, 0xFE, 0x0C, 0x0F, 0xC0, 0x18, 0x1F, 0x80, 0x30, 0xED, 0x80,
  0x7B, 0x99, 0xC1, 0xFC, 0x20, 0xCF, 0x9F, 0xFF, 0x13, 0x18, 0xC4, 0x06,
  0x31, 0x08, 0x0C, 0x63, 0x10, 0x18, 0xFF, 0xE0, 0x31, 0x88, 0x40, 0x63,
  0x10, 0x80, 0x87, 0xFF, 0x07, 0x0C, 0x02, 0x0C, 0x00, 0x00, 0x00, 0x00,
  0x00, 0x00, 0x10, 0x00, 0x00, 0x21, 0xFF, 0xE0, 0x42, 0x26, 0x40, 0x84,
  0x4C, 0x8F, 0xEF, 0xFF, 0x1F, 0xC0, 0xC0, 0x04, 0x01, 0x80, 0x08, 0x7F,
  0xF8, 0x10, 0x06, 0x00, 0x20, 0x0C, 0x00, 0x7F, 0xFF, 0xE3, 0xE1, 0x87,
  0x0F, 0x03, 0x0C, 0x12, 0x02, 0x10, 0x04, 0x7F, 0xFE, 0x08, 0x03, 0x00,
  0x10, 0x06, 0x00, 0x21, 0xFF, 0xE0, 0x40, 0x18, 0x00, 0x80, 0x30, 0x07,
  0x00, 0x60, 0x0C, 0x00, 0x80, 0x00, 0x00, 0x00, 0x00, 0x10, 0x00, 0x00,
  0x20, 0x7F, 0x80, 0x40, 0x83, 0x00, 0x81, 0x06, 0x07, 0xC2, 0x0C, 0x1F,
  0x87, 0xF8, 0x04, 0x00, 0x00, 0x08, 0xFD, 0xF8, 0x11, 0x8B, 0x10, 0x23,
  0x16, 0x20, 0x76, 0x2C, 0x41, 0xEF, 0xDF, 0x8F, 0x80, 0x60, 0x1A, 0x00,
  0xC0, 0x04, 0x7F, 0xFE, 0x08, 0x0F, 0x80, 0x10, 0x1F, 0x80, 0x20, 0xED,
  0x80, 0x43, 0x99, 0xC0, 0x9C, 0x31, 0xC7, 0x20, 0x60, 0x00, 0x00, 0x00,
  0x00, 0x00, 0x00, 0x00, 0x11, 0x06, 0x01, 0xFF, 0xC8, 0x00, 0x44, 0x3F,
  0xE1, 0x80, 0x63, 0x03, 0xFD, 0xC6, 0x0C, 0x0E, 0xD8, 0x3F, 0x90, 0xE0,
  0x11, 0x61, 0xC0, 0x3E, 0xDE, 0xE0, 0x47, 0x70, 0xF0, 0x00, 0x00, 0x40,
  0x00, 0xFC, 0x01, 0xFF, 0xE0, 0x00, 0x04, 0x00, 0x0F, 0xFF, 0xF8, 0x00,
  0x38, 0x00, 0x00, 0x70, 0x01, 0xFF, 0xFF, 0xF0, 0x00, 0x80, 0x00, 0x01,
  0x00, 0x00, 0x1E, 0x00, 0x00, 0x00, 0x00, 0x00, 0x00, 0x00, 0x00, 0x10,
  0x30, 0x00, 0x20, 0x7F, 0x00, 0x41, 0x84, 0x00, 0x86, 0x18, 0x0F, 0xFF,
  0xFF, 0x9F, 0xF9, 0xB0, 0x04, 0x62, 0x64, 0x08, 0x68, 0x78, 0x10, 0xE0,
  0x00, 0x21, 0x3F, 0x80, 0x7A, 0x00, 0x03, 0xF7, 0xFF, 0xCF, 0x88, 0x00,
  0x12, 0x13, 0xFC, 0x04, 0x20, 0x00, 0x08, 0xCF, 0xF0, 0x11, 0x80, 0x00,
  0x22, 0x7F, 0xC0, 0x4C, 0xC0, 0x80, 0x99, 0x81, 0x07, 0x23, 0xFE, 0x0C,
  0x00, 0x04, 0x00, 0x00, 0x00, 0x00, 0x11, 0x00, 0x00, 0x22, 0x2F, 0xE0,
  0x47, 0xC0, 0xC0, 0x8C, 0x03, 0x0F, 0xD0, 0x3C, 0x1F, 0xA1, 0x38, 0x04,
  0x7E, 0x18, 0x08, 0xC0, 0x00, 0x11, 0x07, 0xF8, 0x22, 0x01, 0xB0, 0x7F,
  0xC2, 0x43, 0xD2, 0x04, 0x8F, 0x24, 0x68, 0x02, 0x18, 0xD8, 0x05, 0xFF,
  0xBC, 0x08, 0x62, 0x40, 0x10, 0xC6, 0x80, 0x21, 0xCD, 0x00, 0x46, 0xFE,
  0x00, 0x98, 0x4E, 0x0F, 0x61, 0x8F, 0x80, 0x00, 0x00, 0x00, 0x00, 0x00,
  0x00, 0x00, 0x20, 0x00, 0x00, 0x40, 0x00, 0x00, 0x80, 0x03, 0xFF, 0xFF,
  0x87, 0xFF, 0xFF, 0x00, 0x04, 0x00, 0x00, 0x08, 0x00, 0x00, 0x10, 0x00,
  0x00, 0x20, 0x00, 0x7F, 0xFF, 0x80, 0xFF, 0xFF, 0x00, 0x60, 0x0C, 0x00,
  0x60, 0x38, 0x00, 0x60, 0x60, 0x00, 0xE1, 0x80, 0x00, 0xEE, 0x00, 0x00,
  0xF8, 0x00, 0x01, 0xF0, 0x00, 0x1F, 0x78, 0x01, 0xF8, 0x3F, 0x0F, 0x80,
  0x0F, 0x80, 0x00, 0x00, 0x00, 0x00, 0x00, 0x00, 0x03, 0x0C, 0x00, 0x06,
  0x30, 0x00, 0x8C, 0x60, 0x03, 0x18, 0xC0, 0x06, 0x31, 0xFF, 0x8C, 0x67,
  0xFF, 0x18, 0xCC, 0x08, 0x31, 0xBC, 0x30, 0x63, 0x78, 0x60, 0xC7, 0x90,
  0xC1, 0x8E, 0x33, 0x03, 0x18, 0x66, 0x06, 0x30, 0x48, 0x0C, 0xE0, 0xF0,
  0x1F, 0xC1, 0xC0, 0x79, 0x81, 0x80, 0x03, 0x07, 0x80, 0x06, 0x1B, 0x80,
  0x0C, 0xE3, 0x80, 0x1B, 0x83, 0xC0, 0x3E, 0x01, 0x80, 0x00, 0x00, 0x00,
  0x00, 0x00, 0x00, 0x00, 0x0C, 0x00, 0xFE, 0x18, 0x01, 0xFC, 0x60, 0x00,
  0x08, 0xC0, 0x00, 0x11, 0xFF, 0x80, 0x27, 0xFF, 0x00, 0x4E, 0x18, 0x00,
  0xBC, 0x30, 0x7F, 0xF8, 0x40, 0xFF, 0x90, 0x81, 0x00, 0x33, 0x02, 0x00,
  0x66, 0x04, 0x00, 0x78, 0x08, 0x00, 0xF0, 0x10, 0x20, 0xC0, 0x20, 0x41,
  0x80, 0x7F, 0x8F, 0x80, 0xFE, 0x39, 0x80, 0x00, 0xE3, 0x80, 0x07, 0x83,
  0xC0, 0x0C, 0x01, 0x80, 0x00, 0x00, 0x00, 0x00, 0x00, 0x00, 0x0C, 0x04,
  0x00, 0x18, 0x18, 0x00, 0x30, 0x30, 0x07, 0xFE, 0x60, 0x0F, 0xFC, 0xFF,
  0x82, 0x03, 0xFF, 0x04, 0x06, 0x08, 0x08, 0x0C, 0x30, 0x1F, 0xBC, 0x60,
  0x3F, 0xF8, 0xC0, 0x43, 0x91, 0x00, 0x84, 0x36, 0x01, 0x18, 0x6C, 0x02,
  0x30, 0x70, 0x0C, 0x60, 0xE0, 0x18, 0xC1, 0x80, 0x31, 0x87, 0x80, 0x43,
  0x1D, 0x81, 0x86, 0x73, 0x86, 0x0D, 0xC3, 0x8C, 0xF6, 0x01, 0x80, 0x80,
  0x00, 0x00, 0x00, 0x00, 0x00, 0x06, 0x06, 0x00, 0x0C, 0x0C, 0x00, 0x18,
  0x18, 0x07, 0xFF, 0x20, 0x0F, 0xFE, 0xFF, 0x80, 0x01, 0xFF, 0x0C, 0x63,
  0x08, 0x18, 0x6E, 0x30, 0x60, 0x7C, 0x61, 0x80, 0xEC, 0xC1, 0x06, 0xD9,
  0x81, 0x98, 0x16, 0x01, 0xB0, 0x3C, 0x01, 0xC0, 0x70, 0x01, 0x80, 0x60,
  0x07, 0x80, 0xC0, 0x0D, 0x83, 0xC0, 0x33, 0x8D, 0x80, 0xC2, 0x31, 0x83,
  0x01, 0xC1, 0x8C, 0x03, 0x01, 0x80, 0x00, 0x00, 0x00, 0x00, 0x00, 0x00,
  0x00, 0x0C, 0x00, 0xFF, 0x18, 0x01, 0x86, 0x30, 0x03, 0x0C, 0x60, 0x06,
  0x19, 0xFF, 0x8F, 0xF3, 0xFF, 0x18, 0x66, 0x18, 0x30, 0xDC, 0x30, 0x61,
  0xF8, 0x60, 0xC3, 0xD8, 0x81, 0xFF, 0x33, 0x03, 0x0C, 0x26, 0x06, 0x18,
  0x6C, 0x0C, 0x30, 0xF0, 0x1F, 0xE0, 0xE0, 0x00, 0x01, 0x80, 0x33, 0x07,
  0x80, 0x62, 0x1D, 0x81, 0x86, 0x73, 0x83, 0x07, 0xC3, 0xCC, 0x06, 0x01,
  0x80, 0x00, 0x00, 0x00, 0x00, 0x00, 0x00, 0x04, 0x06, 0x01, 0xFF, 0xCC,
  0x00, 0x18, 0x1F, 0xE0, 0x20, 0x63, 0x87, 0xFD, 0xC6, 0x08, 0x8F, 0xCC,
  0x19, 0x14, 0xB0, 0x3F, 0xE1, 0xC0, 0x0F, 0x03, 0x80, 0x6F, 0x8F, 0x81,
  0x91, 0xF1, 0xE2, 0x20, 0x80, 0xC0, 0x00, 0x00, 0x07, 0xFF, 0xFC, 0x00,
  0x08, 0x00, 0x00, 0x10, 0x00, 0x0C, 0x3F, 0xC0, 0x18, 0x60, 0x00, 0x30,
  0x80, 0x00, 0x63, 0x80, 0x0F, 0xFF, 0xFF, 0x80, 0x00, 0x00, 0x00, 0x06,
  0x03, 0x00, 0x7F, 0xC4, 0x00, 0x99, 0x88, 0x03, 0x33, 0x30, 0x0F, 0xFF,
  0x7F, 0x84, 0xCC, 0xFF, 0x0F, 0xF9, 0x8C, 0x03, 0x07, 0x10, 0x06, 0x0E,
  0x20, 0xFF, 0xF4, 0xC1, 0x18, 0xE9, 0x83, 0xFF, 0x1A, 0x00, 0xC0, 0x3C,
  0x01, 0x00, 0x38, 0x3F, 0xFC, 0x60, 0x1C, 0x60, 0xC0, 0x30, 0xC3, 0xC0,
  0x7B, 0x07, 0xC0, 0x1E, 0x19, 0x80, 0xFE, 0x61, 0x87, 0x85, 0x81, 0x80,
  0x00, 0x00, 0x00, 0x00, 0x10, 0x00, 0x00, 0x20, 0x00, 0x00, 0x40, 0x00,
  0x00, 0x80, 0x07, 0xFF, 0xFF, 0xCF, 0xFF, 0xFF, 0x81, 0x80, 0x30, 0x03,
  0x00, 0x60, 0x03, 0x01, 0x80, 0x06, 0x03, 0x00, 0x06, 0x0C, 0x00, 0x0C,
  0x18, 0x00, 0x0C, 0x60, 0x00, 0x1D, 0xC0, 0x00, 0x1F, 0x00, 0x00, 0x1C,
  0x00, 0x00, 0x7C, 0x00, 0x01, 0xDC, 0x00, 0x0F, 0x1E, 0x00, 0x78, 0x0F,
  0x03, 0xC0, 0x0F, 0x8E, 0x00, 0x07, 0x00, 0x00, 0x00, 0x00, 0x00, 0x00,
  0x00, 0x08, 0x00, 0x40, 0x91, 0x00, 0x81, 0x26, 0x71, 0x02, 0x4C, 0x72,
  0x06, 0x90, 0x24, 0x0D, 0x20, 0x08, 0x1A, 0xC0, 0x10, 0x7F, 0xC0, 0x20,
  0xFF, 0xB0, 0x40, 0x38, 0x30, 0x80, 0x70, 0x31, 0x01, 0xF0, 0x02, 0x03,
  0xB0, 0x04, 0x85, 0x20, 0x3F, 0x1A, 0x6F, 0xF8, 0x24, 0x3C, 0x20, 0xC8,
  0x00, 0x41, 0x10, 0x00, 0x80, 0x20, 0x01, 0x00, 0x40, 0x02, 0x00, 0x80,
  0x04, 0x00, 0x00, 0x00, 0x00, 0x00, 0x00, 0x00, 0x04, 0x00, 0x30, 0x08,
  0x07, 0xE3, 0xFF, 0xBC, 0x01, 0x8C, 0x40, 0x03, 0x18, 0x80, 0x06, 0x31,
  0x00, 0x04, 0x42, 0x00, 0x19, 0x87, 0xFC, 0xFF, 0xEF, 0xF8, 0x08, 0x10,
  0x80, 0x10, 0x21, 0x00, 0x70, 0x42, 0x0F, 0xFE, 0x84, 0x01, 0x83, 0x08,
  0x07, 0x86, 0x10, 0x0F, 0xCC, 0x20, 0x34, 0xD0, 0x40, 0xC8, 0x60, 0x83,
  0x10, 0xC1, 0x00, 0x23, 0x02, 0x00, 0x44, 0x04, 0x00, 0x00, 0x00, 0x00,
  0x00, 0x00, 0x00, 0x00, 0x20, 0x00, 0x00, 0x40, 0x00, 0x00, 0x80, 0x00,
  0x01, 0x00, 0x0F, 0xFF, 0xFF, 0x8F, 0xFF, 0xFE, 0x00, 0x60, 0x00, 0x00,
  0xC0, 0x00, 0x01, 0x80, 0x00, 0x03, 0xFF, 0x80, 0x07, 0xFF, 0x00, 0x08,
  0x06, 0x00, 0x30, 0x0C, 0x00, 0x60, 0x18, 0x00, 0xC0, 0x30, 0x03, 0x00,
  0x40, 0x06, 0x00, 0x80, 0x18, 0x03, 0x00, 0x60, 0x06, 0x03, 0x80, 0x0C,
  0x0E, 0x03, 0xF0, 0x00, 0x03, 0xC0, 0x00, 0x0F, 0xFF, 0xE0, 0x1F, 0xFF,
  0xC0, 0x30, 0x01, 0x80, 0x60, 0x03, 0x00, 0xC0, 0x06, 0x01, 0x80, 0x0C,
  0x03, 0x00, 0x18, 0x06, 0x00, 0x30, 0x0F, 0xFF, 0xE0, 0x1F, 0xFF, 0xC0,
  0x30, 0x01, 0x80, 0x60, 0x03, 0x00, 0xC0, 0x06, 0x01, 0x80, 0x0C, 0x03,
  0x00, 0x18, 0x06, 0x00, 0x30, 0x0C, 0x00, 0x60, 0x1F, 0xFF, 0xC0, 0x3F,
  0xFF, 0x80, 0x60, 0x03, 0x00, 0x00, 0x00, 0x00, 0x00, 0x0F, 0xF8, 0x7F,
  0x1F, 0xF0, 0xFE, 0x20, 0x21, 0x84, 0x40, 0x43, 0x08, 0x80, 0x86, 0x11,
  0x01, 0x0C, 0x23, 0xFE, 0x1F, 0xC7, 0xFC, 0x3F, 0x88, 0x08, 0x61, 0x30,
  0x10, 0xC2, 0x60, 0x21, 0x84, 0xC0, 0x43, 0x09, 0xFF, 0x87, 0xF3, 0xFF,
  0x0F, 0xE6, 0x02, 0x18, 0x08, 0x04, 0x30, 0x30, 0x08, 0x00, 0x60, 0x10,
  0x01, 0x80, 0x20, 0x07, 0x00, 0xC0, 0x0C, 0x0F, 0x80, 0x10, 0x1C, 0x00,
  0x00, 0x00, 0x00, 0x1F, 0xFF, 0xC0, 0x30, 0x01, 0x80, 0x60, 0x03, 0x00,
  0xFF, 0xFE, 0x01, 0x80, 0x0C, 0x03, 0x00, 0x18, 0x06, 0x00, 0x30, 0x0F,
  0xFF, 0xE0, 0x0C, 0x00, 0x00, 0x18, 0x40, 0x00, 0x71, 0xC0, 0x01, 0xFF,
  0xFF, 0x07, 0x02, 0x00, 0x0C, 0x04, 0x00, 0x07, 0xFF, 0xF0, 0x00, 0x38,
  0x00, 0x00, 0x20, 0x00, 0x00, 0x40, 0x01, 0xFF, 0xFF, 0xC3, 0xFF, 0xFF,
  0x80, 0x00, 0x00, 0x00, 0x1F, 0xFF, 0xC0, 0x20, 0x01, 0x80, 0x60, 0x03,
  0x00, 0xFF, 0xFE, 0x01, 0x00, 0x0C, 0x02, 0x00, 0x18, 0x07, 0xFF, 0xF0,
  0x00, 0x00, 0x00, 0x00, 0x00, 0x01, 0xFF, 0xFF, 0xF1, 0xFF, 0xFF, 0xC0,
  0x01, 0x80, 0x00, 0xC3, 0x00, 0x01, 0x87, 0xFC, 0x03, 0x0F, 0xF8, 0x0E,
  0x18, 0x00, 0x1E, 0x30, 0x00, 0x67, 0x60, 0x01, 0x87, 0xFF, 0xE6, 0x01,
  0xFF, 0xC0, 0x00, 0x00, 0x00, 0x00, 0x00, 0x00, 0x00, 0x06, 0x00, 0xFC,
  0x0C, 0x01, 0xF9, 0xFF, 0xC2, 0x13, 0xFF, 0x84, 0x20, 0x60, 0x08, 0x40,
  0xC0, 0x10, 0x81, 0x80, 0x21, 0xFF, 0xFC, 0x7F, 0xFF, 0xF8, 0xCC, 0x00,
  0x81, 0x08, 0x01, 0x02, 0x17, 0xFF, 0x84, 0x3F, 0xFF, 0x88, 0x40, 0x08,
  0x10, 0x88, 0x10, 0x3F, 0x18, 0x20, 0x7E, 0x18, 0x40, 0x80, 0x30, 0x81,
  0x00, 0x21, 0x00, 0x00, 0x06, 0x00, 0x00, 0x7C, 0x00, 0x00, 0x60, 0x00,
  0x00, 0x00, 0x00, 0x1F, 0xFF, 0xC0, 0x30, 0x01, 0x80, 0x7F, 0xFF, 0x00,
  0xC0, 0x06, 0x01, 0x80, 0x0C, 0x03, 0xFF, 0xF8, 0x00, 0x08, 0x00, 0x00,
  0x38, 0x00, 0xFF, 0xFF, 0xF8, 0x00, 0x00, 0x00, 0x3F, 0xFE, 0x00, 0x40,
  0x04, 0x00, 0x80, 0x08, 0x01, 0x00, 0x10, 0x03, 0xFF, 0xE0, 0x00, 0x38,
  0x00, 0x06, 0x23, 0x00, 0x38, 0x43, 0x81, 0xC0, 0x81, 0xC2, 0x0F, 0x00,
  0x80, 0x00, 0x00, 0x00, 0x00, 0x00, 0x00, 0x0F, 0xFF, 0x80, 0x18, 0x03,
  0x00, 0x30, 0x06, 0x00, 0x7F, 0xFC, 0x00, 0xC0, 0x18, 0x01, 0x80, 0x30,
  0x03, 0x00, 0x60, 0x07, 0xFF, 0xC0, 0x00, 0x00, 0x00, 0x00, 0x00, 0x01,
  0xFE, 0x3F, 0xC3, 0xFC, 0x7F, 0x86, 0x08, 0x83, 0x0C, 0x11, 0x06, 0x1F,
  0xE3, 0xFC, 0x30, 0x44, 0x18, 0x60, 0x88, 0x30, 0xC1, 0x10, 0x61, 0xFE,
  0x3F, 0xC3, 0x0C, 0x61, 0x80, 0x00, 0x00, 0x00, 0x00, 0x00, 0x00, 0x00,
  0x06, 0x00, 0xFC, 0x0C, 0x01, 0xFB, 0xFF, 0xE2, 0x17, 0xFF, 0x84, 0x23,
  0x06, 0x08, 0x42, 0x08, 0x10, 0x86, 0x30, 0x21, 0x7F, 0xFC, 0x7F, 0xFF,
  0xF8, 0xCC, 0x00, 0x01, 0x08, 0x00, 0x02, 0x13, 0xFF, 0x84, 0x26, 0x03,
  0x08, 0x4C, 0x06, 0x10, 0x98, 0x0C, 0x3F, 0x3F, 0xF8, 0x7E, 0x60, 0x30,
  0x80, 0xC0, 0x61, 0x01, 0x80, 0xC0, 0x03, 0xFF, 0x80, 0x06, 0x07, 0x00,
  0x00, 0x00, 0x00, 0x00, 0x00, 0x00, 0x04, 0x00, 0xF1, 0xFF, 0xDF, 0x80,
  0x10, 0x20, 0x03, 0xFE, 0x40, 0x04, 0x44, 0x80, 0x0F, 0xF9, 0xFF, 0x11,
  0x12, 0x30, 0x3F, 0xEC, 0x60, 0x04, 0x18, 0xC1, 0xFF, 0xE1, 0x80, 0x11,
  0xC3, 0x00, 0x21, 0x02, 0x00, 0x00, 0x00, 0x03, 0xFF, 0xF8, 0x06, 0x00,
  0x30, 0x0C, 0x00, 0x60, 0x1F, 0xFF, 0xC0, 0x30, 0x01, 0x80, 0x60, 0x03,
  0x00, 0xFF, 0xFE, 0x01, 0x80, 0x0C, 0x00, 0x00, 0x00, 0x00, 0x00, 0x00,
  0x00, 0x1F, 0xFF, 0xC0, 0x30, 0x00, 0x80, 0x7F, 0xFF, 0x00, 0xC0, 0x06,
  0x01, 0x80, 0x04, 0x03, 0xFF, 0xF8, 0x00, 0xC1, 0x80, 0x01, 0x83, 0x00,
  0x3F, 0xFF, 0xE0, 0x06, 0x0C, 0x00, 0x0C, 0x18, 0x07, 0xFF, 0xFF, 0xC0,
  0x70, 0x38, 0x01, 0x84, 0x38, 0x0F, 0x88, 0xFC, 0x71, 0x93, 0x0C, 0x00,
  0xA8, 0x00, 0x0F, 0x5E, 0x00, 0xF0, 0x87, 0x00, 0x8F, 0x02, 0x00, 0x00,
  0x00, 0x00, 0x00, 0x30, 0x00, 0x00, 0x60, 0x00, 0x7F, 0xFF, 0xC0, 0xC1,
  0x81, 0x81, 0x83, 0x03, 0x03, 0x06, 0x06, 0x06, 0x0E, 0x0C, 0x0F, 0xFF,
  0xF8, 0x18, 0x10, 0x30, 0x30, 0x20, 0x60, 0x60, 0x60, 0xC0, 0xFF, 0xFF,
  0x81, 0xFF, 0xFE, 0x03, 0x01, 0x0C, 0x00, 0x03, 0x30, 0x00, 0x06, 0xC0,
  0x00, 0x07, 0x00, 0x00, 0x3C, 0x18, 0x03, 0xFC, 0x30, 0x7E, 0x1C, 0x63,
  0xF0, 0x1F, 0x80, 0x00, 0x06, 0x00, 0x3F, 0xFF, 0xF8, 0x7F, 0xFF, 0xF0,
  0x00, 0x40, 0x00, 0x01, 0xC0, 0x00, 0xFF, 0xFF, 0x01, 0x02, 0x06, 0x02,
  0x04, 0x0C, 0x06, 0x1C, 0x18, 0x0F, 0xFF, 0xF0, 0x10, 0x20, 0x60, 0x20,
  0x40, 0xC0, 0x7F, 0xFF, 0x80, 0x43, 0x80, 0x00, 0x86, 0x00, 0x01, 0x9C,
  0x00, 0x01, 0xF0, 0x00, 0x01, 0xE0, 0x00, 0x0F, 0xF0, 0x00, 0xF8, 0x7F,
  0xF1, 0xC0, 0x07, 0xE0, 0x00, 0x00, 0x00, 0x00, 0x10, 0x00, 0x00, 0x20,
  0x00, 0x3F, 0xFF, 0x80, 0x01, 0x83, 0x00, 0x03, 0x06, 0x0F, 0xFF, 0xFF,
  0x80, 0x04, 0x18, 0x00, 0x18, 0x30, 0x0F, 0xFF, 0xE0, 0x00, 0x20, 0x00,
  0x7F, 0xFF, 0xC0, 0x01, 0x80, 0x00, 0x03, 0x00, 0x0F, 0xFF, 0xFF, 0x80,
  0x00, 0x00, 0x07, 0xFF, 0xF0, 0x0C, 0x00, 0x60, 0x18, 0x00, 0xC0, 0x3F,
  0xFF, 0x80, 0x60, 0x03, 0x00, 0xC0, 0x06, 0x01, 0xFF, 0xFC, 0x01, 0x00,
  0x08, 0x00, 0x00, 0x00, 0x00, 0x04, 0x03, 0x00, 0x1C, 0x06, 0x01, 0xFE,
  0x7F, 0xC0, 0x20, 0x18, 0x00, 0x40, 0x30, 0x1F, 0xFB, 0xFF, 0x03, 0x01,
  0xE0, 0x07, 0x03, 0x40, 0x1B, 0x0E, 0xC0, 0x63, 0x38, 0xC1, 0x82, 0xE0,
  0xE6, 0x01, 0x80, 0x81, 0xFF, 0xFC, 0x03, 0x00, 0x18, 0x06, 0x00, 0x30,
  0x0F, 0xFF, 0xE0, 0x18, 0x00, 0xC0, 0x30, 0x01, 0x80, 0x60, 0x03, 0x00,
  0xFF, 0xFE, 0x01, 0x80, 0x1C, 0x00, 0x00, 0x00, 0x00, 0x0F, 0xFF, 0xE0,
  0x18, 0x00, 0xC0, 0x30, 0x01, 0x80, 0x7F, 0xFF, 0x00, 0xC0, 0x06, 0x01,
  0x80, 0x0C, 0x03, 0xFF, 0xF8, 0x00, 0x00, 0x00, 0x00, 0x00, 0x00, 0xFF,
  0xFF, 0xF8, 0x61, 0x80, 0x00, 0xC3, 0x00, 0x01, 0xFE, 0xFF, 0x83, 0x0C,
  0x86, 0x06, 0x19, 0x8C, 0x0F, 0xF1, 0x30, 0x18, 0x63, 0xC0, 0x30, 0xC3,
  0x80, 0xFF, 0x8F, 0x83, 0xF3, 0x73, 0x80, 0x07, 0xC1, 0xC0, 0x00, 0x00,
  0x00, 0x00, 0x00, 0x00, 0x00, 0x70, 0x00, 0x01, 0xB0, 0x00, 0x0E, 0x38,
  0x00, 0x38, 0x38, 0x01, 0xFF, 0xFC, 0x0E, 0x00, 0x0F, 0x38, 0x00, 0x06,
  0x0F, 0xFF, 0xE0, 0x12, 0x22, 0x40, 0x26, 0x4C, 0x80, 0x44, 0x91, 0x00,
  0xFF, 0xFE, 0x00, 0x00, 0x00, 0x00, 0x00, 0x00, 0x03, 0xFF, 0xE0, 0x06,
  0x00, 0xC0, 0x0C, 0x01, 0x80, 0x1F, 0xFF, 0x00, 0x30, 0x06, 0x00, 0x60,
  0x0C, 0x00, 0xFF, 0xF8, 0x01, 0x80, 0x10, 0x00, 0x07, 0xFF, 0xE0, 0x0F,
  0xFF, 0xC0, 0x18, 0x01, 0x80, 0x30, 0x03, 0x00, 0x60, 0x06, 0x00, 0xFF,
  0xFC, 0x01, 0xFF, 0xF8, 0x02, 0x00, 0x30, 0x04, 0x00, 0x60, 0x08, 0x00,
  0xC0, 0x10, 0x01, 0x80, 0x7F, 0xFF, 0x00, 0xFF, 0xFE, 0x01, 0x80, 0x0C,
  0x03, 0x00, 0x18, 0x0C, 0x00, 0x30, 0x18, 0x00, 0x60, 0x60, 0x00, 0xC1,
  0xC0, 0x3F, 0x83, 0x00, 0x3E, 0x00, 0x00, 0x00, 0x00, 0x00, 0x00, 0x00,
  0x00, 0xC0, 0x00, 0x03, 0x00, 0x01, 0xFF, 0xFF, 0xC3, 0xFF, 0xFF, 0xC0,
  0x30, 0x00, 0x00, 0xC0, 0x00, 0x01, 0x80, 0x00, 0x07, 0xFF, 0xE0, 0x0F,
  0xFF, 0xC0, 0x3C, 0x01, 0x80, 0xD8, 0x03, 0x03, 0x3F, 0xFE, 0x0C, 0x60,
  0x0C, 0x00, 0xC0, 0x18, 0x01, 0x80, 0x30, 0x03, 0xFF, 0xE0, 0x06, 0x00,
  0xC0, 0x0C, 0x01, 0x80, 0x18, 0x03, 0x00, 0x30, 0x06, 0x00, 0x60, 0x7C,
  0x00, 0x80, 0xE0, 0x00, 0x1F, 0x8F, 0xF8, 0x3F, 0x3F, 0xF0, 0x42, 0x60,
  0x60, 0x84, 0xC0, 0xC1, 0x09, 0x81, 0x82, 0x13, 0x03, 0x07, 0xE6, 0x3C,
  0x0F, 0xCC, 0x00, 0x10, 0x9F, 0xF8, 0x21, 0x3F, 0xF0, 0xC2, 0x68, 0x21,
  0x84, 0xD0, 0xC3, 0xF9, 0xB1, 0x87, 0xF3, 0x22, 0x0C, 0x26, 0x6C, 0x18,
  0x4C, 0x70, 0x30, 0x98, 0xE0, 0x41, 0x31, 0xC0, 0x82, 0x67, 0xC3, 0x04,
  0xD9, 0xC6, 0x79, 0xE1, 0xC0, 0x63, 0x00, 0x00, 0x02, 0x00, 0x00, 0x04,
  0x0F, 0xF1, 0xFF, 0xD8, 0x21, 0xC0, 0x30, 0x41, 0x00, 0x7F, 0x82, 0x00,
  0xC1, 0x04, 0x01, 0xFE, 0x08, 0x06, 0x0C, 0x18, 0x4C, 0x18, 0x3F, 0xF0,
  0x30, 0x00, 0x43, 0xC0, 0x00, 0x00, 0x00, 0x00, 0x00, 0x03, 0xFF, 0xFE,
  0x00, 0x04, 0x00, 0x00, 0x08, 0x00, 0x0F, 0xFF, 0xE0, 0x00, 0x70, 0x00,
  0x00, 0x40, 0x00, 0x01, 0xC0, 0x07, 0xFF, 0xFF, 0xC0, 0x18, 0x40, 0x00,
  0x30, 0x8F, 0xF0, 0x61, 0x1F, 0xE3, 0xFF, 0xB0, 0x43, 0xFF, 0x60, 0x83,
  0x08, 0xC1, 0x06, 0x11, 0xFE, 0x0F, 0xE3, 0xFC, 0x18, 0x46, 0x08, 0x30,
  0x8C, 0x10, 0x7F, 0x18, 0x20, 0xC2, 0x30, 0x41, 0x84, 0x7F, 0x83, 0x08,
  0xFF, 0x1F, 0xFD, 0x82, 0x3F, 0xFA, 0x04, 0x08, 0x84, 0x08, 0x31, 0x98,
  0x10, 0x61, 0x30, 0x21, 0x83, 0x60, 0x46, 0x01, 0x87, 0x80, 0x01, 0x0E,
  0x00, 0x00, 0x00, 0x00, 0x00, 0x20, 0x00, 0x00, 0x40, 0x00, 0x00, 0x80,
  0x01, 0xFF, 0xFF, 0x03, 0xFF, 0xFE, 0x00, 0x04, 0x00, 0x00, 0x08, 0x00,
  0x00, 0x10, 0x00, 0x00, 0x20, 0x00, 0xFF, 0xFF, 0xE3, 0xFF, 0xFF, 0xE0,
  0x07, 0xC0, 0x00, 0x1F, 0xC0, 0x00, 0x35, 0x80, 0x00, 0xC9, 0x80, 0x03,
  0x11, 0x80, 0x1C, 0x21, 0xC0, 0x70, 0x41, 0xC3, 0xC0, 0x81, 0xE2, 0x01,
  0x00, 0x80, 0x02, 0x00, 0x00, 0x00, 0x00, 0x00, 0x00, 0x10, 0x00, 0x00,
  0x20, 0x00, 0x00, 0x40, 0x00, 0x00, 0x80, 0x03, 0xFF, 0xFF, 0x87, 0xFF,
  0xFF, 0x80, 0x04, 0x00, 0x00, 0x08, 0x00, 0x00, 0x10, 0x00, 0x00, 0x20,
  0x00, 0x7F, 0xFF, 0xC0, 0xFF, 0xFF, 0x80, 0x07, 0xC0, 0x00, 0x1F, 0xC0,
  0x00, 0x35, 0xC0, 0x00, 0xC9, 0xC0, 0x07, 0x11, 0xC0, 0x1C, 0x21, 0xC0,
  0x70, 0x41, 0xC3, 0xC0, 0x80, 0xE2, 0x01, 0x00, 0x80, 0x02, 0x00, 0x00,
  0x00, 0x00, 0x00, 0x00, 0x00, 0x00, 0x00, 0x20, 0x00, 0x00, 0x40, 0x00,
  0x00, 0x80, 0x00, 0x01, 0x00, 0x07, 0xFF, 0xFF, 0x0F, 0xFF, 0xFE, 0x00,
  0x3E, 0x00, 0x00, 0x7C, 0x00, 0x01, 0xFC, 0x00, 0x03, 0x58, 0x00, 0x0C,
  0x98, 0x00, 0x31, 0x18, 0x00, 0xE2, 0x38, 0x03, 0x84, 0x38, 0x0E, 0x08,
  0x38, 0x3B, 0xFF, 0xB8, 0xE7, 0xFF, 0x38, 0x00, 0x40, 0x00, 0x00, 0x80,
  0x00, 0x01, 0x00, 0x00, 0x02, 0x00, 0x00, 0x00, 0x00, 0x00, 0x00, 0x00,
  0x00, 0x08, 0x01, 0x80, 0x10, 0x03, 0x00, 0x20, 0x06, 0x00, 0x40, 0x0C,
  0x0F, 0xF7, 0xFF, 0x0F, 0xEF, 0xFF, 0x07, 0x00, 0x60, 0x0E, 0x00, 0xC0,
  0x1E, 0x21, 0x80, 0x7E, 0x63, 0x00, 0xA4, 0xC4, 0x03, 0x4C, 0x98, 0x06,
  0x81, 0xB0, 0x19, 0x01, 0xE0, 0x32, 0x03, 0x80, 0x44, 0x03, 0x00, 0x08,
  0x0F, 0x00, 0x10, 0x3F, 0x00, 0x20, 0xE7, 0x00, 0x43, 0x87, 0x80, 0x8C,
  0x03, 0x80, 0x00, 0x00, 0x00, 0x00, 0x10, 0x00, 0x00, 0x20, 0x00, 0xFF,
  0xFF, 0xE1, 0xFF, 0xFF, 0xC0, 0x01, 0x00, 0x00, 0x02, 0x00, 0x03, 0xFF,
  0xF8, 0x0F, 0xFF, 0xF8, 0x18, 0x10, 0x30, 0x30, 0x20, 0x60, 0x60, 0x40,
  0xC0, 0xFF, 0xFF, 0x81, 0xFF, 0xFF, 0x00, 0x0F, 0x80, 0x00, 0x3F, 0x80,
  0x00, 0xEB, 0x80, 0x03, 0x91, 0x80, 0x1C, 0x21, 0xC0, 0xF0, 0x41, 0xE3,
  0x80, 0x80, 0xE0, 0x01, 0x00, 0x00, 0x00, 0x00, 0x00, 0x00, 0x00, 0x00,
  0x08, 0x00, 0x60, 0x10, 0x07, 0xC0, 0x20, 0xFE, 0x00, 0x41, 0xC0, 0x00,
  0x83, 0x00, 0x1F, 0xF6, 0x00, 0x1F, 0xCC, 0x00, 0x0C, 0x18, 0x00, 0x18,
  0x3F, 0xF8, 0x38, 0x7F, 0xF0, 0xF8, 0xC3, 0x01, 0x79, 0x86, 0x06, 0x93,
  0x0C, 0x0D, 0x24, 0x18, 0x32, 0x08, 0x30, 0x64, 0x30, 0x60, 0x88, 0x60,
  0xC0, 0x10, 0xC1, 0x80, 0x23, 0x03, 0x00, 0x46, 0x06, 0x00, 0x88, 0x0C,
  0x00, 0x00, 0x00, 0x00, 0x00, 0x00, 0x00, 0x1F, 0xFF, 0xC0, 0x20, 0x40,
  0x80, 0x40, 0x81, 0x00, 0xC3, 0x86, 0x01, 0xFF, 0xFC, 0x02, 0x04, 0x08,
  0x04, 0x08, 0x10, 0x0C, 0x38, 0x60, 0x1F, 0xFF, 0xC0, 0x00, 0x40, 0x00,
  0x00, 0x80, 0x03, 0xFF, 0xFF, 0x8F, 0xFF, 0xFF, 0x80, 0x1F, 0x00, 0x00,
  0x6B, 0x80, 0x03, 0x93, 0x80, 0x0E, 0x21, 0xC0, 0x70, 0x41, 0xE3, 0xC0,
  0x80, 0xE0, 0x01, 0x00, 0x00, 0x00, 0x00, 0x00, 0x00, 0x00, 0x00, 0x00,
  0x20, 0x00, 0x00, 0x40, 0x01, 0xFF, 0xFF, 0xC7, 0xFF, 0xFF, 0xC0, 0x1F,
  0xC0, 0x00, 0x65, 0xC0, 0x01, 0xC9, 0xC0, 0x06, 0x10, 0xC0, 0x38, 0x20,
  0xE1, 0xE0, 0x00, 0xF1, 0x3F, 0xFE, 0x40, 0x60, 0x0C, 0x00, 0xC0, 0x18,
  0x01, 0xFF, 0xF0, 0x03, 0x00, 0x60, 0x06, 0x00, 0xC0, 0x0C, 0x01, 0x80,
  0x1F, 0xFF, 0x00, 0x00, 0x00, 0x03, 0xFF, 0xFF, 0x87, 0xFF, 0xFF, 0x00,
  0x00, 0x00, 0x00, 0x08, 0x0C, 0x00, 0x10, 0x30, 0x00, 0x20, 0x7F, 0x80,
  0x41, 0xC7, 0x07, 0xF7, 0x04, 0x1F, 0xFF, 0x18, 0x06, 0x33, 0x60, 0x0E,
  0x03, 0x80, 0x1C, 0x07, 0x00, 0x7C, 0x1F, 0x00, 0xEC, 0x77, 0x01, 0x4B,
  0x83, 0x86, 0x9F, 0x07, 0x89, 0x1F, 0xFC, 0x32, 0x08, 0x08, 0x44, 0x10,
  0x10, 0x08, 0x20, 0x20, 0x10, 0x40, 0x40, 0x20, 0x80, 0x80, 0x41, 0xFF,
  0x00, 0x83, 0x06, 0x00, 0x04, 0x00, 0x00, 0x00, 0x00, 0x00, 0x18, 0x00,
  0x00, 0x31, 0xFF, 0xF0, 0x63, 0xFF, 0xC0, 0xC6, 0x00, 0x01, 0x8C, 0x00,
  0x1F, 0xFB, 0xFE, 0x1F, 0xB0, 0x40, 0x0C, 0x60, 0x80, 0x18, 0xC1, 0x00,
  0x79, 0x87, 0x00, 0xFB, 0x3F, 0xC1, 0xD6, 0x08, 0x07, 0xAC, 0x10, 0x0B,
  0x18, 0x20, 0x36, 0x30, 0x40, 0x6C, 0x6F, 0xF8, 0x98, 0xC0, 0x00, 0x31,
  0x80, 0x00, 0x63, 0xFF, 0xE0, 0xC7, 0xFF, 0xC1, 0x8C, 0x00, 0x00, 0x00,
  0x00, 0x00, 0x00, 0x00, 0x00, 0x18, 0x20, 0xC0, 0x20, 0xC1, 0x80, 0xC7,
  0xF2, 0x03, 0x2C, 0x7D, 0x06, 0x58, 0xF2, 0x07, 0xB1, 0xBC, 0x06, 0x7F,
  0x30, 0x0E, 0xC6, 0x70, 0x35, 0x8C, 0xB0, 0x6F, 0x1B, 0x63, 0xFF, 0xFF,
  0xE0, 0x13, 0x80, 0xC0, 0x02, 0x00, 0x1F, 0xFF, 0xFF, 0x1F, 0xFF, 0xFC,
  0x00, 0xFE, 0x00, 0x03, 0x26, 0x00, 0x1C, 0x47, 0x00, 0xF0, 0x87, 0x87,
  0x81, 0x03, 0xC4, 0x02, 0x01, 0x00, 0x00, 0x00, 0x00, 0x00, 0x00, 0x00,
  0x18, 0x00, 0x00, 0x31, 0xFF, 0xF0, 0x60, 0x26, 0x00, 0xC0, 0x6C, 0x01,
  0x8F, 0xFF, 0x1F, 0xF9, 0x32, 0x1F, 0xB2, 0x64, 0x0C, 0x64, 0xC8, 0x18,
  0xFF, 0xF0, 0x78, 0x00, 0x00, 0xF8, 0x00, 0x01, 0xD3, 0xFF, 0x87, 0xB0,
  0x00, 0x0B, 0x00, 0x00, 0x36, 0x3F, 0xFE, 0x4C, 0x03, 0x00, 0x18, 0x26,
  0x40, 0x30, 0xCC, 0xC0, 0x63, 0x18, 0xC0, 0xCC, 0x30, 0xC1, 0x81, 0xE0,
  0x00, 0x00, 0x00, 0x00, 0x00, 0x00, 0x00, 0x18, 0x10, 0x80, 0x30, 0x73,
  0x80, 0x67, 0xFF, 0xE0, 0xC0, 0x84, 0x0F, 0xE1, 0x08, 0x0F, 0xDF, 0xFC,
  0x06, 0x30, 0x08, 0x0C, 0x60, 0x10, 0x3C, 0xFF, 0xE0, 0x7D, 0x80, 0x40,
  0xEB, 0x00, 0x83, 0xD7, 0xFF, 0x05, 0x80, 0x60, 0x1B, 0x00, 0x80, 0x36,
  0x03, 0x80, 0x4C, 0xFF, 0xFC, 0x18, 0x0F, 0x00, 0x30, 0x33, 0x00, 0x60,
  0xC7, 0x00, 0xC7, 0x07, 0x81, 0x9C, 0x03, 0x80, 0x00, 0x00, 0x00, 0x00,
  0x00, 0x00, 0x18, 0x44, 0x40, 0x30, 0x89, 0x80, 0x63, 0x12, 0x00, 0xCC,
  0xBD, 0x81, 0x9B, 0x7A, 0x1F, 0xDC, 0x9C, 0x1F, 0x91, 0x90, 0x0C, 0x6B,
  0x48, 0x38, 0xFF, 0xF8, 0x7B, 0x1C, 0x10, 0xF8, 0x19, 0x81, 0xD0, 0x33,
  0x85, 0x9F, 0xFF, 0x8B, 0x08, 0x40, 0x36, 0x30, 0xD8, 0x4C, 0x79, 0xB0,
  0x18, 0xF9, 0xC0, 0x31, 0x13, 0x00, 0x66, 0x0E, 0x20, 0xD8, 0x76, 0x41,
  0xB1, 0x87, 0x80, 0x00, 0x00, 0x00, 0x00, 0x00, 0x00, 0x08, 0x06, 0x00,
  0x10, 0x1E, 0x00, 0x20, 0x66, 0x00, 0x41, 0xC6, 0x00, 0x87, 0x06, 0x1F,
  0xFC, 0x0F, 0x1F, 0xE7, 0xF6, 0x0C, 0x00, 0x00, 0x18, 0xFD, 0xF0, 0x79,
  0x9A, 0x20, 0xFB, 0x34, 0x41, 0xD6, 0x68, 0x86, 0xBC, 0xD1, 0x09, 0x1F,
  0xBE, 0x32, 0x00, 0x00, 0x64, 0x18, 0x60, 0x88, 0x20, 0xC0, 0x10, 0xE1,
  0x80, 0x21, 0xE7, 0x80, 0x46, 0x59, 0x80, 0x98, 0x61, 0x80, 0x00, 0x00,
  0x00, 0x00, 0x00, 0x00, 0x18, 0x00, 0x00, 0x33, 0xF7, 0xE0, 0x66, 0x2C,
  0x40, 0xCF, 0xDF, 0x81, 0x98, 0xB1, 0x1F, 0xF1, 0x62, 0x1F, 0xFE, 0xFC,
  0x0C, 0xC0, 0x08, 0x39, 0x84, 0x10, 0x73, 0x7F, 0xA0, 0xF6, 0x10, 0x41,
  0xFD, 0xFC, 0x87, 0xBA, 0x49, 0x0B, 0x37, 0xF2, 0x36, 0x69, 0x24, 0x4C,
  0xDF, 0xC8, 0x19, 0x8E, 0x10, 0x33, 0x3E, 0x20, 0x66, 0xD6, 0x40, 0xCD,
  0x26, 0x81, 0x98, 0x47, 0x00, 0x00, 0x00, 0x00, 0x00, 0x00, 0x00, 0x18,
  0x10, 0x80, 0x30, 0x21, 0x80, 0x67, 0xFF, 0xE0, 0xC0, 0x84, 0x01, 0x80,
  0x00, 0x1F, 0xDF, 0x3E, 0x1F, 0xB2, 0x44, 0x0C, 0x64, 0x88, 0x18, 0xF9,
  0xF0, 0x78, 0x66, 0x00, 0xF9, 0x8C, 0x01, 0xD3, 0xFF, 0xC7, 0xAE, 0x20,
  0x0B, 0x3C, 0x40, 0x36, 0x5F, 0xFC, 0x4C, 0x31, 0x00, 0x98, 0x62, 0x00,
  0x30, 0xFF, 0xE0, 0x61, 0x88, 0x00, 0xC3, 0xFF, 0xC1, 0x86, 0x00, 0x00,
  0x00, 0x00, 0x00, 0x00, 0x00, 0x00, 0x06, 0x00, 0x00, 0x0C, 0x00, 0x00,
  0x30, 0x00, 0x00, 0x60, 0x00, 0x00, 0xFF, 0xFF, 0x03, 0xFF, 0xFE, 0x06,
  0x08, 0x0C, 0x18, 0x10, 0x30, 0x70, 0x60, 0x60, 0xC0, 0xC0, 0xC3, 0x01,
  0xC3, 0x00, 0x03, 0x80, 0x00, 0x07, 0x00, 0x00, 0x1B, 0x00, 0x00, 0x26,
  0x00, 0x00, 0xC6, 0x00, 0x03, 0x06, 0x00, 0x0C, 0x06, 0x00, 0x70, 0x07,
  0x03, 0xC0, 0x07, 0x86, 0x00, 0x03, 0x00, 0x00, 0x00, 0x00, 0x00, 0x00,
  0x00, 0x00, 0x60, 0x00, 0x00, 0xC0, 0x01, 0xC3, 0x00, 0x01, 0xC6, 0x00,
  0x01, 0xCF, 0xFF, 0x01, 0x3F, 0xFE, 0x00, 0x63, 0x0C, 0x01, 0x86, 0x18,
  0x03, 0x0C, 0x20, 0x0C, 0x18, 0xC0, 0x00, 0x30, 0x00, 0x20, 0x60, 0x00,
  0xC1, 0xE0, 0x03, 0x03, 0xC0, 0x0C, 0x0C, 0x80, 0x38, 0x19, 0x80, 0xE0,
  0x61, 0x80, 0x81, 0x83, 0x80, 0x06, 0x03, 0x80, 0x38, 0x03, 0xC0, 0xE0,
  0x03, 0x80, 0x00, 0x00, 0x00, 0x08, 0x00, 0x00, 0x11, 0x86, 0x01, 0xFF,
  0xCC, 0x00, 0x46, 0x10, 0x00, 0x8C, 0x20, 0x00, 0x00, 0xFF, 0x8F, 0x7D,
  0xFF, 0x12, 0x8A, 0x64, 0x25, 0x3C, 0xC8, 0x7B, 0xF9, 0x90, 0x22, 0x23,
  0x20, 0xCC, 0x06, 0x01, 0xFF, 0x0C, 0x06, 0x30, 0x38, 0x1C, 0x40, 0x70,
  0x3F, 0xF0, 0xB0, 0x51, 0x03, 0x60, 0x3F, 0xC6, 0x40, 0x44, 0x18, 0xC0,
  0x8C, 0x60, 0xC1, 0xFF, 0xC1, 0xC2, 0x03, 0x01, 0x80, 0x00, 0x00, 0x00,
  0x00, 0x00, 0x00, 0x00, 0x30, 0x00, 0x00, 0x60, 0x00, 0x00, 0xC0, 0x00,
  0x01, 0x80, 0x00, 0x03, 0x00, 0x03, 0x06, 0x00, 0x06, 0x0C, 0x00, 0x0C,
  0x1F, 0xF0, 0x18, 0x3F, 0xF0, 0x30, 0x60, 0x00, 0x60, 0xC0, 0x00, 0xC1,
  0x80, 0x01, 0x83, 0x00, 0x03, 0x06, 0x00, 0x06, 0x0C, 0x00, 0x0C, 0x18,
  0x00, 0x18, 0x30, 0x00, 0x30, 0x60, 0x03, 0xFF, 0xFF, 0xC7, 0xFF, 0xFF,
  0xC0, 0x3F, 0xFF, 0xF8, 0x7F, 0xFF, 0xF0, 0x00, 0x60, 0x00, 0x00, 0xC0,
  0x00, 0x01, 0x80, 0x00, 0x03, 0x00, 0x01, 0x06, 0x00, 0x06, 0x0C, 0x00,
  0x0C, 0x1F, 0xF0, 0x18, 0x3F, 0xE0, 0x30, 0x60, 0x00, 0x60, 0xC0, 0x00,
  0xC1, 0x80, 0x01, 0x83, 0x00, 0x03, 0x06, 0x00, 0x06, 0x0C, 0x00, 0x0C,
  0x18, 0x00, 0x18, 0x30, 0x01, 0xFF, 0xFF, 0xF1, 0xFF, 0xFF, 0xE0, 0x00,
  0x00, 0x00, 0x03, 0x0C, 0x00, 0x06, 0x18, 0x00, 0x0C, 0x30, 0x00, 0x18,
  0x60, 0x02, 0x30, 0xC0, 0x06, 0x61, 0x86, 0x0C, 0xC3, 0x1C, 0x19, 0xF6,
  0xF0, 0x33, 0xEF, 0x80, 0x66, 0x1C, 0x00, 0xCC, 0x30, 0x01, 0x98, 0x60,
  0x03, 0x30, 0xC0, 0x06, 0x61, 0x80, 0x0C, 0xC3, 0x00, 0x19, 0x86, 0x04,
  0x33, 0x0C, 0x08, 0x66, 0x58, 0x30, 0xDF, 0xB0, 0x67, 0xFC, 0x3F, 0xCF,
  0x00, 0x3E, 0x00, 0x00, 0x00, 0x00, 0x00, 0x00, 0x00, 0x00, 0x20, 0x00,
  0x10, 0x40, 0x00, 0x20, 0xFF, 0x00, 0x41, 0xFE, 0x00, 0x82, 0x00, 0x01,
  0x04, 0x00, 0x02, 0x08, 0x00, 0x7F, 0xFF, 0xFC, 0x7F, 0xFF, 0xF0, 0x00,
  0x40, 0x00, 0x30, 0x81, 0x00, 0xE1, 0x06, 0x03, 0x82, 0x0C, 0x0E, 0x04,
  0x30, 0x18, 0x58, 0xC0, 0x00, 0xF3, 0x80, 0x00, 0x0E, 0x00, 0x00, 0x78,
  0x00, 0x03, 0xC0, 0x00, 0x7E, 0x00, 0x03, 0xE0, 0x00, 0x00, 0x00, 0x00,
  0x00, 0x00, 0x00, 0x00, 0x03, 0x8F, 0x80, 0x7E, 0x3F, 0x80, 0xE0, 0x63,
  0x01, 0x00, 0xC6, 0x02, 0x01, 0x8C, 0x04, 0x03, 0x19, 0x0F, 0xE4, 0x32,
  0x1F, 0x98, 0x6C, 0x20, 0x60, 0x70, 0x40, 0x80, 0x00, 0xFC, 0xFF, 0xC1,
  0xFD, 0xFF, 0x82, 0x01, 0x86, 0x04, 0x03, 0x0C, 0x08, 0x03, 0x30, 0x1F,
  0xC3, 0xC0, 0xFF, 0x07, 0x81, 0xC0, 0x0F, 0x00, 0x80, 0x7F, 0x01, 0x03,
  0xC7, 0x82, 0x0E, 0x03, 0x80, 0x00, 0x00, 0x00, 0x00, 0x00, 0x00, 0x18,
  0x07, 0xC0, 0xE7, 0x9F, 0x81, 0x03, 0x31, 0x02, 0x02, 0x62, 0x04, 0x04,
  0xC4, 0x0F, 0x79, 0x89, 0x18, 0x32, 0x1A, 0x20, 0x2C, 0x3C, 0x40, 0x70,
  0x00, 0xFF, 0xA0, 0x00, 0x00, 0x7F, 0xC0, 0x20, 0xFF, 0x80, 0x40, 0xC2,
  0x0F, 0xF9, 0x8C, 0x03, 0x81, 0xB0, 0x02, 0x03, 0xE0, 0x04, 0x03, 0x80,
  0x1B, 0xC7, 0x03, 0xFF, 0xBB, 0x07, 0xC1, 0xE3, 0x80, 0x07, 0x03, 0x80,
  0x00, 0x00, 0x00, 0x00, 0x00, 0x00, 0x06, 0x00, 0x00, 0x18, 0x00, 0x00,
  0x3F, 0xFF, 0xC0, 0xFF, 0xFF, 0x81, 0x80, 0x00, 0x06, 0x00, 0x00, 0x1B,
  0xFF, 0xF0, 0x67, 0xFF, 0xE0, 0x0C, 0xE0, 0xC0, 0x10, 0xE1, 0x80, 0x20,
  0x63, 0x07, 0xE0, 0xC7, 0xCF, 0xFF, 0xFF, 0x83, 0x10, 0x18, 0x06, 0x38,
  0x30, 0x0C, 0x18, 0x60, 0x18, 0x10, 0x80, 0x3F, 0xFF, 0xE0, 0xFF, 0xFF,
  0xC0, 0x00, 0x0C, 0x00, 0x00, 0xF0, 0x00, 0x00, 0x00, 0x00, 0x00, 0x00,
  0x00, 0x06, 0x00, 0x00, 0x18, 0x00, 0x00, 0x3F, 0xFF, 0xC0, 0xC0, 0x00,
  0x03, 0x00, 0x00, 0x0E, 0xFF, 0xF8, 0x38, 0x00, 0x00, 0x20, 0x00, 0x00,
  0x3F, 0xFF, 0x80, 0x00, 0x03, 0x00, 0x46, 0x26, 0x00, 0xCC, 0xC4, 0x00,
  0x9B, 0x08, 0x01, 0x34, 0x10, 0x1F, 0xFF, 0xA0, 0x03, 0xC0, 0x60, 0x0D,
  0xE0, 0xC0, 0x3B, 0x61, 0x90, 0xE6, 0x73, 0x23, 0x0C, 0x63, 0x44, 0x18,
  0x07, 0x80, 0x00, 0x02, 0x00, 0x00, 0x00, 0x00, 0x00, 0x20, 0x00, 0x00,
  0x40, 0x00, 0x00, 0x80, 0x00, 0x01, 0x00, 0x00, 0x03, 0x03, 0x00, 0x06,
  0x0E, 0x3F, 0xCC, 0x38, 0x3F, 0x9C, 0x60, 0x03, 0x39, 0x80, 0x06, 0x7E,
  0x00, 0x18, 0xB8, 0x00, 0x31, 0x20, 0x00, 0x42, 0x60, 0x01, 0x84, 0x60,
  0x07, 0x08, 0xC0, 0x0C, 0x10, 0xC0, 0x30, 0x20, 0xC0, 0xC0, 0x40, 0xE3,
  0x00, 0x80, 0xE0, 0x01, 0x00, 0x80, 0x3E, 0x00, 0x00, 0x78, 0x00, 0x00,
  0x00, 0x00, 0x00, 0x03, 0x80, 0x00, 0x03, 0xE0, 0x00, 0x00, 0xF0, 0x00,
  0x00, 0x60, 0x00, 0xFE, 0x00, 0x03, 0xFC, 0x00, 0x00, 0x0C, 0x08, 0x00,
  0x18, 0x38, 0x00, 0x30, 0xE1, 0xFE, 0x73, 0x81, 0xFC, 0xEE, 0x00, 0x31,
  0xF0, 0x00, 0x62, 0xC0, 0x00, 0xC4, 0xC0, 0x03, 0x08, 0xC0, 0x0E, 0x11,
  0xC0, 0x18, 0x21, 0xC0, 0x60, 0x41, 0xC3, 0x80, 0x81, 0xE6, 0x01, 0x00,
  0x80, 0x3E, 0x00, 0x00, 0x38, 0x00, 0x00, 0x00, 0x00, 0x00, 0x00, 0x23,
  0x00, 0x00, 0x43, 0x80, 0x00, 0x83, 0x03, 0xFF, 0xFF, 0x87, 0xFF, 0xFF,
  0x80, 0x04, 0x00, 0x00, 0x0C, 0x08, 0x18, 0x18, 0x30, 0x18, 0x38, 0xC0,
  0x18, 0x73, 0x80, 0x30, 0xFE, 0x00, 0x21, 0x78, 0x00, 0x02, 0x60, 0x00,
  0x24, 0xE0, 0x00, 0xC8, 0xC0, 0x07, 0x10, 0xC0, 0x3C, 0x20, 0xC0, 0xE0,
  0x40, 0xE3, 0x80, 0x80, 0xE0, 0x01, 0x00, 0x80, 0x3E, 0x00, 0x00, 0x78,
  0x00, 0x00, 0x00, 0x00, 0x00, 0x20, 0x00, 0x00, 0x73, 0xFF, 0xE0, 0x73,
  0xFF, 0xC0, 0x20, 0x30, 0x00, 0x00, 0x60, 0x00, 0x00, 0xC0, 0x00, 0x01,
  0x80, 0x70, 0x03, 0x00, 0x78, 0x06, 0x00, 0x33, 0xFF, 0xF0, 0x07, 0xFF,
  0xE0, 0x00, 0x30, 0x00, 0x00, 0x60, 0x01, 0x80, 0xC0, 0x03, 0x01, 0x80,
  0x0C, 0x03, 0x00, 0x18, 0x06, 0x00, 0x60, 0x0C, 0x00, 0xC0, 0x18, 0x03,
  0x00, 0x30, 0x06, 0x00, 0x60, 0x00, 0x00, 0x00, 0x00, 0x00, 0x00, 0x00,
  0x30, 0x06, 0x00, 0x70, 0x0C, 0x00, 0x33, 0x18, 0x00, 0x06, 0x30, 0x00,
  0x0C, 0x67, 0x00, 0x18, 0xFE, 0x00, 0x33, 0xEC, 0x70, 0x7F, 0x18, 0x39,
  0xF6, 0x30, 0x27, 0x8C, 0x60, 0x0B, 0x18, 0xC0, 0x06, 0x31, 0x80, 0x0C,
  0x63, 0x01, 0x98, 0xDE, 0x03, 0x31, 0xB8, 0x0C, 0x63, 0x00, 0x18, 0xC0,
  0x18, 0x61, 0x80, 0x30, 0xC3, 0x00, 0x63, 0x07, 0xFF, 0x80, 0x07, 0xFF,
  0x00, 0x00, 0x00, 0x00, 0x20, 0x00, 0x00, 0x73, 0xFF, 0xE0, 0x77, 0xFF,
  0xC0, 0x0C, 0x00, 0x80, 0x18, 0x01, 0x00, 0x20, 0x02, 0x00, 0x00, 0x00,
  0x70, 0x1F, 0xC0, 0x38, 0x3F, 0x80, 0x30, 0x41, 0x00, 0x00, 0x82, 0x00,
  0x01, 0x04, 0x00, 0x02, 0x08, 0x01, 0x84, 0x10, 0x03, 0x18, 0x20, 0x0C,
  0x30, 0x40, 0x18, 0x60, 0x88, 0x61, 0x81, 0x10, 0xC3, 0x02, 0x23, 0x0C,
  0x07, 0xC4, 0x30, 0x0F, 0x00, 0x00, 0x00, 0x00, 0x00, 0x00, 0x00, 0x20,
  0x30, 0x00, 0x70, 0x60, 0x00, 0x70, 0xFF, 0xC0, 0x23, 0xFF, 0x00, 0x06,
  0x02, 0x00, 0x08, 0x04, 0x00, 0x30, 0x18, 0x78, 0xE0, 0x30, 0x39, 0x83,
  0xE0, 0x02, 0x00, 0x00, 0x03, 0xFF, 0x80, 0x0F, 0xFF, 0x00, 0x06, 0x06,
  0x01, 0x84, 0x18, 0x02, 0x0C, 0x30, 0x0C, 0x0C, 0xC0, 0x10, 0x0F, 0x00,
  0x60, 0x1E, 0x01, 0x80, 0xFE, 0x03, 0x0F, 0x87, 0x84, 0x38, 0x03, 0x80,
  0x00, 0x00, 0x00, 0x00, 0x00, 0x00, 0x30, 0x06, 0x00, 0x70, 0x0C, 0x00,
  0x30, 0x18, 0x00, 0x20, 0x30, 0x00, 0x1F, 0xFF, 0x00, 0x3F, 0xFF, 0x00,
  0x61, 0x86, 0x78, 0xC3, 0x0C, 0x39, 0x86, 0x18, 0x33, 0x0C, 0x30, 0x06,
  0x18, 0x60, 0x0C, 0x30, 0xC0, 0x1F, 0xFF, 0x80, 0xBF, 0xFF, 0x03, 0x61,
  0x84, 0x0C, 0x03, 0x00, 0x18, 0x06, 0x00, 0x60, 0x0C, 0x00, 0xC0, 0x18,
  0x03, 0x00, 0x30, 0x06, 0x00, 0x60, 0x00, 0x00, 0x00, 0x00, 0x00, 0x00,
  0x00, 0x70, 0x7F, 0xE0, 0x39, 0xFF, 0xC0, 0x33, 0x01, 0x80, 0x06, 0x03,
  0x00, 0x0C, 0x06, 0x00, 0x18, 0x0C, 0x00, 0x30, 0x18, 0x70, 0x7F, 0xF0,
  0x38, 0xFF, 0xE0, 0x11, 0x80, 0xC0, 0x03, 0x01, 0x80, 0x06, 0x03, 0x00,
  0x0C, 0x06, 0x01, 0x9F, 0xFC, 0x03, 0x3F, 0xF8, 0x0C, 0x60, 0x30, 0x18,
  0xC0, 0x60, 0x61, 0x80, 0xC0, 0xC3, 0x01, 0x83, 0x1F, 0xFF, 0xC4, 0x3F,
  0xFF, 0x80, 0x00, 0x00, 0x00, 0x00, 0x00, 0x00, 0x30, 0x0C, 0x00, 0x78,
  0x18, 0x00, 0x30, 0x30, 0x00, 0x07, 0xFF, 0x00, 0x1F, 0xFF, 0x00, 0x01,
  0x80, 0x10, 0x03, 0x00, 0x78, 0x06, 0x00, 0x38, 0x0C, 0x00, 0x07, 0xFF,
  0xE0, 0x0F, 0xFF, 0xE0, 0x00, 0xC0, 0x00, 0x03, 0x00, 0x01, 0x86, 0x00,
  0x03, 0x0C, 0x20, 0x0C, 0x30, 0x60, 0x18, 0x60, 0x60, 0x61, 0x80, 0xC0,
  0xCF, 0xFF, 0xC3, 0x1F, 0xFF, 0xC6, 0x00, 0x01, 0x80, 0x00, 0x00, 0x00,
  0x00, 0x00, 0x00, 0x30, 0x0C, 0x00, 0x70, 0x18, 0x00, 0x30, 0x30, 0x00,
  0x20, 0x60, 0x00, 0x3F, 0xFF, 0x00, 0x3F, 0xFE, 0x10, 0x00, 0x00, 0x78,
  0x20, 0x60, 0x38, 0x40, 0xC0, 0x30, 0xC1, 0x80, 0x01, 0x83, 0x00, 0x03,
  0x04, 0x00, 0x06, 0x18, 0x01, 0x84, 0x30, 0x03, 0x08, 0x60, 0x0C, 0x18,
  0xC0, 0x18, 0x31, 0x00, 0x60, 0x46, 0x00, 0xC0, 0x0C, 0x03, 0x3F, 0xFF,
  0xC6, 0x3F, 0xFF, 0x80, 0x00, 0x00, 0x00, 0x00, 0x00, 0x00, 0x60, 0x64,
  0x00, 0x70, 0x88, 0x00, 0x73, 0x10, 0x00, 0x07, 0xFF, 0x80, 0x0F, 0xFF,
  0x00, 0x30, 0x80, 0x10, 0x61, 0x00, 0x71, 0x82, 0x00, 0x38, 0x04, 0x00,
  0x27, 0xFF, 0xF0, 0x0F, 0xFF, 0xE0, 0x01, 0x88, 0x00, 0x03, 0x10, 0x01,
  0x04, 0x20, 0x06, 0x08, 0x40, 0x0C, 0x30, 0x80, 0x30, 0x61, 0x08, 0x61,
  0x82, 0x11, 0x87, 0x04, 0x23, 0x1C, 0x0F, 0xC4, 0x70, 0x1F, 0x00, 0x00,
  0x00, 0x00, 0x00, 0x00, 0x00, 0x70, 0x0C, 0x00, 0x70, 0x18, 0x00, 0x77,
  0xFF, 0xC0, 0x1F, 0xFF, 0xC0, 0x01, 0x80, 0x00, 0x06, 0x10, 0x00, 0x0C,
  0x30, 0x70, 0x30, 0x30, 0x79, 0xFF, 0xF0, 0x33, 0xFE, 0x60, 0x00, 0x00,
  0x40, 0x06, 0x66, 0x00, 0x0C, 0xCC, 0x01, 0x99, 0x98, 0x02, 0x33, 0x30,
  0x0C, 0x66, 0x60, 0x10, 0xCC, 0xC0, 0x63, 0x19, 0x91, 0x86, 0x33, 0x23,
  0x18, 0x66, 0xC4, 0x20, 0x07, 0x00, 0x00, 0x00, 0x00, 0x00, 0x00, 0x00,
  0x60, 0x06, 0x00, 0x73, 0x0C, 0x60, 0x73, 0x18, 0xC0, 0x42, 0x33, 0x00,
  0x06, 0x64, 0x00, 0x00, 0xC0, 0x00, 0x3F, 0xF8, 0x70, 0x7F, 0xF0, 0x38,
  0x80, 0x20, 0x21, 0x00, 0x40, 0x03, 0x01, 0x80, 0x07, 0xFF, 0x00, 0x08,
  0x02, 0x01, 0x90, 0x04, 0x06, 0x30, 0x18, 0x0C, 0x7F, 0xF0, 0x30, 0x80,
  0x20, 0x61, 0x00, 0x41, 0x82, 0x00, 0x83, 0x04, 0x0F, 0x00, 0x08, 0x1E,
  0x00, 0x00, 0x00, 0x00, 0x00, 0x00, 0x00, 0x60, 0x00, 0x00, 0x73, 0xFF,
  0xF0, 0x34, 0x44, 0x60, 0x08, 0x88, 0xC0, 0x13, 0x11, 0x00, 0x06, 0x20,
  0x10, 0x18, 0x46, 0x78, 0x60, 0xFC, 0x39, 0x80, 0x00, 0x00, 0x18, 0x00,
  0x00, 0x30, 0x00, 0x0F, 0xFF, 0x80, 0x3F, 0xFF, 0x81, 0x83, 0xE0, 0x06,
  0x0F, 0x40, 0x0C, 0x16, 0xC0, 0x30, 0x6C, 0xC0, 0x63, 0x98, 0xC1, 0x8E,
  0x30, 0xE3, 0x18, 0x60, 0x84, 0x00, 0xC0, 0x00, 0x00, 0x00, 0x00, 0x00,
  0x00, 0x00, 0x20, 0x23, 0x80, 0x70, 0x61, 0x80, 0x70, 0xC7, 0xC0, 0x0F,
  0xFF, 0x80, 0x11, 0x88, 0x00, 0x01, 0xB0, 0x10, 0x03, 0xC0, 0x78, 0x0F,
  0x8C, 0x39, 0xF3, 0xF8, 0x23, 0xC1, 0xE0, 0x00, 0x8E, 0x00, 0x01, 0x8E,
  0x00, 0x03, 0x0F, 0x81, 0xFF, 0xFF, 0x06, 0x46, 0x00, 0x0C, 0x0C, 0x60,
  0x10, 0x0F, 0x80, 0x60, 0x1E, 0x00, 0x80, 0x78, 0x23, 0x07, 0xDC, 0xC4,
  0x3C, 0x1F, 0x00, 0x00, 0x04, 0x00, 0x00, 0x00, 0x00, 0x70, 0x04, 0x00,
  0x73, 0xFF, 0xE0, 0x30, 0x30, 0x00, 0x00, 0x20, 0x00, 0x1F, 0xFF, 0x00,
  0x01, 0x80, 0x00, 0x01, 0x00, 0x71, 0xFF, 0xFC, 0x38, 0x00, 0x00, 0x30,
  0x00, 0x00, 0x03, 0xFF, 0x80, 0x06, 0x01, 0x00, 0x0C, 0x02, 0x01, 0x9F,
  0xFC, 0x02, 0x30, 0x08, 0x0C, 0x60, 0x30, 0x10, 0xFF, 0xE0, 0x61, 0x80,
  0x40, 0x83, 0x00, 0x83, 0x06, 0x01, 0x04, 0x0C, 0x1E, 0x00, 0x00, 0x00,
  0x00, 0x00, 0x00, 0x00, 0x61, 0xF0, 0x10, 0x77, 0xF0, 0x20, 0x6C, 0x64,
  0x40, 0x18, 0xC8, 0x80, 0x31, 0x91, 0x00, 0x7F, 0x22, 0x10, 0xC6, 0x44,
  0x79, 0x8C, 0x88, 0x33, 0x19, 0x10, 0x26, 0x32, 0x20, 0x0F, 0xE4, 0x40,
  0x18, 0xC8, 0x80, 0x31, 0x91, 0x03, 0x63, 0x22, 0x06, 0xFE, 0x44, 0x18,
  0x08, 0x88, 0x31, 0x10, 0x10, 0x66, 0x30, 0x21, 0x8C, 0x60, 0x43, 0x30,
  0x60, 0x84, 0xC0, 0x1F, 0x00, 0x00, 0x18, 0x00, 0x00, 0x00, 0x00, 0x20,
  0x00, 0x00, 0x71, 0xFF, 0xC0, 0x32, 0x01, 0x80, 0x04, 0x63, 0x00, 0x08,
  0xC6, 0x00, 0x13, 0xCC, 0x10, 0x24, 0xD8, 0x70, 0x50, 0xB0, 0x38, 0x80,
  0x60, 0x21, 0xFF, 0xC0, 0x00, 0x00, 0x00, 0x00, 0x00, 0x00, 0x1F, 0xFE,
  0x01, 0x36, 0x6C, 0x06, 0x44, 0xC8, 0x0C, 0x89, 0x90, 0x31, 0x13, 0x20,
  0x62, 0x26, 0x41, 0x84, 0x4C, 0x83, 0x3F, 0xFF, 0xC4, 0x7F, 0xFF, 0x80,
  0x00, 0x00, 0x00, 0x60, 0x03, 0x60, 0x70, 0x06, 0x60, 0x70, 0x0C, 0x40,
  0x0F, 0xFF, 0x80, 0x3F, 0xFF, 0x80, 0x60, 0x20, 0x00, 0xC0, 0x40, 0x71,
  0xFE, 0x88, 0x3B, 0x31, 0x10, 0x26, 0x22, 0x60, 0x0D, 0x56, 0x80, 0x1A,
  0xAD, 0x01, 0x35, 0x5E, 0x03, 0x77, 0x38, 0x04, 0xAC, 0x30, 0x19, 0x1C,
  0x40, 0x32, 0x2D, 0xC8, 0xCC, 0xCF, 0x91, 0x9B, 0x19, 0xA2, 0x64, 0x63,
  0xC4, 0xC0, 0x83, 0x00, 0x00, 0x00, 0x00, 0x00, 0x00, 0x00, 0x20, 0x0C,
  0x00, 0x70, 0x18, 0x00, 0x7F, 0xFF, 0xE0, 0x47, 0x0E, 0x00, 0x06, 0x08,
  0x00, 0x0C, 0x30, 0x00, 0x1C, 0x60, 0x70, 0xFF, 0xF8, 0x79, 0x04, 0x10,
  0x22, 0x08, 0x20, 0x05, 0xFE, 0x40, 0x08, 0x60, 0x80, 0x90, 0x41, 0x01,
  0x27, 0xF2, 0x06, 0x48, 0x64, 0x0C, 0x90, 0xC8, 0x31, 0x21, 0x90, 0x62,
  0x7F, 0x21, 0x84, 0x80, 0x43, 0x08, 0x00, 0x84, 0x10, 0x0F, 0x00, 0x00,
  0x00, 0x00, 0x00, 0x00, 0x00, 0x60, 0x60, 0x80, 0xE0, 0xC1, 0x00, 0x7F,
  0xFF, 0xE0, 0x5F, 0xFF, 0x80, 0x06, 0x08, 0x00, 0x0C, 0x30, 0x00, 0x1F,
  0xE0, 0x70, 0x06, 0x00, 0x30, 0x0C, 0x00, 0x07, 0xFF, 0xE0, 0x0C, 0x30,
  0x40, 0x18, 0x60, 0x80, 0x3E, 0xD9, 0x03, 0x65, 0x92, 0x06, 0xDB, 0x64,
  0x09, 0xB6, 0xE8, 0x33, 0x5D, 0x50, 0x67, 0x3C, 0xE1, 0x8C, 0x30, 0x43,
  0x18, 0x60, 0x84, 0x30, 0xCF, 0x00, 0x00, 0x00, 0x00, 0x10, 0x7F, 0xF0,
  0x38, 0xC0, 0x60, 0x39, 0x80, 0xC0, 0x33, 0xFF, 0x80, 0x06, 0x03, 0x00,
  0x0F, 0xFE, 0x00, 0x00, 0x00, 0x30, 0x00, 0x00, 0x38, 0xFF, 0xF8, 0x39,
  0x11, 0x10, 0x02, 0x22, 0x20, 0x07, 0xFF, 0xC0, 0x00, 0x00, 0x00, 0x80,
  0x00, 0x01, 0xFF, 0xFC, 0x06, 0x30, 0x30, 0x08, 0x38, 0xE0, 0x30, 0x3B,
  0x00, 0xC0, 0x3E, 0x01, 0x83, 0xEF, 0x82, 0x3E, 0x07, 0xC0, 0x00, 0x00,
  0x00, 0x00, 0x00, 0x00, 0x60, 0xC0, 0x30, 0x71, 0x81, 0xE0, 0x7F, 0xEF,
  0x00, 0x06, 0x18, 0x00, 0x0C, 0x30, 0x00, 0x18, 0x60, 0x01, 0xFE, 0xC0,
  0x73, 0x25, 0xFC, 0x76, 0x4B, 0xF8, 0x2F, 0xF6, 0x40, 0x1B, 0x2C, 0x80,
  0x32, 0x59, 0x00, 0x7F, 0xB2, 0x03, 0x18, 0x44, 0x04, 0x30, 0x88, 0x18,
  0x61, 0x10, 0x37, 0xFE, 0x20, 0xC1, 0x8C, 0x41, 0x83, 0x10, 0x83, 0x06,
  0x61, 0x04, 0x0C, 0xC2, 0x00, 0x00, 0x00, 0x00, 0x00, 0x10, 0x00, 0x00,
  0x60, 0x00, 0x00, 0xC0, 0x00, 0x01, 0x80, 0x00, 0x03, 0x00, 0x01, 0x86,
  0x03, 0x03, 0x0C, 0x0C, 0x06, 0x18, 0x18, 0x0C, 0x30, 0x60, 0x30, 0x70,
  0xC0, 0xE0, 0xE3, 0x01, 0x81, 0xC0, 0x00, 0x06, 0xC0, 0x00, 0x0D, 0x80,
  0x00, 0x31, 0x80, 0x00, 0xC3, 0x80, 0x03, 0x83, 0x80, 0x0E, 0x03, 0x80,
  0x38, 0x03, 0xC1, 0xC0, 0x01, 0xE2, 0x00, 0x00, 0x80, 0x1F, 0xFF, 0xFC,
  0x3F, 0xFF, 0xF0, 0x60, 0x00, 0x00, 0xC0, 0x60, 0x01, 0x80, 0xC0, 0x03,
  0x01, 0x80, 0x06, 0x23, 0x06, 0x0C, 0xC6, 0x18, 0x19, 0x8C, 0x30, 0x32,
  0x18, 0xC0, 0x6C, 0x7B, 0x00, 0xD0, 0xF2, 0x01, 0x01, 0xA0, 0x02, 0x06,
  0x60, 0x0C, 0x0C, 0xC0, 0x18, 0x30, 0xC0, 0x30, 0xE0, 0xC0, 0x63, 0x80,
  0xC1, 0x9E, 0x00, 0xE3, 0x30, 0x00, 0xC0, 0x00, 0x00, 0x00, 0x00, 0x00,
  0x00, 0x0C, 0x30, 0x00, 0x0C, 0x60, 0x00, 0x18, 0x80, 0x03, 0xFF, 0xFC,
  0x07, 0xFF, 0xF8, 0x00, 0x18, 0x30, 0x00, 0x30, 0x40, 0x00, 0xC0, 0x80,
  0x01, 0xFF, 0xE0, 0x06, 0x01, 0xC0, 0x18, 0x01, 0x00, 0x70, 0x02, 0x01,
  0xE0, 0x0C, 0x07, 0xFF, 0xFE, 0x1C, 0x00, 0x04, 0x64, 0x01, 0x18, 0x09,
  0x13, 0x30, 0x33, 0x22, 0x60, 0x46, 0x60, 0xC1, 0x8C, 0x03, 0x02, 0x00,
  0x3E, 0x00, 0x00, 0x00, 0x00, 0x00, 0x00, 0x00, 0x7F, 0xE0, 0x20, 0xFF,
  0xD8, 0x40, 0x30, 0x30, 0x80, 0x60, 0x61, 0x01, 0xC0, 0xC2, 0x03, 0xF9,
  0x84, 0x0C, 0x13, 0x08, 0x38, 0x66, 0x10, 0xD8, 0x8C, 0x20, 0x1F, 0x18,
  0x40, 0x1C, 0x30, 0x80, 0x38, 0x61, 0x00, 0xE0, 0x02, 0x03, 0x80, 0x04,
  0x1C, 0x00, 0xF8, 0x20, 0x00, 0xC0, 0x10, 0x00, 0x40, 0x63, 0x18, 0xC0,
  0xC6, 0x30, 0xC3, 0x0C, 0x21, 0x86, 0x18, 0x61, 0x80, 0x00, 0x00, 0x00,
  0x00, 0x00, 0x00, 0x0C, 0x00, 0x00, 0x18, 0x00, 0x00, 0x7F, 0xFF, 0x81,
  0xFF, 0xFF, 0x83, 0x88, 0x88, 0x0F, 0x11, 0x10, 0x12, 0x22, 0x20, 0x04,
  0x44, 0x40, 0xFF, 0xFF, 0xF8, 0xFF, 0xFF, 0xE0, 0x22, 0x22, 0x00, 0x44,
  0x44, 0x00, 0x88, 0x88, 0x0F, 0xFF, 0xFE, 0x1F, 0xFF, 0xFC, 0x00, 0x00,
  0x00, 0x10, 0x00, 0x40, 0x63, 0x18, 0xC0, 0xC6, 0x30, 0xC3, 0x0C, 0x21,
  0x8C, 0x18, 0x61, 0x80, 0x00, 0x00, 0x00, 0x00, 0x00, 0x00, 0x06, 0x0C,
  0x00, 0x0C, 0x30, 0x00, 0x30, 0x60, 0x00, 0xFF, 0xFF, 0x81, 0x83, 0x80,
  0x07, 0x02, 0x00, 0x1E, 0x0E, 0x00, 0x7F, 0xFF, 0xE0, 0x58, 0x10, 0x00,
  0x30, 0x20, 0x00, 0x7F, 0xFF, 0x80, 0xC1, 0xC0, 0x01, 0x81, 0x00, 0x03,
  0x02, 0x00, 0x07, 0xFF, 0xFC, 0x00, 0x00, 0x00, 0x00, 0x00, 0x40, 0x63,
  0x18, 0xC0, 0xC6, 0x31, 0x83, 0x0C, 0x21, 0x86, 0x18, 0x61, 0x80, 0x00,
  0x00, 0x00, 0x1F, 0x3F, 0xF8, 0x7F, 0x7F, 0xF0, 0xC6, 0x08, 0x61, 0x8C,
  0x30, 0xC3, 0x18, 0x61, 0x86, 0x31, 0x83, 0x0F, 0xEE, 0x3C, 0x1F, 0xD8,
  0x00, 0x31, 0x80, 0x00, 0x63, 0x3F, 0xE0, 0xC6, 0x40, 0x41, 0x8C, 0x80,
  0x83, 0xF9, 0x01, 0x07, 0xF3, 0x06, 0x0C, 0x07, 0xFC, 0x00, 0x00, 0x00,
  0x08, 0x04, 0x20, 0x31, 0x8C, 0x60, 0x63, 0x18, 0x61, 0x86, 0x10, 0xC6,
  0x0C, 0x30, 0xC0, 0x00, 0x00, 0x00, 0x00, 0x00, 0x00, 0x08, 0x7F, 0xF0,
  0x11, 0xFF, 0xF0, 0x20, 0x18, 0x00, 0x40, 0x30, 0x00, 0x90, 0x60, 0x09,
  0x27, 0xFE, 0x12, 0xC8, 0x0C, 0x25, 0x10, 0x18, 0x4E, 0x3F, 0xF1, 0x90,
  0x40, 0x60, 0x20, 0x80, 0xC0, 0x41, 0x01, 0x81, 0x83, 0xFF, 0x03, 0x04,
  0x06, 0x07, 0x08, 0x0C, 0x0F, 0x10, 0x18, 0x32, 0x3F, 0xF0, 0x66, 0x00,
  0x01, 0x84, 0xE3, 0x83, 0x03, 0x81, 0x8C, 0x1C, 0x01, 0x80, 0x00, 0x00,
  0x00, 0x00, 0x00, 0x00, 0x08, 0x06, 0x00, 0x10, 0x0C, 0x00, 0x21, 0xFF,
  0x80, 0x43, 0x01, 0x00, 0x96, 0x02, 0x09, 0x2F, 0xFC, 0x12, 0xD8, 0x08,
  0x25, 0x30, 0x10, 0x4A, 0x7F, 0xE1, 0x90, 0xC0, 0x40, 0x61, 0x80, 0x80,
  0xC3, 0xFF, 0x01, 0x80, 0x00, 0x03, 0x01, 0x80, 0x07, 0x01, 0x80, 0x0B,
  0x59, 0x90, 0x32, 0xB0, 0x30, 0x61, 0x60, 0x21, 0x86, 0xC1, 0x63, 0x0D,
  0x82, 0xCC, 0x01, 0xFC, 0x00, 0x00, 0x00, 0x00, 0x00, 0x00, 0x00, 0x04,
  0x06, 0x00, 0xFF, 0x8C, 0x00, 0x10, 0x18, 0x00, 0x20, 0xFF, 0x00, 0xC0,
  0x7E, 0x1F, 0xF8, 0xCC, 0x04, 0xC1, 0x98, 0x19, 0xBF, 0x30, 0x61, 0xCE,
  0x60, 0x88, 0x0E, 0xC1, 0xFF, 0x37, 0x80, 0x60, 0x63, 0x40, 0x41, 0x86,
  0x81, 0xFF, 0x0D, 0x3F, 0xFC, 0x1E, 0x00, 0x00, 0x00, 0x00, 0x00, 0x00,
  0x22, 0x10, 0xC0, 0xC6, 0x31, 0x83, 0x0C, 0x61, 0x86, 0x18, 0x41, 0x80,
  0x00, 0x00, 0x00, 0x00, 0x00, 0x00, 0x18, 0x02, 0x00, 0x31, 0xF6, 0xC0,
  0x60, 0x66, 0x00, 0xCE, 0xCC, 0x85, 0xB7, 0x0E, 0x0B, 0x44, 0x0C, 0x17,
  0x9F, 0xFC, 0x2E, 0x60, 0x1C, 0x5B, 0x80, 0x09, 0xB0, 0x00, 0x02, 0x61,
  0xFF, 0x80, 0xC3, 0x03, 0x01, 0x86, 0x06, 0x03, 0x0C, 0x0C, 0x07, 0x1F,
  0xF8, 0x1E, 0x00, 0x00, 0x36, 0x30, 0xC0, 0x46, 0x21, 0x01, 0x80, 0x66,
  0x07, 0x00, 0x8C, 0x0C, 0x1F, 0xFF, 0x80, 0x00, 0x00, 0x00, 0x00, 0x00,
  0x00, 0x10, 0x3F, 0xC0, 0x20, 0x41, 0x80, 0x40, 0x81, 0x00, 0x81, 0x06,
  0x01, 0x23, 0xFC, 0x0A, 0x40, 0x00, 0x15, 0x80, 0x00, 0x2A, 0x7C, 0xF8,
  0xDC, 0x89, 0x11, 0x21, 0x12, 0x20, 0x43, 0xE7, 0xC0, 0x80, 0x20, 0x01,
  0x00, 0x60, 0x02, 0x00, 0xC0, 0x0E, 0x7F, 0xFE, 0x1E, 0x07, 0x80, 0x24,
  0x3F, 0x80, 0x4C, 0xED, 0x81, 0x83, 0x99, 0x86, 0x1C, 0x31, 0xCC, 0x10,
  0x60, 0x00, 0x00, 0x00, 0x00, 0x00, 0x00, 0x00, 0x04, 0x06, 0x00, 0x88,
  0x0C, 0x01, 0x13, 0xFF, 0xC2, 0x21, 0x33, 0x04, 0x46, 0x66, 0x08, 0x8C,
  0xC8, 0x1F, 0x3D, 0xBC, 0x3E, 0xCB, 0xC8, 0x04, 0x06, 0x00, 0x0B, 0xFF,
  0xF0, 0x10, 0x00, 0x00, 0x60, 0x00, 0x0F, 0xCF, 0xFF, 0x0C, 0x98, 0x02,
  0x19, 0x37, 0xE4, 0x32, 0x6C, 0xC8, 0x44, 0xD9, 0x90, 0x89, 0xBF, 0x21,
  0x13, 0x00, 0x46, 0x27, 0xFF, 0x8C, 0x4C, 0x03, 0x00, 0x00, 0x00, 0x00,
  0x00, 0x00, 0x00, 0x18, 0x18, 0x00, 0x30, 0x30, 0x00, 0x60, 0x60, 0x00,
  0xC0, 0xC0, 0x01, 0x81, 0x80, 0x03, 0x03, 0x00, 0x07, 0xFF, 0xFC, 0x0F,
  0xFF, 0xF8, 0x18, 0x00, 0x00, 0x30, 0x00, 0x00, 0x60, 0x00, 0x00, 0xFF,
  0xF8, 0x01, 0xFF, 0xF0, 0x03, 0x00, 0x60, 0x04, 0x00, 0xC0, 0x18, 0x01,
  0x80, 0x30, 0x03, 0x00, 0x60, 0x06, 0x01, 0x80, 0x0C, 0x07, 0x00, 0x18,
  0x0C, 0x00, 0x30, 0x00, 0x00, 0x00, 0x00, 0x01, 0x00, 0x00, 0x62, 0x1F,
  0xF0, 0xC4, 0x7F, 0xF1, 0x88, 0xC0, 0x03, 0x11, 0x80, 0x06, 0x23, 0x00,
  0x0C, 0x46, 0x00, 0x1F, 0xEC, 0x00, 0x3F, 0xDF, 0xF8, 0x60, 0x3F, 0xF0,
  0xC0, 0x78, 0x61, 0x80, 0xD0, 0x83, 0xF9, 0xA1, 0x07, 0xF3, 0x66, 0x0C,
  0x64, 0x48, 0x18, 0xC8, 0xF0, 0x31, 0xB0, 0xC0, 0x43, 0x61, 0x80, 0x86,
  0xC7, 0x83, 0x0D, 0x19, 0x86, 0x1E, 0xE1, 0xC8, 0x34, 0x81, 0x80, 0x00,
  0x00, 0x00, 0x00, 0x00, 0x00, 0x0C, 0x18, 0x00, 0xD8, 0x20, 0x01, 0xB0,
  0xC0, 0x02, 0x61, 0xFF, 0x87, 0xF3, 0xFF, 0x8F, 0xEC, 0x9B, 0x33, 0x11,
  0x36, 0x66, 0x66, 0x4C, 0x8D, 0x88, 0x98, 0x18, 0x33, 0x20, 0x34, 0x66,
  0x40, 0x79, 0x88, 0x8F, 0xC3, 0x31, 0x1D, 0x8C, 0x42, 0x03, 0x31, 0x8C,
  0x06, 0x42, 0x18, 0x0C, 0x0C, 0x30, 0x18, 0x30, 0x60, 0x30, 0xE0, 0x80,
  0x63, 0x9F, 0x00, 0xC2, 0x1C, 0x00, 0x00, 0x00, 0x00, 0x00, 0x00, 0x00,
  0x02, 0x06, 0x00, 0xC4, 0x0D, 0x81, 0x88, 0x19, 0x83, 0x10, 0x31, 0x86,
  0x20, 0x63, 0x0C, 0x40, 0xC0, 0x1F, 0x81, 0x80, 0x3F, 0x7F, 0xFC, 0x02,
  0xFF, 0xF8, 0x04, 0x0C, 0x00, 0x08, 0x1C, 0x03, 0xF0, 0x38, 0x0F, 0xE0,
  0xF0, 0x04, 0x41, 0xA0, 0x08, 0x83, 0x60, 0x11, 0x0C, 0xC0, 0x22, 0x18,
  0xC0, 0xC4, 0x61, 0xC1, 0x89, 0x81, 0x86, 0x1F, 0x01, 0xC0, 0x38, 0x01,
  0x80, 0x00, 0x00, 0x00, 0x11, 0x00, 0x00, 0x33, 0x7F, 0xF0, 0x3D, 0xFF,
  0xF0, 0x70, 0x08, 0x00, 0xE0, 0x10, 0x03, 0xC0, 0x20, 0x0E, 0xC0, 0x40,
  0x19, 0x80, 0x80, 0x03, 0x01, 0x00, 0x06, 0x02, 0x00, 0x1C, 0xFF, 0xE0,
  0x79, 0xFF, 0xC1, 0xD0, 0x10, 0x07, 0x20, 0x20, 0x1C, 0xC0, 0x40, 0x11,
  0x80, 0x80, 0x03, 0x01, 0x00, 0x06, 0x02, 0x00, 0x0C, 0x04, 0x00, 0xF7,
  0xFF, 0xE1, 0xC7, 0xFF, 0xC0, 0x00, 0x00, 0x00, 0x00, 0x00, 0x00, 0xFF,
  0x7F, 0xF0, 0xFE, 0xC0, 0x60, 0x61, 0x80, 0xC0, 0xC3, 0x01, 0x81, 0x87,
  0xFF, 0x03, 0x0C, 0x06, 0x1F, 0x98, 0x0C, 0x7F, 0xB0, 0x18, 0x18, 0x7F,
  0xF0, 0x30, 0xC0, 0x60, 0x61, 0x80, 0xC0, 0xC3, 0xFF, 0x81, 0x81, 0x98,
  0x03, 0xE3, 0x30, 0x1F, 0x84, 0x60, 0x78, 0x18, 0xC0, 0x80, 0x31, 0x88,
  0x00, 0xC3, 0x10, 0x03, 0x06, 0x20, 0x1C, 0x0F, 0xC0, 0x00, 0x00, 0x00,
  0x00, 0x00, 0x00, 0xFE, 0xFF, 0xF1, 0xFD, 0x8C, 0x60, 0x63, 0x18, 0xC0,
  0xC6, 0x31, 0x81, 0x8F, 0xFF, 0x03, 0x18, 0xC6, 0x06, 0x31, 0x8C, 0x7F,
  0x63, 0x18, 0x7E, 0xC6, 0x30, 0x31, 0xFF, 0xE0, 0x60, 0x1C, 0x00, 0xC0,
  0x30, 0x01, 0x80, 0x60, 0x03, 0x1F, 0xFE, 0x07, 0xBF, 0xFC, 0x1F, 0x03,
  0x00, 0xF0, 0x06, 0x01, 0x80, 0x0C, 0x00, 0x0F, 0xFF, 0xE0, 0x0F, 0xFF,
  0xC0, 0x00, 0x7F, 0xF8, 0x7E, 0xD9, 0x31, 0xFD, 0x12, 0x60, 0x42, 0x24,
  0xC0, 0x87, 0xFF, 0x81, 0x00, 0x00, 0x02, 0x00, 0x00, 0x04, 0x7F, 0xFE,
  0x7F, 0x00, 0x00, 0x38, 0x00, 0x00, 0x21, 0xFF, 0xC0, 0x43, 0x00, 0x80,
  0x86, 0x01, 0x01, 0x0F, 0xFE, 0x03, 0xE1, 0xC0, 0x0F, 0x87, 0x8C, 0x78,
  0x1D, 0xF0, 0x80, 0xE9, 0x80, 0x07, 0x11, 0x80, 0x08, 0x21, 0xC0, 0x00,
  0x41, 0xC0, 0x00, 0x00, 0x00, 0x00, 0x00, 0x00, 0x0C, 0x20, 0x00, 0x18,
  0x40, 0x00, 0x30, 0x80, 0x00, 0xC1, 0x00, 0x01, 0xFF, 0xFE, 0x03, 0xFF,
  0xFE, 0x0C, 0x08, 0x00, 0x30, 0x10, 0x00, 0x60, 0x20, 0x00, 0x80, 0x40,
  0x00, 0x00, 0x80, 0x00, 0xFF, 0xFF, 0x01, 0xFF, 0xFE, 0x00, 0x04, 0x00,
  0x00, 0x08, 0x00, 0x00, 0x10, 0x00, 0x00, 0x20, 0x00, 0x00, 0x40, 0x00,
  0x00, 0x80, 0x07, 0xFF, 0xFF, 0xC7, 0xFF, 0xFF, 0x00, 0x00, 0x00, 0x00,
  0x00, 0x20, 0x00, 0x00, 0xE0, 0x00, 0xFF, 0xFF, 0xC0, 0x38, 0x38, 0x00,
  0x1F, 0xC0, 0x00, 0x1F, 0x80, 0x03, 0xE1, 0xC0, 0x07, 0x01, 0xC0, 0x3F,
  0xFF, 0xF8, 0x60, 0x00, 0x00, 0xC4, 0x20, 0x01, 0x98, 0xE0, 0x03, 0x3F,
  0xFE, 0x04, 0xC1, 0x00, 0x09, 0x02, 0x00, 0x11, 0xFF, 0xF0, 0x60, 0x1C,
  0x00, 0xC0, 0x10, 0x01, 0x80, 0x20, 0x06, 0x00, 0xE0, 0x0C, 0xFF, 0xFF,
  0x80, 0x00, 0x00, 0x00, 0x0F, 0xFF, 0xF0, 0x1F, 0xFF, 0xE0, 0x20, 0x40,
  0x40, 0x40, 0x80, 0x80, 0x81, 0x01, 0x01, 0x02, 0x02, 0x03, 0xFF, 0xFC,
  0x07, 0xFF, 0xF8, 0x08, 0x10, 0x10, 0x10, 0x20, 0x20, 0x20, 0x40, 0x40,
  0xFF, 0xFF, 0x81, 0xFF, 0xFF, 0x03, 0x02, 0x02, 0x06, 0x04, 0x04, 0x08,
  0x08, 0x08, 0x30, 0x10, 0x10, 0x60, 0x20, 0x21, 0x80, 0x47, 0xC3, 0x00,
  0x8F, 0x80, 0x00, 0x00, 0x00, 0x1F, 0xFF, 0xF0, 0x30, 0x70, 0x60, 0x60,
  0x40, 0xC0, 0xC0, 0x81, 0x81, 0x83, 0x83, 0x03, 0xFF, 0xFE, 0x06, 0x04,
  0x0C, 0x0C, 0x08, 0x18, 0x18, 0x10, 0x30, 0x3F, 0xFF, 0xE0, 0x60, 0xE0,
  0xC0, 0xC0, 0x81, 0x81, 0x81, 0x03, 0x03, 0x02, 0x3E, 0x06, 0x04, 0x78,
  0x00, 0x08, 0x00, 0x00, 0x10, 0x0C, 0x00, 0x20, 0x18, 0x00, 0x7F, 0xF0,
  0x00, 0x7F, 0xC0, 0x00, 0x00, 0x00, 0x00, 0x20, 0x00, 0x00, 0x40, 0x00,
  0x00, 0x80, 0x00, 0x01, 0x00, 0x03, 0xFF, 0xFE, 0x07, 0xFF, 0xFC, 0x08,
  0x08, 0x08, 0x10, 0x10, 0x10, 0x20, 0x20, 0x20, 0x40, 0x40, 0x40, 0x80,
  0x80, 0x81, 0xFF, 0xFF, 0x03, 0xFF, 0xFE, 0x04, 0x04, 0x04, 0x08, 0x08,
  0x08, 0x10, 0x10, 0x10, 0x20, 0x20, 0x20, 0x40, 0x40, 0x40, 0xFF, 0xFF,
  0x81, 0xFF, 0xFF, 0x02, 0x00, 0x02, 0x00, 0x00, 0x00, 0x00, 0x00, 0x00,
  0x00, 0x03, 0x80, 0x00, 0x7E, 0x3F, 0xE0, 0xE0, 0x18, 0xC1, 0x80, 0x31,
  0x83, 0x30, 0x43, 0x06, 0x60, 0x86, 0x0C, 0x63, 0x0C, 0x1B, 0xE4, 0x18,
  0x3F, 0xF8, 0x61, 0xE0, 0xE3, 0xC0, 0x00, 0x80, 0x00, 0x00, 0x00, 0x01,
  0xFF, 0xFC, 0x03, 0x04, 0x18, 0x06, 0x08, 0x30, 0x0F, 0xFF, 0xE0, 0x18,
  0x60, 0xC0, 0x30, 0x41, 0x80, 0x60, 0x83, 0x00, 0xFF, 0xFE, 0x01, 0x80,
  0x0C, 0x00, 0x00, 0x00, 0x00, 0x00, 0x00, 0x00, 0x00, 0x20, 0x00, 0x3F,
  0xFF, 0x80, 0x00, 0x83, 0x07, 0xFF, 0xFF, 0xC0, 0x06, 0x0C, 0x00, 0x04,
  0x18, 0x07, 0xFF, 0xF0, 0x00, 0x10, 0x00, 0x3F, 0xFF, 0xE0, 0x00, 0xC0,
  0x00, 0x01, 0x80, 0x07, 0xFF, 0xFF, 0xC0, 0x00, 0x00, 0x03, 0xFF, 0xF8,
  0x06, 0x08, 0x10, 0x0F, 0xFF, 0xE0, 0x18, 0x20, 0x40, 0x3F, 0xFF, 0x80,
  0x00, 0x00, 0x00, 0x00, 0x00, 0x0F, 0xFF, 0xFF, 0x80, 0x00, 0x00, 0x00,
  0x18, 0x20, 0xC0, 0x18, 0x43, 0x00, 0x30, 0x86, 0x03, 0xFF, 0xFF, 0x86,
  0x00, 0x03, 0x0C, 0x00, 0x02, 0x18, 0x00, 0x04, 0x33, 0xFF, 0xC8, 0x04,
  0x01, 0x80, 0x08, 0x03, 0x00, 0x1F, 0xFE, 0x00, 0x00, 0x00, 0x00, 0x00,
  0x00, 0x03, 0xFF, 0xFC, 0x04, 0x1C, 0x18, 0x08, 0x10, 0x30, 0x1F, 0xFF,
  0xE0, 0x20, 0x60, 0xC0, 0x40, 0x81, 0x80, 0x83, 0x83, 0x01, 0xFF, 0xFE,
  0x02, 0x00, 0x00, 0x00, 0x00, 0x00, 0x00, 0x00, 0x30, 0x00, 0x00, 0x60,
  0x00, 0x3F, 0xFF, 0xC0, 0x7F, 0xFF, 0xCC, 0x80, 0x00, 0x19, 0x06, 0x00,
  0x1A, 0x0C, 0x00, 0x1C, 0x3F, 0xC0, 0x08, 0x7F, 0x80, 0x11, 0x82, 0x00,
  0x66, 0x0C, 0x01, 0xCC, 0x18, 0x07, 0xB0, 0x70, 0x1B, 0x00, 0xE0, 0x06,
  0x03, 0x40, 0x0C, 0x0C, 0xC0, 0x10, 0x38, 0xC0, 0x60, 0xE1, 0x80, 0xC3,
  0x81, 0x83, 0x1E, 0x01, 0xC4, 0x30, 0x01, 0x80, 0x00, 0x00, 0x00, 0x00,
  0x00, 0x00, 0x00, 0x18, 0x00, 0x00, 0x70, 0x00, 0x7F, 0xFF, 0xE0, 0xC0,
  0x00, 0x0D, 0x80, 0x40, 0x0B, 0x00, 0x80, 0x16, 0x7F, 0xFC, 0x3C, 0xC7,
  0x18, 0x79, 0x84, 0x30, 0x33, 0x08, 0x40, 0x66, 0x10, 0x00, 0xCF, 0xFF,
  0x07, 0x9E, 0x0C, 0x1F, 0x24, 0x18, 0x24, 0x4C, 0x30, 0x08, 0x8C, 0xC0,
  0x33, 0x0F, 0x00, 0x66, 0x1C, 0x00, 0x98, 0x7E, 0x03, 0x33, 0xCF, 0x04,
  0xCE, 0x07, 0x00, 0x00, 0x00, 0x00, 0x00, 0x00, 0x00, 0x00, 0x18, 0x00,
  0x00, 0x30, 0x00, 0x7F, 0xFF, 0xE0, 0xFF, 0xFF, 0x89, 0x80, 0x00, 0x1B,
  0x3F, 0xFC, 0x16, 0x00, 0x70, 0x3C, 0x39, 0xC0, 0x78, 0x3E, 0x00, 0x30,
  0x1E, 0x00, 0x67, 0xFF, 0xC0, 0xC8, 0x61, 0x87, 0x90, 0xC3, 0x1B, 0x3F,
  0xFE, 0x26, 0x43, 0x0C, 0x08, 0x86, 0x18, 0x31, 0xFF, 0xF0, 0x62, 0x18,
  0x60, 0x84, 0x30, 0xC3, 0x08, 0x61, 0x84, 0x10, 0xCF, 0x00, 0x00, 0x00,
  0x00, 0x00, 0x00, 0x00, 0x00, 0x10, 0x80, 0x7F, 0xB3, 0x00, 0x06, 0x3C,
  0x01, 0x0C, 0x71, 0x83, 0xB0, 0x66, 0x01, 0xC0, 0x78, 0x03, 0xFF, 0xE0,
  0x0C, 0x00, 0x70, 0x70, 0x00, 0x79, 0xC0, 0x00, 0x30, 0x3F, 0xFE, 0x00,
  0x60, 0x0C, 0x00, 0xC0, 0x18, 0x01, 0x80, 0x30, 0x03, 0x00, 0x60, 0x07,
  0xFF, 0xC0, 0x02, 0x02, 0x00, 0x06, 0x0C, 0x00, 0x0C, 0x10, 0x00, 0x1C,
  0x60, 0x07, 0xFF, 0xFF, 0x00, 0x00, 0x00, 0x00, 0x00, 0x10, 0x80, 0x7F,
  0xB3, 0x00, 0x06, 0x38, 0x41, 0x98, 0x31, 0x81, 0xE0, 0x3C, 0x01, 0x80,
  0x38, 0x0F, 0x00, 0x7C, 0x7F, 0xCF, 0xDC, 0x81, 0x91, 0x80, 0x03, 0x23,
  0x00, 0x06, 0xC6, 0x41, 0xFF, 0x07, 0x82, 0x06, 0x00, 0x04, 0x00, 0x00,
  0x08, 0x0F, 0xF0, 0x3F, 0xC8, 0x60, 0x01, 0x18, 0x80, 0x02, 0x1F, 0x00,
  0x04, 0x1C, 0x00, 0x18, 0xFE, 0x03, 0xF7, 0x0F, 0x00, 0x00, 0x00, 0x00,
  0x00, 0x00, 0x00, 0x00, 0x60, 0x00, 0x00, 0xC0, 0x00, 0x03, 0x00, 0x00,
  0xFF, 0xFE, 0x03, 0xFF, 0xFE, 0x06, 0x00, 0x0C, 0x0C, 0x00, 0x18, 0x18,
  0x00, 0x30, 0x30, 0x00, 0x60, 0x60, 0x00, 0xC0, 0xFF, 0xFF, 0x81, 0xFF,
  0xFF, 0x03, 0x00, 0x06, 0x06, 0x00, 0x0C, 0x0C, 0x00, 0x18, 0x18, 0x00,
  0x30, 0x30, 0x00, 0x60, 0x60, 0x00, 0xC0, 0xFF, 0xFF, 0x81, 0xFF, 0xFF,
  0x03, 0x00, 0x06, 0x00, 0x00, 0x00, 0x00, 0x00, 0x00, 0x00, 0x0C, 0x0C,
  0x00, 0x18, 0x18, 0x00, 0x30, 0x30, 0x01, 0xFC, 0x7F, 0x87, 0xF9, 0xFF,
  0x0C, 0x33, 0x02, 0x18, 0x6C, 0x04, 0x30, 0xD8, 0x08, 0x61, 0xA0, 0x30,
  0xC3, 0x18, 0x61, 0xFE, 0x30, 0xC3, 0xFC, 0x31, 0x86, 0x18, 0x33, 0x0C,
  0x30, 0x66, 0x18, 0x60, 0x4C, 0x30, 0xC0, 0x18, 0x61, 0x80, 0x30, 0xFF,
  0x00, 0x41, 0xFE, 0x00, 0x83, 0x00, 0x3F, 0x06, 0x00, 0x7C, 0x00, 0x00,
  0x00, 0x00, 0x00, 0x00, 0x00, 0x00, 0x06, 0x00, 0xFF, 0x88, 0x01, 0x18,
  0x30, 0x03, 0x30, 0x7F, 0xC7, 0xFC, 0xC0, 0x08, 0x0B, 0x00, 0x10, 0x1C,
  0x00, 0x3F, 0xE0, 0x00, 0x66, 0x00, 0x00, 0x8C, 0x1F, 0xE1, 0xFF, 0x80,
  0x00, 0x00, 0x00, 0x00, 0x00, 0x00, 0x00, 0x00, 0x00, 0x07, 0xFF, 0xF0,
  0x08, 0xC6, 0x20, 0x11, 0x8C, 0x40, 0x23, 0x18, 0x80, 0x46, 0x31, 0x07,
  0xFF, 0xFF, 0xC7, 0xFF, 0xFF, 0x00, 0x00, 0x00, 0x00, 0x04, 0x00, 0x00,
  0x7F, 0x1F, 0x80, 0xC2, 0x23, 0x01, 0x24, 0x46, 0x42, 0x49, 0x8D, 0x84,
  0xD6, 0x0E, 0x0F, 0xFC, 0x00, 0x78, 0x4F, 0xF0, 0x24, 0x8C, 0x60, 0x49,
  0x09, 0x81, 0x92, 0x1E, 0x02, 0x04, 0x7E, 0x0C, 0x3B, 0xCF, 0x90, 0x00,
  0x02, 0x07, 0xFF, 0xF0, 0x0C, 0xC6, 0x60, 0x11, 0x88, 0x40, 0x23, 0x10,
  0x80, 0x46, 0x21, 0x01, 0xCC, 0x67, 0x0F, 0xFF, 0xFF, 0x80, 0x0F, 0xFF,
  0xE0, 0x1F, 0xFF, 0xC0, 0x20, 0x01, 0x80, 0x40, 0x03, 0x00, 0x80, 0x06,
  0x01, 0x00, 0x0C, 0x03, 0xFF, 0xF8, 0x07, 0xFF, 0xF0, 0x08, 0x00, 0x60,
  0x10, 0x00, 0xC0, 0x20, 0x01, 0x80, 0x7F, 0xFF, 0x00, 0xFF, 0xFE, 0x01,
  0x00, 0x0C, 0x02, 0x00, 0x18, 0x04, 0x00, 0x30, 0x08, 0x00, 0x60, 0x1F,
  0xFF, 0xC0, 0x3F, 0xFF, 0x80, 0x40, 0x03, 0x00, 0x00, 0x00, 0x00, 0x00,
  0x00, 0x00, 0x00, 0x30, 0x00, 0x00, 0x60, 0x01, 0xFF, 0xFF, 0xE3, 0xFF,
  0xFF, 0x80, 0x02, 0x00, 0x00, 0x0C, 0x00, 0x08, 0xFF, 0xF0, 0x11, 0x80,
  0x60, 0x23, 0x00, 0xC0, 0x47, 0xFF, 0x80, 0x8C, 0x03, 0x01, 0x18, 0x06,
  0x02, 0x3F, 0xFC, 0x04, 0x60, 0x18, 0x08, 0xC0, 0x30, 0x11, 0xFF, 0xE0,
  0x20, 0x00, 0x00, 0x40, 0x00, 0x00, 0xFF, 0xFF, 0xC1, 0xFF, 0xFF, 0xC2,
  0x00, 0x00, 0x00, 0x00, 0x00, 0x00, 0x00, 0x00, 0x00, 0x0C, 0x00, 0x00,
  0x18, 0x7F, 0xE0, 0x30, 0xFF, 0xC0, 0x61, 0x81, 0x87, 0xFB, 0x03, 0x1F,
  0xF6, 0x06, 0x03, 0x0F, 0xFC, 0x0E, 0x1F, 0xF8, 0x1C, 0x30, 0x30, 0x3C,
  0x60, 0x60, 0xF8, 0xC0, 0xC1, 0x79, 0x81, 0x86, 0xDB, 0xFF, 0x0D, 0x87,
  0xFE, 0x33, 0x0C, 0x0C, 0x66, 0x18, 0x18, 0x8C, 0x30, 0x30, 0x18, 0x60,
  0x60, 0x30, 0xFF, 0xC0, 0x61, 0xFF, 0x80, 0xC3, 0x03, 0x00, 0x00, 0x00,
  0x00, 0x00, 0x00, 0x00, 0x00, 0x0F, 0xE0, 0x7F, 0xFF, 0x00, 0x03, 0x00,
  0x00, 0x06, 0x00, 0x03, 0xFF, 0xFE, 0x00, 0x30, 0x00, 0x00, 0x60, 0x00,
  0x7F, 0xFF, 0xFC, 0x07, 0x00, 0x00, 0x0C, 0x00, 0x00, 0x3F, 0xFF, 0x00,
  0x70, 0x06, 0x03, 0xE0, 0x04, 0x0E, 0xFF, 0xF8, 0x39, 0x80, 0x10, 0x23,
  0x00, 0x20, 0x07, 0xFF, 0xC0, 0x0C, 0x01, 0x80, 0x18, 0x01, 0x00, 0x3F,
  0xFE, 0x00, 0x60, 0x0C, 0x00, 0x00, 0x00, 0x00, 0x00, 0x1F, 0xF0, 0x7E,
  0x3F, 0xF0, 0xCC, 0x40, 0x61, 0x08, 0x80, 0xC2, 0x11, 0x01, 0x84, 0x23,
  0xFF, 0x0F, 0xC6, 0x06, 0x19, 0x88, 0x0C, 0x21, 0x10, 0x18, 0x42, 0x30,
  0x30, 0x84, 0x7F, 0xE1, 0xF8, 0x88, 0x03, 0x31, 0x18, 0xC4, 0x22, 0x33,
  0x08, 0x44, 0x3C, 0x10, 0x88, 0x70, 0x3F, 0x10, 0x40, 0x7E, 0x20, 0xC0,
  0x80, 0x5E, 0xC1, 0x03, 0xF8, 0xE0, 0x07, 0x00, 0xC0, 0x00, 0x00, 0x00,
  0x00, 0x00, 0x00, 0x00, 0x06, 0x00, 0xFC, 0x0C, 0x01, 0xFB, 0xFF, 0xC2,
  0x10, 0x30, 0x04, 0x27, 0xFF, 0x08, 0x40, 0xC0, 0x1F, 0x81, 0x80, 0x33,
  0x7F, 0xFC, 0x42, 0x00, 0x00, 0x84, 0x00, 0x01, 0x09, 0xFF, 0x83, 0xF3,
  0x31, 0x06, 0x66, 0x22, 0x08, 0x4C, 0x44, 0x10, 0x98, 0x88, 0x21, 0x3F,
  0xF0, 0x7E, 0x60, 0x20, 0xFC, 0xC0, 0x41, 0x01, 0x80, 0x82, 0x03, 0x01,
  0x00, 0x06, 0x0E, 0x00, 0x00, 0x00, 0x00, 0x00, 0x00, 0x00, 0x00, 0x03,
  0xF0, 0xFD, 0xFF, 0x01, 0x98, 0x18, 0x02, 0x30, 0x30, 0x04, 0x60, 0x60,
  0x08, 0xDF, 0xFF, 0x1F, 0x99, 0x98, 0x33, 0x33, 0x30, 0x46, 0x66, 0x60,
  0x8C, 0xCC, 0xC1, 0x1F, 0xFF, 0xE3, 0xF3, 0x33, 0x06, 0x66, 0x66, 0x08,
  0xCC, 0xCC, 0x11, 0x99, 0x98, 0x23, 0x7F, 0xFC, 0x7E, 0x06, 0x00, 0xF8,
  0x0C, 0x01, 0x00, 0x18, 0x02, 0x0F, 0xFF, 0xC0, 0x1F, 0xFF, 0x80, 0x00,
  0x00, 0x00, 0x30, 0x00, 0x00, 0x60, 0x1F, 0xC0, 0xC0, 0x3F, 0xC1, 0xFE,
  0x41, 0x87, 0xFC, 0x83, 0x0C, 0xC1, 0x06, 0x31, 0x82, 0x0C, 0x63, 0x04,
  0x18, 0x06, 0x08, 0x31, 0xFF, 0xD0, 0x63, 0xFF, 0xA0, 0xC0, 0x20, 0x41,
  0x80, 0xC0, 0x83, 0x01, 0xC1, 0x06, 0x03, 0xC2, 0x0C, 0x04, 0xC4, 0x18,
  0x19, 0xC8, 0x30, 0x71, 0x9F, 0xE0, 0xC1, 0x3F, 0xC3, 0x00, 0x41, 0x8C,
  0x00, 0x82, 0x00, 0x00, 0x00, 0x00, 0x00, 0x00, 0x00, 0x00, 0x02, 0x01,
  0xFF, 0x04, 0x01, 0xFD, 0xFF, 0xC0, 0x83, 0xFF, 0xC3, 0x00, 0x00, 0x06,
  0x02, 0x08, 0x0C, 0x0C, 0x30, 0x18, 0x18, 0x60, 0x3F, 0x39, 0xE0, 0xE6,
  0xDA, 0x61, 0x8D, 0x8C, 0xC3, 0x1E, 0x30, 0x8E, 0x30, 0x20, 0x1C, 0x60,
  0x40, 0x08, 0xDF, 0xFE, 0x11, 0xFF, 0xFC, 0x3F, 0x02, 0x00, 0x7E, 0x04,
  0x00, 0x80, 0x08, 0x01, 0x00, 0x10, 0x00, 0x00, 0x20, 0x00, 0x00, 0x00,
  0x00, 0x00, 0x00, 0x00, 0x00, 0x06, 0x01, 0xFE, 0x0C, 0x01, 0xFF, 0xFF,
  0xE0, 0x86, 0x70, 0xC1, 0x0C, 0xC9, 0x86, 0x1B, 0x13, 0x0C, 0x06, 0x60,
  0x18, 0x1F, 0xF8, 0x3F, 0x73, 0x80, 0xE7, 0xE2, 0x01, 0x8E, 0xC4, 0x03,
  0x19, 0xFF, 0x8E, 0x33, 0x38, 0x1C, 0x66, 0x20, 0x28, 0xCC, 0x40, 0x11,
  0x9F, 0xF8, 0x23, 0x33, 0x80, 0x7E, 0x62, 0x00, 0xC0, 0xC4, 0x01, 0x01,
  0xFF, 0xC0, 0x03, 0x00, 0x00, 0x00, 0x00, 0x00, 0x3F, 0x80, 0x00, 0xFF,
  0xBF, 0xF0, 0x20, 0x46, 0x00, 0x40, 0x8C, 0x01, 0x81, 0x18, 0x03, 0x03,
  0xFF, 0x06, 0x04, 0x60, 0x08, 0x08, 0xC0, 0x1F, 0x9F, 0xF8, 0x73, 0x23,
  0x00, 0xC6, 0x46, 0x03, 0x8C, 0xCC, 0x07, 0x19, 0xFF, 0xCA, 0x30, 0x01,
  0x84, 0x60, 0x1A, 0x08, 0xD2, 0x94, 0x11, 0xA5, 0xB8, 0x3F, 0x49, 0x10,
  0x61, 0x90, 0x20, 0x82, 0x00, 0xC0, 0x00, 0x0F, 0x80, 0x00, 0x00, 0x00,
  0x00, 0x00, 0x00, 0x04, 0x0F, 0xC1, 0xFF, 0x99, 0x80, 0x10, 0x21, 0x23,
  0xFE, 0x42, 0xC0, 0x01, 0x87, 0x00, 0x02, 0x00, 0x1F, 0xF7, 0xF8, 0x32,
  0x66, 0x30, 0x64, 0xC6, 0xC0, 0xFF, 0x8F, 0x01, 0x00, 0x7F, 0x86, 0x01,
  0x83, 0xC4, 0x00, 0x00, 0x0F, 0xFF, 0xFE, 0x00, 0xC0, 0x00, 0x07, 0x00,
  0x00, 0x1F, 0xFF, 0xE0, 0xF8, 0x00, 0xC3, 0x30, 0x01, 0x80, 0x7F, 0xFF,
  0x00, 0xC0, 0x06, 0x00, 0x00, 0x00, 0x00, 0x00, 0x18, 0x20, 0xFF, 0x30,
  0x40, 0xF1, 0xFF, 0xF0, 0x40, 0xC3, 0x81, 0x83, 0x87, 0x03, 0x07, 0x9F,
  0x06, 0x1E, 0xEA, 0x08, 0x2D, 0x96, 0x1F, 0xD8, 0x24, 0x76, 0x10, 0x40,
  0xC4, 0x00, 0x01, 0x8B, 0xFF, 0xE7, 0x10, 0x30, 0x8E, 0x22, 0x63, 0x04,
  0x44, 0xC0, 0x08, 0x99, 0xFC, 0x1B, 0x33, 0x00, 0x3E, 0x76, 0x00, 0x41,
  0xBC, 0x00, 0x86, 0x3C, 0x00, 0x0C, 0x3F, 0xC0, 0x00, 0x00, 0x00, 0x0F,
  0xFF, 0xE0, 0x3F, 0xFF, 0xE0, 0x00, 0x00, 0x00, 0x00, 0x00, 0x00, 0x00,
  0x00, 0x00, 0x00, 0x00, 0x1F, 0xFF, 0xFF, 0x1F, 0xFF, 0xFC, 0x00, 0x10,
  0x00, 0x00, 0x20, 0x00, 0x18, 0x40, 0x00, 0x30, 0x86, 0x00, 0xC1, 0x06,
  0x01, 0x82, 0x0C, 0x06, 0x04, 0x0C, 0x0C, 0x08, 0x18, 0x30, 0x10, 0x18,
  0xC0, 0x20, 0x30, 0x00, 0x40, 0x00, 0x0F, 0x80, 0x00, 0x1E, 0x00, 0x00,
  0x00, 0x00, 0x00, 0x18, 0x02, 0x00, 0x30, 0x04, 0x00, 0x60, 0x08, 0x00,
  0xC3, 0xFF, 0x8F, 0xF7, 0xFF, 0x8F, 0xE8, 0x43, 0x00, 0x90, 0x86, 0x03,
  0x21, 0x0C, 0x0C, 0x67, 0x38, 0x18, 0xFF, 0xF0, 0x79, 0x08, 0x61, 0xFA,
  0x10, 0xC7, 0xB4, 0x21, 0x9B, 0x2F, 0xFF, 0x26, 0x1F, 0xFE, 0x0C, 0x21,
  0x00, 0x18, 0x02, 0x00, 0x30, 0x04, 0x00, 0x60, 0x08, 0x00, 0xC0, 0x10,
  0x01, 0x80, 0x20, 0x00, 0x00, 0x00, 0x00, 0x00, 0x00, 0x00, 0x03, 0x03,
  0x00, 0x7E, 0x06, 0x03, 0xF0, 0x0C, 0x00, 0x60, 0x18, 0x00, 0xC3, 0x36,
  0x01, 0x86, 0x64, 0x1F, 0xC8, 0xCC, 0x7F, 0xB1, 0x88, 0x1C, 0x63, 0x18,
  0x38, 0x86, 0x30, 0x7B, 0x0C, 0x21, 0xF8, 0x19, 0x02, 0xD0, 0xF2, 0x0D,
  0xA1, 0xCC, 0x33, 0x00, 0x18, 0x66, 0x00, 0x60, 0x0C, 0x01, 0x80, 0x18,
  0x0E, 0x00, 0x30, 0x38, 0x00, 0x63, 0xE0, 0x00, 0xCE, 0x00, 0x00, 0x00,
  0x00, 0x00, 0x00, 0x00, 0x00, 0x03, 0x06, 0x00, 0xFE, 0x1C, 0x03, 0xF0,
  0x7F, 0xC0, 0x61, 0xC3, 0x00, 0xC7, 0x86, 0x01, 0x99, 0x98, 0x1F, 0xC1,
  0xE0, 0x7F, 0x83, 0x80, 0x1C, 0x0E, 0x00, 0x38, 0x7E, 0x00, 0x79, 0xCC,
  0x01, 0xF0, 0x3F, 0xC2, 0xF0, 0xC3, 0x8D, 0xA7, 0x06, 0x13, 0x1F, 0x0C,
  0x66, 0x23, 0x30, 0x8C, 0x03, 0xC0, 0x18, 0x07, 0x00, 0x30, 0x3C, 0x00,
  0x61, 0xE0, 0x00, 0xCF, 0x00, 0x00, 0x00, 0x00, 0x00, 0x00, 0x00, 0x00,
  0x07, 0x00, 0x00, 0xFC, 0x7F, 0xE3, 0xF0, 0x80, 0xC0, 0x61, 0x01, 0x80,
  0xC2, 0x03, 0x01, 0x84, 0x06, 0x1F, 0xCC, 0x0C, 0x7F, 0x9F, 0xF8, 0x1C,
  0x00, 0x00, 0x38, 0x00, 0x00, 0x79, 0xFF, 0xE1, 0xFB, 0xFF, 0x82, 0xD8,
  0x20, 0x0D, 0xA0, 0x40, 0x33, 0x01, 0xC0, 0x66, 0x3F, 0xF8, 0x8C, 0x02,
  0x00, 0x18, 0x04, 0x00, 0x30, 0x08, 0x00, 0x67, 0xFF, 0xC0, 0xCF, 0xFF,
  0x81, 0x00, 0x00, 0x00, 0x00, 0x00, 0x00, 0x03, 0x02, 0x00, 0x7E, 0x24,
  0xC3, 0xF0, 0xC8, 0x80, 0x63, 0x11, 0x80, 0xC6, 0x21, 0x81, 0x98, 0x43,
  0x1F, 0xC1, 0xC4, 0x7F, 0x9F, 0xF8, 0x1C, 0x20, 0x30, 0x38, 0x40, 0x60,
  0x78, 0xC0, 0xC1, 0xF1, 0xFF, 0x82, 0xF2, 0x03, 0x0D, 0xA4, 0x06, 0x13,
  0x0C, 0x0C, 0x66, 0x1F, 0xF8, 0x8C, 0x20, 0x30, 0x18, 0x40, 0x60, 0x30,
  0x80, 0xC0, 0x61, 0x01, 0x80, 0xC2, 0x0F, 0x00, 0x04, 0x00, 0x00, 0x00,
  0x00, 0x00, 0x03, 0x01, 0xF0, 0x7F, 0xFF, 0xC3, 0xF0, 0x08, 0x00, 0x60,
  0x38, 0x00, 0xCF, 0xFF, 0x81, 0x80, 0x40, 0x1F, 0xC0, 0xC0, 0x7F, 0xBF,
  0xF8, 0x1C, 0x42, 0x10, 0x38, 0x84, 0x20, 0x79, 0xFF, 0xC1, 0xFB, 0x10,
  0x82, 0xDC, 0x21, 0x0D, 0xAF, 0xFE, 0x33, 0x01, 0xC0, 0x66, 0x01, 0x00,
  0x8C, 0x7F, 0xF0, 0x18, 0x0E, 0x00, 0x30, 0x08, 0x00, 0x60, 0x38, 0x00,
  0xDF, 0xFF, 0x80, 0x00, 0x00, 0x00, 0x00, 0x00, 0x00, 0x02, 0x01, 0xE0,
  0x7C, 0x7F, 0x03, 0xE1, 0x80, 0x80, 0xC3, 0x31, 0x81, 0x84, 0x63, 0x03,
  0x18, 0x43, 0x3F, 0xF0, 0x86, 0x7F, 0x81, 0x00, 0x18, 0x7F, 0xF0, 0x30,
  0xCC, 0x60, 0xF1, 0x88, 0xC1, 0xF3, 0x31, 0x83, 0xB7, 0xFF, 0x0F, 0x0C,
  0x46, 0x16, 0x18, 0x8C, 0x6C, 0x33, 0x18, 0x99, 0xFF, 0xF8, 0x30, 0xC0,
  0x60, 0x61, 0x80, 0xC0, 0xC3, 0x01, 0x81, 0x86, 0x0F, 0x00, 0x00, 0x00,
  0x00, 0x00, 0x10, 0x00, 0x00, 0x20, 0x00, 0xFF, 0xFF, 0xE1, 0xFF, 0xFF,
  0xC3, 0x0C, 0x61, 0x86, 0x10, 0xC3, 0x08, 0x61, 0x80, 0x00, 0xC3, 0x00,
  0x03, 0x06, 0x18, 0x1C, 0x0F, 0xF0, 0xE0, 0x00, 0x00, 0x00, 0x00, 0x00,
  0xFF, 0xFE, 0x01, 0xFF, 0xFE, 0x00, 0x04, 0x00, 0x00, 0x08, 0x00, 0x00,
  0x10, 0x00, 0x00, 0x20, 0x00, 0x00, 0x40, 0x03, 0xFF, 0xFF, 0xE3, 0xFF,
  0xFF, 0x80, 0x00, 0x00, 0x00, 0x00, 0x20, 0x00, 0x00, 0xE0, 0x01, 0xFF,
  0xFF, 0xC2, 0x0C, 0x40, 0x84, 0x30, 0x83, 0x00, 0xC1, 0x8C, 0x1F, 0x03,
  0xF0, 0x00, 0x00, 0x00, 0x3F, 0xFF, 0xF0, 0x07, 0x04, 0x00, 0x0C, 0x0C,
  0x00, 0x30, 0x0C, 0x07, 0xFF, 0xFE, 0x04, 0x06, 0x0E, 0x00, 0x08, 0x00,
  0x00, 0x38, 0x00, 0x1F, 0xFF, 0xE0, 0x00, 0x40, 0x00, 0x00, 0x80, 0x00,
  0x03, 0x80, 0x0F, 0xFF, 0xFF, 0x80, 0x00, 0x00, 0x00, 0x00, 0x20, 0x00,
  0x00, 0x40, 0x00, 0x00, 0x80, 0x00, 0x01, 0x00, 0x07, 0xFF, 0xFF, 0x0F,
  0xFF, 0xFE, 0x00, 0x00, 0x00, 0x00, 0x00, 0x80, 0x0C, 0x01, 0x80, 0x08,
  0x02, 0x00, 0x18, 0x0C, 0x00, 0x30, 0x18, 0x00, 0x60, 0x30, 0x00, 0x40,
  0x40, 0x00, 0xC1, 0x80, 0x01, 0x83, 0x00, 0x03, 0x04, 0x00, 0x04, 0x18,
  0x00, 0x00, 0x30, 0x07, 0xFF, 0xFF, 0xC7, 0xFF, 0xFF, 0x80, 0x00, 0x00,
  0x00, 0x18, 0x06, 0x00, 0x30, 0x8C, 0x20, 0x61, 0x18, 0x40, 0xC2, 0x30,
  0x87, 0xE4, 0x61, 0x1F, 0xCF, 0xFE, 0x00, 0x1F, 0xFC, 0x23, 0x00, 0x00,
  0x46, 0xFF, 0xF8, 0xCD, 0xFF, 0xF1, 0x90, 0x18, 0x03, 0x20, 0x30, 0x06,
  0x4F, 0xFF, 0x05, 0x99, 0xB6, 0x0B, 0x32, 0x64, 0x07, 0xE4, 0xC8, 0xFE,
  0xC9, 0x91, 0xC1, 0x93, 0x20, 0x03, 0x26, 0x40, 0x06, 0x4C, 0x80, 0x0C,
  0x9F, 0x00, 0x00, 0x00, 0x00, 0x00, 0x00, 0x00, 0x18, 0x0C, 0x00, 0x60,
  0x30, 0x00, 0xFF, 0x7F, 0xC1, 0xF1, 0xD8, 0x06, 0x63, 0x10, 0x18, 0x4C,
  0x30, 0x10, 0x80, 0x00, 0x06, 0x00, 0x40, 0x0C, 0x00, 0x80, 0x33, 0xFF,
  0xE0, 0x67, 0xFF, 0xE1, 0xC0, 0x04, 0x07, 0x80, 0x08, 0x1B, 0x18, 0x10,
  0x16, 0x18, 0x20, 0x0C, 0x10, 0x40, 0x18, 0x30, 0x80, 0x30, 0x21, 0x00,
  0x60, 0x02, 0x00, 0xC0, 0x04, 0x01, 0x80, 0xF8, 0x01, 0x01, 0xE0, 0x00,
  0x00, 0x00, 0x00, 0x18, 0x0C, 0x00, 0x30, 0x30, 0x00, 0xFF, 0xFF, 0xE3,
  0x33, 0x98, 0x06, 0x66, 0x10, 0x08, 0x0C, 0x00, 0x07, 0xFF, 0xF0, 0x00,
  0x30, 0x60, 0x00, 0x20, 0x41, 0xFF, 0xFF, 0xF0, 0x01, 0x83, 0x80, 0x03,
  0x06, 0x01, 0xFF, 0xFC, 0x00, 0x04, 0x00, 0x00, 0x1C, 0x00, 0x1F, 0xFF,
  0xF0, 0x00, 0x20, 0x00, 0x00, 0xE0, 0x01, 0xFF, 0xFF, 0xC0, 0x01, 0x00,
  0x00, 0x02, 0x00, 0x00, 0x00, 0x00, 0x00, 0x18, 0x0C, 0x00, 0x70, 0x38,
  0x00, 0xFF, 0xFF, 0xE3, 0x21, 0x98, 0x0C, 0x66, 0x18, 0x08, 0x04, 0x20,
  0x00, 0x1C, 0x00, 0x1F, 0xFF, 0xF0, 0x00, 0x20, 0x00, 0x00, 0x40, 0x00,
  0x01, 0xC0, 0x07, 0xFF, 0xFF, 0xC0, 0x00, 0x30, 0x00, 0x00, 0x60, 0x1F,
  0xFF, 0xFC, 0x07, 0x01, 0x80, 0x0E, 0x03, 0x00, 0x0E, 0x06, 0x00, 0x0E,
  0x0C, 0x00, 0x0C, 0x18, 0x00, 0x01, 0xF0, 0x00, 0x03, 0x80, 0x00, 0x00,
  0x00, 0x00, 0x18, 0x0C, 0x00, 0x20, 0x30, 0x00, 0xFF, 0x7F, 0xE3, 0xF3,
  0xD8, 0x06, 0x66, 0x10, 0x18, 0xCC, 0x30, 0x00, 0x01, 0x80, 0x1F, 0xC3,
  0x00, 0x31, 0xBF, 0xF0, 0x61, 0x7F, 0xE0, 0xC6, 0x18, 0xC1, 0xFC, 0x31,
  0x83, 0x08, 0x63, 0x06, 0x10, 0xC6, 0x0C, 0x61, 0x0C, 0x1F, 0xC2, 0x18,
  0x20, 0x8C, 0x30, 0xC1, 0x10, 0x61, 0x82, 0x60, 0xC3, 0x05, 0x81, 0x0C,
  0x7F, 0x1E, 0x00, 0x40, 0x38, 0x00, 0x00, 0x00, 0x00, 0x18, 0x0C, 0x00,
  0x70, 0x38, 0x00, 0xFF, 0xFF, 0xE3, 0x21, 0x98, 0x0C, 0x66, 0x18, 0x00,
  0x80, 0x00, 0x01, 0x03, 0xFC, 0x7F, 0xF6, 0x18, 0x04, 0x08, 0x30, 0xFF,
  0x90, 0x61, 0x91, 0x20, 0xC2, 0x22, 0x41, 0x87, 0xFC, 0x83, 0x08, 0x89,
  0x1E, 0x19, 0x12, 0x38, 0x3F, 0xE4, 0x00, 0x04, 0x08, 0x01, 0xFF, 0xD0,
  0x10, 0x18, 0x20, 0x60, 0x20, 0x7F, 0xC0, 0x40, 0xFF, 0x00, 0x00, 0x00,
  0x00, 0x18, 0x0C, 0x00, 0x30, 0x18, 0x00, 0xFF, 0x7F, 0xE3, 0x31, 0x8C,
  0x0E, 0x23, 0x08, 0x0B, 0x0C, 0xC8, 0x06, 0x19, 0x98, 0x1A, 0x79, 0x18,
  0x41, 0x92, 0x01, 0xFF, 0xFF, 0xF0, 0x33, 0x0C, 0x00, 0x64, 0x11, 0x07,
  0xCF, 0x32, 0x01, 0x90, 0x6C, 0x1F, 0x3C, 0xD0, 0x06, 0x40, 0xE0, 0x0C,
  0xF9, 0x80, 0xF9, 0x07, 0x00, 0x32, 0x0F, 0x67, 0xFF, 0xF7, 0xC6, 0x01,
  0xC7, 0x00, 0x00, 0x00, 0x00, 0x00, 0x00, 0x00, 0x08, 0x00, 0x00, 0x30,
  0x7F, 0xE0, 0xC0, 0xFF, 0xC1, 0x98, 0x01, 0x8E, 0x20, 0x03, 0x0C, 0xC0,
  0x06, 0x0F, 0x00, 0x0C, 0x0C, 0x00, 0x18, 0x13, 0x1F, 0xF0, 0x63, 0x3F,
  0xE3, 0xFE, 0x40, 0xC6, 0x76, 0x80, 0x00, 0xC5, 0x00, 0x0D, 0xA2, 0x00,
  0x1B, 0x64, 0x00, 0x26, 0x48, 0x00, 0x4C, 0xD0, 0x09, 0x99, 0xA0, 0x12,
  0x30, 0x40, 0x60, 0x60, 0xFF, 0xC0, 0xC1, 0xFF, 0x00, 0x00, 0x00, 0x00,
  0x00, 0x00, 0x00, 0x18, 0x18, 0x00, 0x20, 0x30, 0x00, 0xC0, 0x60, 0x01,
  0x19, 0x80, 0x0E, 0x63, 0xFF, 0x8C, 0x8F, 0xFE, 0x0F, 0x18, 0x04, 0x0D,
  0x60, 0x08, 0x13, 0x00, 0x10, 0x46, 0x20, 0x23, 0xFC, 0x60, 0x44, 0xEC,
  0x60, 0x80, 0x80, 0xC1, 0x09, 0x20, 0xC6, 0x12, 0xC1, 0x8C, 0x24, 0x80,
  0x18, 0x49, 0x80, 0x31, 0x93, 0x00, 0x62, 0x20, 0x00, 0xC4, 0x40, 0x03,
  0x00, 0x80, 0x7E, 0x01, 0x00, 0x70, 0x00, 0x00, 0x10, 0x00, 0x00, 0x20,
  0x00, 0xFF, 0xFF, 0xE1, 0xFF, 0xFF, 0xC0, 0x01, 0x00, 0x00, 0x02, 0x00,
  0x00, 0x0E, 0x00, 0x1F, 0xFF, 0xFC, 0x20, 0x60, 0x08, 0x41, 0x84, 0x10,
  0x96, 0x1C, 0x20, 0x38, 0x60, 0x00, 0x39, 0x90, 0x00, 0x1E, 0x38, 0x00,
  0x30, 0x38, 0x1F, 0xFF, 0xF8, 0x3E, 0x38, 0x18, 0x04, 0x20, 0x00, 0x1C,
  0x47, 0x00, 0x60, 0x83, 0x83, 0x81, 0x03, 0x86, 0x02, 0x03, 0x00, 0x00,
  0x00, 0x00, 0x00, 0x00, 0x00, 0x18, 0x0C, 0x00, 0x20, 0x30, 0x00, 0xC8,
  0x7F, 0x81, 0x31, 0xC3, 0x0E, 0x67, 0x84, 0x0D, 0x9F, 0x18, 0x0E, 0x33,
  0x60, 0x0C, 0x03, 0x80, 0x32, 0x07, 0x00, 0x46, 0x1F, 0x03, 0xFC, 0x63,
  0x04, 0xCF, 0x83, 0x80, 0x84, 0x43, 0x89, 0x40, 0xE0, 0x12, 0xC0, 0xE0,
  0x24, 0x80, 0x40, 0xC9, 0x00, 0x01, 0x92, 0x70, 0x02, 0x20, 0x7C, 0x00,
  0x40, 0x1E, 0x00, 0x80, 0x0E, 0x00, 0x00, 0x00, 0x00, 0x00, 0x00, 0x00,
  0x18, 0x00, 0x00, 0x20, 0x7F, 0xC0, 0xC8, 0xFF, 0x81, 0x11, 0x81, 0x0E,
  0x63, 0x02, 0x0C, 0x86, 0x04, 0x0F, 0x0C, 0x08, 0x0D, 0x1F, 0xF0, 0x32,
  0x3F, 0xE0, 0x46, 0x60, 0x43, 0xFC, 0xC0, 0x84, 0xED, 0x81, 0x00, 0x83,
  0x02, 0x09, 0x27, 0xFC, 0x12, 0x4F, 0xF8, 0x24, 0x98, 0x10, 0xC9, 0xB0,
  0x21, 0x93, 0x60, 0x42, 0x20, 0xC0, 0x80, 0x47, 0xFF, 0xC0, 0x8F, 0xFF,
  0x80, 0x00, 0x00, 0x00, 0x00, 0x00, 0x00, 0x18, 0x03, 0x00, 0x20, 0x06,
  0x00, 0xC0, 0x0C, 0x01, 0x13, 0xFF, 0xCE, 0x67, 0xFF, 0x8C, 0x80, 0x60,
  0x0F, 0x00, 0xC0, 0x0D, 0x01, 0x80, 0x32, 0x7F, 0xF0, 0x46, 0x7F, 0xE3,
  0xFC, 0x00, 0x04, 0xEC, 0x00, 0x00, 0x83, 0xFE, 0x09, 0x27, 0xFE, 0x12,
  0x4C, 0x0C, 0x24, 0x98, 0x18, 0x49, 0xB0, 0x31, 0x93, 0x60, 0x62, 0x20,
  0xFF, 0xC0, 0x41, 0xFF, 0x80, 0x83, 0x03, 0x00, 0x00, 0x00, 0x00, 0x00,
  0x00, 0x00, 0x18, 0x00, 0x00, 0x20, 0xFF, 0xE0, 0xC8, 0x38, 0xC1, 0x30,
  0x61, 0x8E, 0x61, 0x83, 0x0D, 0x87, 0x3C, 0x0E, 0x1C, 0x00, 0x0C, 0x7F,
  0xF8, 0x32, 0x7F, 0xF0, 0x46, 0x46, 0x23, 0xFC, 0x8C, 0x44, 0xC9, 0x18,
  0x80, 0x83, 0x33, 0x09, 0x47, 0xFE, 0x12, 0xC8, 0x04, 0x24, 0x90, 0x00,
  0xC9, 0x20, 0x01, 0x90, 0x40, 0x32, 0x20, 0x80, 0x60, 0x41, 0x00, 0xC0,
  0x83, 0xFF, 0x00, 0x00, 0x00, 0x00, 0x00, 0x00, 0x00, 0x18, 0x06, 0x00,
  0x20, 0x1E, 0x00, 0xC8, 0x36, 0x01, 0x30, 0xC6, 0x0E, 0x63, 0x0E, 0x0D,
  0x8E, 0x0C, 0x0E, 0x38, 0x0E, 0x0C, 0xEF, 0xEC, 0x32, 0x9F, 0xC8, 0x46,
  0x00, 0x03, 0xFC, 0x00, 0x04, 0xC8, 0x00, 0x00, 0x83, 0xFE, 0x09, 0x47,
  0xFC, 0x12, 0xC8, 0x08, 0x24, 0x90, 0x10, 0x49, 0x20, 0x21, 0x92, 0x40,
  0x42, 0x20, 0xFF, 0x80, 0x41, 0xFF, 0x00, 0x82, 0x02, 0x00, 0x00, 0x00,
  0x00, 0x00, 0x01, 0x00, 0x18, 0x06, 0x00, 0x20, 0x0C, 0x00, 0xC1, 0xFF,
  0xC1, 0x37, 0xFF, 0xCE, 0x60, 0xC0, 0x0D, 0x83, 0x18, 0x0E, 0x06, 0x10,
  0x0C, 0x08, 0x30, 0x32, 0x3F, 0xF0, 0x47, 0xFF, 0xE3, 0xFC, 0x00, 0x64,
  0xC8, 0xC4, 0x00, 0x81, 0x98, 0x09, 0x43, 0x30, 0x12, 0xC6, 0x60, 0x24,
  0x88, 0xC0, 0x49, 0x31, 0x81, 0x90, 0x63, 0x12, 0x21, 0x86, 0x20, 0x46,
  0x07, 0xC0, 0x98, 0x0F, 0x00, 0x00, 0x00, 0x00, 0x00, 0x00, 0x00, 0x18,
  0x00, 0x00, 0x21, 0xFF, 0xF0, 0xC0, 0x00, 0x01, 0x10, 0x00, 0x0E, 0x63,
  0x33, 0x0D, 0x8C, 0xCC, 0x0E, 0x19, 0x10, 0x1C, 0x66, 0x60, 0x32, 0x44,
  0xC0, 0x46, 0xCC, 0xC3, 0xFC, 0xCC, 0xC4, 0xC9, 0x99, 0x80, 0x80, 0x00,
  0x09, 0x4F, 0xFE, 0x12, 0xDF, 0xFC, 0x24, 0x81, 0x00, 0xC9, 0x02, 0x01,
  0x90, 0x04, 0x02, 0x20, 0x08, 0x00, 0x47, 0xFF, 0xC0, 0x8F, 0xFF, 0x80,
  0x00, 0x00, 0x00, 0x00, 0x00, 0x00, 0x18, 0x7F, 0xF0, 0x20, 0xFF, 0xE0,
  0xC9, 0x00, 0x41, 0x32, 0x84, 0x8E, 0x64, 0x89, 0x0D, 0x89, 0x32, 0x0E,
  0x12, 0x44, 0x1C, 0x2F, 0xE8, 0x32, 0x46, 0x10, 0x46, 0x84, 0x23, 0xFF,
  0x18, 0x44, 0xCE, 0xFE, 0x80, 0x9C, 0x81, 0x09, 0x49, 0x02, 0x12, 0xD2,
  0x04, 0x25, 0xA4, 0x08, 0x49, 0xCC, 0x11, 0x93, 0x9F, 0xA2, 0x21, 0x00,
  0x40, 0x42, 0x00, 0x80, 0x84, 0x0F, 0x00, 0x08, 0x00, 0x00, 0x00, 0x00,
  0x00, 0x10, 0x00, 0x00, 0x21, 0xF7, 0xE0, 0xC0, 0x20, 0xC1, 0x30, 0xC1,
  0x8E, 0xCF, 0xBE, 0x0D, 0x86, 0x3C, 0x0E, 0x0E, 0x38, 0x1E, 0x36, 0xD8,
  0x36, 0xC3, 0x10, 0x45, 0x0C, 0x03, 0xF8, 0x00, 0x00, 0xDF, 0xFF, 0x81,
  0x81, 0xB3, 0x0B, 0x41, 0x66, 0x16, 0xB6, 0x4C, 0x2D, 0x38, 0xF0, 0x5A,
  0x31, 0xE1, 0xB0, 0x71, 0x82, 0x61, 0xB7, 0x80, 0xC6, 0x1B, 0x81, 0x98,
  0x61, 0x80, 0x00, 0x00, 0x00, 0x00, 0x00, 0x00, 0x7F, 0xDF, 0xF0, 0xCC,
  0x10, 0x41, 0xFF, 0x31, 0x83, 0x06, 0x23, 0x06, 0x0C, 0x6C, 0x0F, 0xF8,
  0x70, 0x19, 0x80, 0xE0, 0x33, 0x07, 0x70, 0x7F, 0xF8, 0x78, 0x03, 0x00,
  0x20, 0x0C, 0x30, 0x00, 0xF0, 0xC0, 0x00, 0x77, 0x38, 0x00, 0x38, 0x18,
  0x1F, 0xFF, 0xFC, 0x00, 0x38, 0x18, 0x06, 0x23, 0x00, 0x38, 0x43, 0x81,
  0xC0, 0x81, 0xC3, 0x01, 0x01, 0x80, 0x00, 0x00, 0x00, 0x00, 0x00, 0x00,
  0x18, 0x0C, 0x10, 0x20, 0x18, 0x60, 0xC0, 0x30, 0xC1, 0x13, 0xFF, 0x0E,
  0x60, 0xC6, 0x0D, 0x81, 0x98, 0x0E, 0x03, 0x60, 0x1C, 0x7F, 0xFC, 0x32,
  0x07, 0x00, 0x46, 0x1C, 0x03, 0xFC, 0x70, 0x04, 0xC9, 0xFF, 0x00, 0x9F,
  0x02, 0x09, 0x76, 0x04, 0x12, 0xCC, 0x08, 0x24, 0x9F, 0xF0, 0xC9, 0x30,
  0x21, 0x92, 0x60, 0x42, 0x20, 0xC0, 0x80, 0x41, 0xFF, 0x00, 0x83, 0x06,
  0x00, 0x00, 0x00, 0x00, 0x00, 0x00, 0x00, 0x18, 0x06, 0x00, 0x20, 0x0C,
  0x00, 0xC1, 0xFF, 0xC1, 0x13, 0x01, 0x8E, 0x66, 0x03, 0x0D, 0x8C, 0x06,
  0x0E, 0x1F, 0xFC, 0x1C, 0x30, 0x18, 0x32, 0x60, 0x30, 0x46, 0xFF, 0xE3,
  0xFC, 0x1C, 0x04, 0xC8, 0x18, 0x00, 0x98, 0x31, 0x89, 0x5F, 0x66, 0x12,
  0xC6, 0xF8, 0x25, 0x89, 0xE0, 0xC9, 0x32, 0xC1, 0x92, 0xC4, 0xC2, 0x23,
  0x88, 0xC0, 0x46, 0x10, 0xC0, 0x81, 0xE0, 0x00, 0x00, 0x00, 0x00, 0x00,
  0x00, 0x00, 0x18, 0x00, 0x00, 0x21, 0xFF, 0xF0, 0xC0, 0x00, 0x01, 0x30,
  0x00, 0x0E, 0x67, 0xFF, 0x0D, 0x8C, 0x06, 0x0E, 0x10, 0x0C, 0x1C, 0x20,
  0x18, 0x36, 0x7F, 0xF0, 0x44, 0xC0, 0x03, 0xFD, 0x00, 0x06, 0xDB, 0xFF,
  0x81, 0x97, 0x69, 0x0B, 0x4C, 0x92, 0x16, 0x99, 0x24, 0x2D, 0xFA, 0x48,
  0x5B, 0xFF, 0xF1, 0xB3, 0x49, 0x22, 0x66, 0x92, 0x40, 0xCD, 0x24, 0x81,
  0x92, 0x4B, 0x00, 0x00, 0x00, 0x00, 0x00, 0x00, 0x00, 0x18, 0x06, 0x00,
  0x20, 0x0C, 0x00, 0xC3, 0xFF, 0xE1, 0x36, 0x00, 0xCE, 0x6C, 0x01, 0x8D,
  0x92, 0x02, 0x0E, 0x0F, 0xFE, 0x1C, 0x18, 0xC0, 0x32, 0x21, 0x80, 0x44,
  0xC3, 0x03, 0xFD, 0x9F, 0xC6, 0xDF, 0x21, 0x81, 0x9E, 0x41, 0x0B, 0x5C,
  0x82, 0x16, 0x99, 0x0C, 0x2D, 0x33, 0xF8, 0xDB, 0x64, 0x11, 0xB2, 0xC8,
  0x22, 0x61, 0x90, 0x40, 0xC3, 0x3F, 0x81, 0x86, 0x43, 0x00, 0x00, 0x00,
  0x00, 0x00, 0x00, 0x00, 0x18, 0x06, 0x00, 0x20, 0x0C, 0x00, 0xC1, 0xFF,
  0xC1, 0x32, 0x10, 0x8E, 0x64, 0x7D, 0x0D, 0x8B, 0x92, 0x0E, 0x13, 0xE4,
  0x1C, 0x29, 0xC8, 0x36, 0x43, 0x90, 0x44, 0x8C, 0x23, 0xFD, 0x20, 0x46,
  0xDB, 0xFF, 0x81, 0x90, 0xC0, 0x0B, 0x41, 0xC0, 0x16, 0x80, 0xC0, 0x2D,
  0x2C, 0x90, 0x5B, 0x58, 0x31, 0xB2, 0xB0, 0x22, 0x63, 0x61, 0x60, 0xC4,
  0xC6, 0xC1, 0x88, 0xFC, 0x00, 0x00, 0x00, 0x00, 0x00, 0x00, 0x00, 0x10,
  0x06, 0x00, 0x21, 0x8C, 0x20, 0xC3, 0x18, 0x41, 0x36, 0x30, 0x8E, 0xCF,
  0xFF, 0x0D, 0x80, 0x00, 0x0E, 0x00, 0x00, 0x1E, 0x7C, 0xF8, 0x34, 0xC9,
  0x10, 0x45, 0x12, 0x23, 0xFB, 0x24, 0x40, 0xDF, 0xCF, 0x81, 0x88, 0x91,
  0x0B, 0x51, 0x22, 0x16, 0xB2, 0x44, 0x2D, 0x7C, 0xF8, 0x5B, 0x8B, 0x11,
  0xB3, 0x16, 0x22, 0x66, 0x2C, 0x40, 0xC8, 0x70, 0x81, 0xB3, 0xE7, 0x00,
  0x00, 0x00, 0x00, 0x00, 0x00, 0x00, 0x10, 0x98, 0x40, 0x61, 0x21, 0x00,
  0x82, 0x96, 0xC3, 0x25, 0xCF, 0x0C, 0xC9, 0x8C, 0x0D, 0x12, 0x82, 0x0E,
  0x27, 0xBE, 0x18, 0x51, 0xC0, 0x34, 0x80, 0x00, 0xCD, 0xFF, 0xF3, 0xFE,
  0x01, 0x04, 0xDC, 0x82, 0x01, 0x19, 0x49, 0x0A, 0x94, 0xB4, 0x15, 0xA6,
  0x38, 0x29, 0xCE, 0x30, 0xD3, 0x94, 0x91, 0xA7, 0xFF, 0xF2, 0x42, 0x00,
  0x00, 0x87, 0xFF, 0xC1, 0x08, 0x00, 0x00, 0x00, 0x00, 0x00, 0x00, 0x00,
  0x00, 0x18, 0x06, 0x00, 0x21, 0xFF, 0xF0, 0xC0, 0x18, 0x01, 0x33, 0xFF,
  0x8E, 0x40, 0x00, 0x0D, 0x8F, 0xFE, 0x0E, 0x12, 0x44, 0x1C, 0x2C, 0xF8,
  0x36, 0x40, 0x10, 0x44, 0xFF, 0xE3, 0xFC, 0x00, 0x00, 0xDB, 0xFF, 0x81,
  0x86, 0x03, 0x0B, 0x4F, 0xFE, 0x16, 0x98, 0x0C, 0x2D, 0xBF, 0xF8, 0xD9,
  0x60, 0x31, 0xB0, 0xFF, 0xE2, 0x60, 0x63, 0x00, 0xC3, 0x87, 0x81, 0x9C,
  0x03, 0x80, 0x00, 0x00, 0x00, 0x00, 0x00, 0x00, 0x20, 0x02, 0x00, 0xC0,
  0x04, 0x01, 0xFE, 0x08, 0x03, 0xFC, 0xFF, 0x04, 0xC3, 0xFE, 0x19, 0x80,
  0x44, 0x33, 0x00, 0x88, 0x7F, 0xC3, 0x10, 0xFF, 0xC6, 0x20, 0x18, 0x0C,
  0x40, 0x30, 0xFF, 0xE2, 0x65, 0xFF, 0xC4, 0xC8, 0x70, 0x09, 0x90, 0xE0,
  0x13, 0x21, 0x60, 0x26, 0x46, 0xC0, 0x7F, 0x8C, 0xC0, 0xFF, 0x31, 0xC1,
  0x02, 0xC1, 0x82, 0x03, 0x81, 0xC0, 0x0C, 0x01, 0x80, 0x00, 0x00, 0x00,
  0x00, 0x00, 0x00, 0x3F, 0xFF, 0xE0, 0x43, 0x18, 0x40, 0x86, 0x30, 0x81,
  0xFF, 0xFF, 0x00, 0x03, 0x00, 0x00, 0x06, 0x00, 0x1F, 0xFF, 0xFC, 0x00,
  0x30, 0x00, 0x03, 0xFF, 0xC0, 0x66, 0x00, 0x80, 0xCC, 0x01, 0x01, 0x9F,
  0xFE, 0x03, 0x30, 0x04, 0x06, 0x7F, 0xF8, 0x0C, 0xC0, 0x10, 0x19, 0x80,
  0x20, 0x33, 0xFF, 0xC0, 0x60, 0x00, 0x00, 0xFF, 0xFF, 0xE1, 0x80, 0x00,
  0x00, 0x00, 0x00, 0x00, 0x00, 0x00, 0x00, 0x06, 0x03, 0x00, 0x0C, 0x06,
  0x00, 0x1C, 0x18, 0x03, 0xFF, 0xFF, 0x80, 0x02, 0x00, 0x00, 0x04, 0x00,
  0x0F, 0xFF, 0xF8, 0x00, 0x38, 0x00, 0x00, 0x20, 0x01, 0xFF, 0xFF, 0xF0,
  0x38, 0x00, 0x00, 0x20, 0x00, 0x00, 0xDF, 0xF8, 0x01, 0x86, 0x30, 0x03,
  0x0C, 0x20, 0x0C, 0x18, 0xE0, 0x1B, 0xFF, 0xF8, 0x60, 0x43, 0x01, 0xC1,
  0x86, 0x03, 0x03, 0x0C, 0x0C, 0xFF, 0xFF, 0x80, 0x00, 0x00, 0x00, 0x00,
  0x00, 0x00, 0x7F, 0x9F, 0xF0, 0x01, 0x10, 0x60, 0xC2, 0x30, 0xC0, 0xC4,
  0x31, 0x80, 0x08, 0x03, 0x00, 0x90, 0x76, 0x0F, 0x27, 0x8C, 0x78, 0x4C,
  0x18, 0x07, 0xC0, 0xE0, 0x00, 0xC0, 0x00, 0x01, 0x80, 0x00, 0xFF, 0xFE,
  0x01, 0x80, 0x0C, 0x03, 0x00, 0x18, 0x06, 0x00, 0x30, 0x0F, 0xFF, 0xE0,
  0x18, 0x00, 0xC0, 0x30, 0x01, 0x80, 0x7F, 0xFF, 0x00, 0xC0, 0x06, 0x00,
  0x00, 0x00, 0x00, 0x00, 0x00, 0x00, 0x0F, 0xC0, 0x00, 0xFC, 0x3D, 0xE0,
  0x92, 0x08, 0x41, 0x24, 0x10, 0x82, 0x58, 0x21, 0x1F, 0xFA, 0x52, 0x03,
  0x86, 0xB4, 0x0F, 0x85, 0x28, 0x3D, 0x8A, 0x50, 0x69, 0x84, 0x23, 0x90,
  0x08, 0x46, 0x00, 0x31, 0x87, 0xFC, 0xE7, 0x0C, 0x99, 0xCE, 0x11, 0x36,
  0xB4, 0x3F, 0xE9, 0x48, 0x44, 0xC2, 0x10, 0x89, 0x84, 0x21, 0x93, 0x08,
  0x43, 0xFE, 0x10, 0x84, 0x0C, 0xE7, 0x00, 0x00, 0x08, 0x00, 0x00, 0x00,
  0x00, 0x00, 0xC0, 0x00, 0x01, 0x80, 0xC0, 0x7F, 0xFB, 0x81, 0xFF, 0xFE,
  0x00, 0x0C, 0x38, 0x00, 0x18, 0xE0, 0x00, 0x33, 0x80, 0x3F, 0xFF, 0xF8,
  0xFF, 0xFF, 0xF8, 0x01, 0xC0, 0x00, 0x07, 0x00, 0x00, 0x3C, 0x00, 0x01,
  0xFF, 0xFC, 0x1E, 0xC0, 0x18, 0x11, 0x80, 0x30, 0x03, 0xFF, 0xE0, 0x06,
  0x00, 0xC0, 0x0C, 0x01, 0x80, 0x18, 0x03, 0x00, 0x3F, 0xFE, 0x00, 0x60,
  0x0C, 0x00, 0x00, 0x00, 0x00, 0x7F, 0xFF, 0xFC, 0x7F, 0xFF, 0xF8, 0x00,
  0xC0, 0x00, 0x01, 0x80, 0x00, 0x02, 0x00, 0x07, 0xFF, 0xFF, 0x0F, 0xFF,
  0xFE, 0x18, 0x63, 0x0C, 0x30, 0xC6, 0x18, 0x61, 0x8C, 0x30, 0xC3, 0x18,
  0x61, 0x86, 0x30, 0xC3, 0x0C, 0x61, 0x86, 0x18, 0xC3, 0x0C, 0x31, 0x86,
  0x18, 0x63, 0x0C, 0x30, 0xC6, 0x18, 0x61, 0x8C, 0x30, 0xC3, 0x1B, 0xE1,
  0x80, 0x37, 0x80, 0x00, 0x00, 0x00, 0x00, 0x00, 0x00, 0x04, 0x0F, 0xC1,
  0xFF, 0x99, 0x90, 0x10, 0x21, 0x63, 0xFE, 0xC3, 0x80, 0x01, 0x00, 0x0F,
  0xFB, 0xFC, 0x19, 0x33, 0x18, 0x3F, 0xE3, 0xE0, 0x40, 0x07, 0x80, 0x80,
  0x7D, 0xE1, 0x00, 0x40, 0xC7, 0xFF, 0xFF, 0xC0, 0x80, 0x08, 0x01, 0xFF,
  0xF0, 0x03, 0x00, 0x60, 0x06, 0x00, 0xC0, 0x0F, 0xFF, 0x80, 0x10, 0x01,
  0x00, 0x7F, 0xFF, 0xE7, 0xFF, 0x0C, 0x00, 0x00, 0x08, 0x00, 0x00, 0x00,
  0x00, 0x00, 0x00, 0x00, 0x00, 0x03, 0x01, 0xFF, 0x86, 0x00, 0x8D, 0xFF,
  0xE1, 0x18, 0x18, 0x03, 0xF0, 0x30, 0x04, 0x67, 0xFE, 0x08, 0xC9, 0x24,
  0x1F, 0x92, 0x48, 0x23, 0x24, 0x90, 0x46, 0x7F, 0xE3, 0xFC, 0x00, 0x00,
  0x18, 0x00, 0x00, 0x37, 0xFF, 0x9F, 0xE1, 0xC0, 0x04, 0xC1, 0x80, 0x19,
  0x81, 0x80, 0x7B, 0x28, 0x20, 0x26, 0xD0, 0x60, 0xFD, 0x21, 0x67, 0x9E,
  0x62, 0xC0, 0x30, 0xFC, 0x00, 0x00, 0x00, 0x00, 0x3F, 0xFF, 0xF8, 0x7F,
  0xFF, 0xF0, 0x00, 0x00, 0x00, 0x7F, 0xFF, 0x80, 0x80, 0x03, 0x01, 0x00,
  0x06, 0x02, 0x00, 0x0C, 0x07, 0xFF, 0xF8, 0x08, 0x00, 0x00, 0x30, 0x00,
  0x00, 0x6F, 0xFF, 0xC0, 0xD8, 0x01, 0x81, 0xB0, 0x03, 0x03, 0x7F, 0xFE,
  0x06, 0xC0, 0x0C, 0x09, 0x80, 0x18, 0x33, 0xFF, 0xF0, 0x66, 0x00, 0x61,
  0x8C, 0x00, 0xC2, 0x18, 0x0F, 0x80, 0x00, 0x00, 0x00, 0x1F, 0xFF, 0xF0,
  0x30, 0x60, 0x60, 0x60, 0x40, 0xC0, 0xFF, 0xFF, 0x81, 0x83, 0x03, 0x03,
  0x02, 0x06, 0x07, 0xFF, 0xFC, 0x00, 0x00, 0x00, 0x00, 0x00, 0x00, 0x1F,
  0xFF, 0x80, 0x30, 0x03, 0x00, 0x60, 0x02, 0x00, 0xFF, 0xFC, 0x01, 0x80,
  0x08, 0x03, 0x00, 0x10, 0x07, 0xFF, 0xE0, 0x0C, 0x00, 0x40, 0x18, 0x00,
  0x80, 0x30, 0x01, 0x00, 0x60, 0x3E, 0x00, 0x40, 0x00, 0x00, 0x00, 0x00,
  0x00, 0x01, 0x08, 0x00, 0x06, 0x11, 0xC1, 0xFC, 0x3F, 0x00, 0x08, 0x70,
  0x00, 0x10, 0x80, 0x00, 0xE1, 0x03, 0x3F, 0xC3, 0x0C, 0x00, 0x87, 0xF8,
  0x00, 0x00, 0x00, 0x1F, 0xFF, 0x80, 0x30, 0x03, 0x00, 0x40, 0x06, 0x00,
  0x80, 0x0C, 0x01, 0xFF, 0xF8, 0x02, 0x00, 0x30, 0x04, 0x00, 0x60, 0x0F,
  0xFF, 0xC0, 0x10, 0x01, 0x80, 0x20, 0x03, 0x00, 0x40, 0x06, 0x00, 0x80,
  0x78, 0x01, 0x00, 0xC0, 0x00, 0x00, 0x00, 0x00, 0x3E, 0x30, 0x00, 0xFC,
  0x60, 0x01, 0x89, 0xFF, 0xC3, 0x13, 0xFF, 0xC6, 0x2C, 0x01, 0x8C, 0x58,
  0x03, 0x1F, 0xE0, 0x86, 0x3F, 0x43, 0x0C, 0x62, 0x54, 0x98, 0xC4, 0xB9,
  0x31, 0x89, 0x32, 0x63, 0x12, 0x74, 0x87, 0xE4, 0xA9, 0x0F, 0xCA, 0x12,
  0x18, 0x9C, 0x24, 0x21, 0x20, 0x48, 0x42, 0x7F, 0x90, 0x84, 0x81, 0x21,
  0x09, 0x00, 0xC6, 0x30, 0x01, 0x89, 0xE0, 0x3E, 0x01, 0x00, 0x00, 0x00,
  0x00, 0x00, 0x00, 0x18, 0x08, 0x00, 0x30, 0x10, 0x00, 0x46, 0x23, 0x81,
  0x84, 0x7E, 0x0F, 0x0C, 0xE0, 0x1F, 0xFD, 0x00, 0x00, 0x1A, 0x06, 0x00,
  0x04, 0x0C, 0x7F, 0x8F, 0xF8, 0xC3, 0x1F, 0xE1, 0x82, 0x00, 0x03, 0x04,
  0x40, 0x07, 0xF8, 0x82, 0x0C, 0x11, 0x1E, 0x18, 0x23, 0xE0, 0x3F, 0xC7,
  0x00, 0x60, 0x88, 0x00, 0xC1, 0x10, 0x11, 0x82, 0x20, 0x63, 0x04, 0x61,
  0xC6, 0x78, 0xFF, 0x04, 0x40, 0x00, 0x00, 0x1F, 0x03, 0x00, 0x7E, 0x06,
  0x00, 0xC4, 0xFF, 0xE1, 0x88, 0x1C, 0x03, 0x10, 0x30, 0x06, 0x20, 0x60,
  0x0F, 0xDF, 0xFF, 0x1F, 0xB0, 0x06, 0x31, 0x60, 0x0C, 0x62, 0xC0, 0x18,
  0xC4, 0x7F, 0xC1, 0x88, 0x03, 0x03, 0xF0, 0x0C, 0x07, 0xE0, 0x30, 0x0C,
  0x5F, 0xFE, 0x10, 0xBF, 0xFE, 0x21, 0x01, 0x00, 0x42, 0x02, 0x00, 0x84,
  0x04, 0x03, 0x08, 0x18, 0x04, 0xF0, 0xF0, 0x00, 0x81, 0x80, 0x00, 0x1E,
  0x28, 0xF8, 0x7C, 0xD9, 0xF0, 0xC9, 0x12, 0x21, 0x96, 0x34, 0x43, 0x28,
  0x28, 0x86, 0x50, 0x11, 0x0F, 0x8E, 0x22, 0x1F, 0x1E, 0x44, 0x32, 0x2C,
  0x88, 0x64, 0xCD, 0x10, 0xCB, 0x0E, 0x21, 0x94, 0x14, 0x43, 0xFF, 0xC8,
  0x87, 0xCC, 0x91, 0x08, 0x91, 0x22, 0x11, 0x22, 0x4C, 0x22, 0x44, 0xB8,
  0x44, 0x89, 0x01, 0x89, 0x92, 0x03, 0x13, 0xE4, 0x04, 0xE4, 0x48, 0x00,
  0x00, 0x00, 0x00, 0x00, 0x00, 0x00, 0x3E, 0x18, 0x00, 0xFC, 0x70, 0x01,
  0x88, 0xFF, 0xE3, 0x13, 0x00, 0x06, 0x2E, 0x00, 0x0C, 0x7F, 0xFE, 0x1F,
  0xA8, 0x0C, 0x3F, 0x10, 0x18, 0x62, 0x3F, 0xF0, 0xC4, 0x40, 0x61, 0x88,
  0x80, 0xC3, 0x11, 0xFF, 0x87, 0xE0, 0xC0, 0x0F, 0xC3, 0x00, 0x18, 0x8F,
  0xF8, 0x31, 0x38, 0x30, 0x43, 0xF8, 0xC0, 0x85, 0x1F, 0x01, 0x08, 0x1C,
  0x06, 0x11, 0xEF, 0x0D, 0xEF, 0x07, 0x81, 0x80, 0x00, 0x00, 0x00, 0x00,
  0x00, 0x3C, 0x80, 0x00, 0xFD, 0x9F, 0xE1, 0x99, 0xB0, 0xC3, 0x30, 0x61,
  0x86, 0x68, 0xFF, 0x0C, 0xD9, 0x86, 0x1F, 0xB3, 0x0C, 0x3F, 0x36, 0x18,
  0x66, 0x0F, 0xF0, 0xCC, 0x1B, 0x01, 0x9B, 0x36, 0x03, 0x3F, 0x65, 0xC7,
  0xE6, 0xCF, 0x0F, 0xCD, 0x98, 0x19, 0x9B, 0x18, 0x23, 0x37, 0xF0, 0x46,
  0x7F, 0xB8, 0x8C, 0xC0, 0x33, 0x1B, 0xC0, 0x06, 0x3C, 0xE0, 0x49, 0xF0,
  0xFF, 0x81, 0x00, 0x00, 0x00, 0x00, 0x00, 0x00, 0x3E, 0x06, 0x00, 0xFC,
  0x0E, 0x01, 0x8B, 0xFF, 0xE3, 0x10, 0x82, 0x06, 0x21, 0x0C, 0x0C, 0x43,
  0x18, 0x1F, 0xBF, 0xFE, 0x3F, 0x60, 0x0C, 0x62, 0xC2, 0x18, 0xC5, 0x8C,
  0x31, 0x88, 0x18, 0x03, 0x17, 0xFF, 0xC7, 0xE0, 0x80, 0x0F, 0xC1, 0x00,
  0x18, 0x87, 0xF8, 0x21, 0x0C, 0x30, 0x42, 0x18, 0x60, 0x84, 0x60, 0xC3,
  0x08, 0xC1, 0x86, 0x17, 0x03, 0x09, 0xEC, 0x3C, 0x01, 0x80, 0x00, 0x00,
  0x00, 0x00, 0x00, 0x00, 0x01, 0x00, 0xFF, 0x3F, 0xE1, 0x82, 0x31, 0x83,
  0xFC, 0x62, 0x06, 0x00, 0x44, 0x0C, 0x07, 0xFF, 0x1F, 0xF0, 0x40, 0x38,
  0x6F, 0xF8, 0xF0, 0xC3, 0x01, 0xFF, 0x82, 0x00, 0x00, 0x00, 0x00, 0x7F,
  0xFE, 0x00, 0xC0, 0x0C, 0x01, 0x80, 0x18, 0x03, 0xFF, 0xF0, 0x04, 0x00,
  0x60, 0x0C, 0x00, 0xC0, 0x1F, 0xFF, 0x80, 0x20, 0x03, 0x00, 0x40, 0x06,
  0x00, 0x80, 0x78, 0x00, 0x00, 0x00, 0x00, 0x00, 0x00, 0x00, 0x3C, 0x0E,
  0x00, 0xFC, 0x1E, 0x01, 0x98, 0x66, 0x03, 0x31, 0x86, 0x06, 0x66, 0x07,
  0x0C, 0xFF, 0xFF, 0x1F, 0xC0, 0x02, 0x3F, 0x00, 0x00, 0x66, 0xF9, 0xF0,
  0xCD, 0x92, 0x61, 0x9B, 0x24, 0xC3, 0x36, 0x49, 0x87, 0xEC, 0x93, 0x0F,
  0xDF, 0x3E, 0x11, 0x80, 0x00, 0x23, 0x18, 0x60, 0x46, 0x60, 0x80, 0x8C,
  0xE3, 0x83, 0x1B, 0xE7, 0x86, 0x36, 0x59, 0x89, 0xD8, 0x61, 0x81, 0x00,
  0x00, 0x00, 0x00, 0x00, 0x00, 0x00, 0x60, 0x00, 0x00, 0xC0, 0x00, 0x01,
  0x00, 0x00, 0xFF, 0xFF, 0x01, 0xFF, 0xFE, 0x03, 0x00, 0x0C, 0x06, 0x00,
  0x18, 0x0C, 0x00, 0x30, 0x1F, 0xFF, 0xE0, 0x3F, 0xFF, 0xC0, 0x60, 0x01,
  0x80, 0xC0, 0x03, 0x01, 0x80, 0x06, 0x03, 0xFF, 0xFC, 0x07, 0xFF, 0xF8,
  0x0C, 0x00, 0x30, 0x18, 0x00, 0x60, 0x30, 0x00, 0xC0, 0x7F, 0xFF, 0x80,
  0xFF, 0xFF, 0x01, 0x80, 0x06, 0x00, 0x00, 0x00, 0x00, 0x3F, 0xFF, 0xF8,
  0x7F, 0xFF, 0xF0, 0x03, 0x00, 0x00, 0x0C, 0x18, 0x00, 0x18, 0x1C, 0x00,
  0x60, 0x1C, 0x0F, 0xFF, 0xFC, 0x1F, 0xFF, 0xFC, 0x00, 0x00, 0x18, 0x00,
  0x20, 0x00, 0x00, 0x40, 0x00, 0x7F, 0xFF, 0x01, 0xFF, 0xFF, 0x00, 0x02,
  0x00, 0x00, 0x04, 0x00, 0x00, 0x08, 0x00, 0x00, 0x10, 0x00, 0x00, 0x20,
  0x01, 0xFF, 0xFF, 0xF1, 0xFF, 0xFF, 0xC0, 0x00, 0x00, 0x00, 0x06, 0x80,
  0x00, 0x79, 0x07, 0xC0, 0xC3, 0xF1, 0x81, 0x86, 0x03, 0x03, 0x08, 0x06,
  0x06, 0x10, 0x0C, 0x0F, 0xBE, 0xF8, 0x18, 0x0C, 0x30, 0x30, 0x08, 0x60,
  0x61, 0x10, 0xC0, 0xFA, 0x2F, 0x81, 0x84, 0x43, 0x03, 0x08, 0x86, 0x06,
  0x11, 0x0C, 0x3F, 0xFF, 0xFE, 0x7F, 0xFF, 0xFC, 0x00, 0x00, 0x00, 0x0E,
  0x0E, 0x00, 0x38, 0x0F, 0x01, 0xC0, 0x07, 0x86, 0x00, 0x03, 0x00, 0x00,
  0x00, 0x00, 0x00, 0x00, 0x00, 0x02, 0x06, 0x01, 0xFF, 0xFF, 0xF0, 0x1C,
  0x18, 0x00, 0x71, 0x30, 0x00, 0x82, 0x00, 0x03, 0xFF, 0xFC, 0x0E, 0x08,
  0x00, 0x38, 0x10, 0x00, 0x7F, 0xFF, 0xC0, 0xB0, 0x40, 0x00, 0x7F, 0xFF,
  0x00, 0x81, 0x00, 0x01, 0xFF, 0xFF, 0x03, 0x00, 0x00, 0x00, 0x70, 0x00,
  0x1F, 0x8F, 0xF0, 0x30, 0x00, 0x60, 0x7F, 0xBF, 0xC0, 0xC0, 0x01, 0x81,
  0x80, 0x03, 0x03, 0xFF, 0xFE, 0x06, 0x00, 0x04, 0x00, 0x00, 0x00, 0x00,
  0x0C, 0x00, 0x00, 0x18, 0x3F, 0x80, 0x20, 0x63, 0x01, 0xFC, 0xC6, 0x02,
  0x19, 0x8C, 0x04, 0x33, 0x19, 0x0A, 0x66, 0x32, 0x12, 0xD8, 0x3C, 0x25,
  0xA0, 0x00, 0x43, 0x00, 0x01, 0xFF, 0xFF, 0xC7, 0x0C, 0xFF, 0x82, 0x99,
  0x86, 0x0D, 0x31, 0x0C, 0x1A, 0x63, 0x30, 0x34, 0xC3, 0x60, 0x69, 0x87,
  0x80, 0x83, 0x07, 0x01, 0x06, 0x3F, 0x06, 0x0D, 0xE3, 0x88, 0x77, 0x03,
  0x80, 0x00, 0x00, 0x00, 0x00, 0x00, 0x00, 0x0C, 0x07, 0x00, 0x10, 0x1B,
  0x00, 0x20, 0x33, 0x01, 0xF8, 0xC3, 0x82, 0x33, 0xFF, 0x85, 0x38, 0x03,
  0x0A, 0x40, 0x00, 0x16, 0x9F, 0xF8, 0x25, 0x30, 0x30, 0x42, 0x60, 0x61,
  0xFF, 0xFF, 0xC7, 0xD9, 0x81, 0x86, 0x93, 0xFF, 0x0D, 0x26, 0x00, 0x1A,
  0x4C, 0x00, 0x34, 0x9F, 0xF8, 0x69, 0x38, 0x30, 0x82, 0xF0, 0x21, 0x05,
  0xA0, 0x46, 0x0E, 0x7F, 0x88, 0xF0, 0x83, 0x00, 0x00, 0x00, 0x00, 0x00,
  0x00, 0x00, 0x03, 0x00, 0x00, 0x0F, 0xF8, 0x00, 0x38, 0x30, 0x00, 0x60,
  0x60, 0x01, 0x81, 0x80, 0x07, 0xFF, 0xFC, 0x3F, 0xFF, 0xF8, 0x68, 0x18,
  0x30, 0x10, 0x30, 0x60, 0x20, 0x60, 0xC0, 0x40, 0xC1, 0x80, 0xFF, 0xFF,
  0x01, 0xFF, 0xFE, 0x02, 0x00, 0x0C, 0x04, 0x00, 0x00, 0x08, 0x00, 0x00,
  0x10, 0x00, 0x18, 0x20, 0x00, 0x30, 0x60, 0x00, 0x60, 0xFF, 0xFF, 0x80,
  0xFF, 0xFE, 0x00, 0x00, 0x00, 0x00, 0x02, 0x02, 0x00, 0x04, 0x04, 0x01,
  0xFF, 0xFF, 0xE3, 0xFF, 0xFF, 0x80, 0x20, 0x20, 0x00, 0x48, 0x40, 0x00,
  0x30, 0x00, 0x00, 0x60, 0x00, 0xFF, 0xFF, 0xF8, 0xFF, 0xFF, 0xE0, 0x0C,
  0x00, 0x00, 0x38, 0x00, 0x00, 0x7F, 0xFC, 0x01, 0xFF, 0xFC, 0x0F, 0x80,
  0x18, 0x3B, 0x00, 0x30, 0xE6, 0x00, 0x60, 0x0C, 0x00, 0xC0, 0x1F, 0xFF,
  0x80, 0x3F, 0xFF, 0x00, 0x60, 0x06, 0x00, 0x00, 0x00, 0x00, 0x00, 0x00,
  0x00, 0x02, 0x02, 0x00, 0xFF, 0xFF, 0xE3, 0xFF, 0xFF, 0xE0, 0x10, 0x10,
  0x00, 0x21, 0x20, 0x06, 0x06, 0x00, 0x07, 0x1F, 0xF8, 0x06, 0x70, 0x70,
  0x01, 0xF0, 0xC0, 0x07, 0x73, 0x03, 0x8C, 0x3C, 0x01, 0xC0, 0x78, 0x01,
  0x03, 0x9C, 0x00, 0x3C, 0x1F, 0x00, 0xF0, 0x0E, 0x06, 0x7F, 0xF0, 0x18,
  0xC0, 0x60, 0x31, 0x80, 0xC0, 0xC3, 0x01, 0x83, 0x07, 0xFF, 0x04, 0x0C,
  0x06, 0x00, 0x00, 0x00, 0x00, 0x00, 0x00, 0x00, 0x02, 0x02, 0x00, 0xFF,
  0xFF, 0xE3, 0xFF, 0xFF, 0xE0, 0x10, 0x10, 0x00, 0x2C, 0x20, 0x00, 0x18,
  0x0C, 0x0F, 0xFF, 0xF0, 0x00, 0x61, 0xC0, 0x00, 0xC7, 0x00, 0xFF, 0xFF,
  0xE3, 0xFF, 0xFF, 0xE0, 0x07, 0x00, 0x00, 0x3C, 0x00, 0x03, 0xFF, 0xF8,
  0x3F, 0x80, 0x10, 0x23, 0x00, 0x20, 0x07, 0xFF, 0xC0, 0x0C, 0x00, 0x80,
  0x18, 0x01, 0x00, 0x3F, 0xFE, 0x00, 0x60, 0x04, 0x00, 0x00, 0x00, 0x00,
  0x00, 0x00, 0x00, 0x02, 0x06, 0x01, 0xFF, 0xFF, 0xF0, 0x1C, 0x1C, 0x00,
  0x10, 0x30, 0x00, 0x00, 0x40, 0x0F, 0xFC, 0x80, 0x19, 0x83, 0x80, 0x3F,
  0xE7, 0xF8, 0x60, 0x58, 0x00, 0xC0, 0xE0, 0x01, 0xFF, 0x00, 0x03, 0x10,
  0x7F, 0x87, 0xFE, 0x00, 0x00, 0x00, 0x00, 0x07, 0xFF, 0xF8, 0x0C, 0xC6,
  0x30, 0x10, 0x8C, 0x60, 0x21, 0x18, 0xC0, 0x42, 0x31, 0x87, 0xFF, 0xFF,
  0xC0, 0x00, 0x00, 0x00, 0x00, 0x00, 0x00, 0x02, 0x02, 0x01, 0xFF, 0xFF,
  0xF0, 0x1C, 0x1C, 0x00, 0x11, 0x10, 0x01, 0x06, 0x04, 0x06, 0x3F, 0x98,
  0x08, 0x63, 0x20, 0x36, 0x87, 0xD8, 0x69, 0x8D, 0xA0, 0x73, 0xF9, 0x80,
  0xD4, 0x33, 0x43, 0x2C, 0x6C, 0x8F, 0xFF, 0xFF, 0x80, 0x04, 0x00, 0x00,
  0x1C, 0x00, 0x7F, 0xFF, 0xFC, 0x01, 0xFC, 0x00, 0x06, 0x4C, 0x00, 0x38,
  0x8E, 0x03, 0xC1, 0x07, 0x8E, 0x02, 0x03, 0x00, 0x00, 0x00, 0x00, 0x00,
  0x00, 0x00, 0x00, 0x60, 0x00, 0x00, 0xC0, 0x00, 0x01, 0xFF, 0x80, 0x03,
  0x00, 0x00, 0x06, 0x00, 0x07, 0xFF, 0xFE, 0x0C, 0x18, 0x0C, 0x18, 0x31,
  0x98, 0x37, 0xFF, 0x00, 0x6C, 0xC0, 0x20, 0xC1, 0x80, 0xC1, 0x81, 0xFF,
  0x03, 0x00, 0x00, 0x06, 0xCC, 0xCC, 0x09, 0x99, 0x98, 0x13, 0x33, 0x30,
  0x27, 0xE7, 0xE0, 0xC0, 0xCC, 0x01, 0x81, 0x98, 0x02, 0x03, 0x30, 0x0D,
  0xFF, 0xFF, 0x00, 0x00, 0x00, 0x00, 0x00, 0x01, 0x00, 0x00, 0x02, 0x00,
  0xFE, 0x07, 0xE1, 0x8C, 0x0C, 0x03, 0x18, 0x10, 0x06, 0x30, 0x70, 0x0C,
  0x6F, 0xFF, 0x1F, 0xD8, 0x86, 0x00, 0x31, 0x0C, 0x00, 0x7F, 0xD1, 0xFF,
  0xC4, 0x23, 0xFD, 0x8C, 0xC1, 0x03, 0x1F, 0x83, 0x06, 0x00, 0x0F, 0xCC,
  0x90, 0x18, 0x99, 0x20, 0x01, 0x26, 0x40, 0x02, 0x4C, 0x80, 0x05, 0x91,
  0x10, 0x1B, 0x62, 0x20, 0x35, 0xC7, 0xC3, 0xDB, 0x0F, 0x80, 0x00, 0x00,
  0x00, 0x00, 0x00, 0x00, 0x06, 0x00, 0x00, 0x0F, 0xDF, 0xF0, 0x18, 0x0C,
  0x00, 0x30, 0x18, 0x07, 0xFF, 0x30, 0x0C, 0xC2, 0x60, 0x19, 0xFF, 0xFE,
  0x3F, 0x07, 0xFC, 0x66, 0x22, 0x00, 0xC7, 0xC4, 0x01, 0xB2, 0x18, 0x03,
  0x6C, 0x3F, 0x86, 0xFF, 0x7F, 0x0F, 0x30, 0x02, 0x1F, 0xF8, 0x04, 0x34,
  0xC0, 0x18, 0x49, 0x80, 0x30, 0x9F, 0xC0, 0x63, 0x26, 0x00, 0xC6, 0x7F,
  0x81, 0x08, 0x80, 0x3E, 0x00, 0x00, 0x00, 0x00, 0x00, 0x00, 0x00, 0x04,
  0x01, 0x00, 0x49, 0x96, 0x61, 0x92, 0x6C, 0x82, 0x69, 0x9A, 0x01, 0xF0,
  0x78, 0x07, 0x73, 0x9C, 0x38, 0x2E, 0x0C, 0x20, 0x00, 0x18, 0x7F, 0xFF,
  0xF0, 0xC0, 0x00, 0x61, 0x80, 0x80, 0xC3, 0x03, 0x81, 0x81, 0xFF, 0xFC,
  0x03, 0x04, 0x18, 0x06, 0x08, 0x30, 0x0F, 0xFF, 0xE0, 0x00, 0x61, 0x80,
  0x00, 0x43, 0x00, 0x00, 0x83, 0x03, 0xFF, 0xFF, 0x07, 0xFC, 0x03, 0x00,
  0x00, 0x00, 0x00, 0x00, 0x10, 0x00, 0x00, 0x20, 0x00, 0x3F, 0xFF, 0x80,
  0x61, 0xC3, 0x00, 0x81, 0x02, 0x01, 0x86, 0x0C, 0x03, 0xFF, 0xF8, 0x00,
  0x08, 0x40, 0x00, 0x10, 0xE0, 0x7F, 0xFF, 0xE0, 0x18, 0x02, 0x60, 0x30,
  0x04, 0x03, 0xFE, 0xFF, 0x84, 0xCD, 0xB3, 0x09, 0x9A, 0x22, 0x13, 0x34,
  0x44, 0x3F, 0xEF, 0xF8, 0x0C, 0x03, 0x20, 0x1B, 0x02, 0x40, 0x32, 0x04,
  0xC7, 0xFF, 0xFF, 0xCC, 0x07, 0x80, 0x80, 0x00, 0x00, 0x00, 0x00, 0x00,
  0x00, 0x0C, 0x00, 0x00, 0x18, 0xFF, 0xE0, 0xE1, 0xFF, 0xC3, 0x80, 0x00,
  0x0E, 0x00, 0x00, 0x08, 0xC0, 0x00, 0x01, 0x80, 0x00, 0x06, 0x7F, 0xFC,
  0x18, 0xFF, 0xF8, 0x70, 0x01, 0x01, 0xE0, 0x02, 0x07, 0xC0, 0x04, 0x0D,
  0x80, 0x08, 0x03, 0x00, 0x10, 0x06, 0x00, 0x20, 0x0C, 0x00, 0x40, 0x18,
  0x00, 0x80, 0x30, 0x01, 0x00, 0x60, 0x02, 0x00, 0xC0, 0x04, 0x01, 0x80,
  0xF8, 0x01, 0x01, 0xE0, 0x00, 0x00, 0x00, 0x00, 0x18, 0xFC, 0x00, 0x67,
  0xE3, 0xF1, 0x80, 0x83, 0xC7, 0x03, 0x00, 0x0C, 0xFF, 0xE0, 0x03, 0x04,
  0x00, 0x06, 0x08, 0x00, 0x19, 0xFF, 0xFC, 0x32, 0x26, 0xF8, 0xE4, 0x4C,
  0x43, 0xCF, 0xF8, 0x85, 0x91, 0x31, 0x03, 0x3F, 0xE2, 0x06, 0x04, 0x04,
  0x0C, 0x08, 0x08, 0x19, 0xFF, 0x10, 0x30, 0x60, 0x20, 0x60, 0x40, 0x40,
  0xC7, 0xF8, 0x81, 0xBF, 0x81, 0x03, 0x00, 0x1E, 0x00, 0x00, 0x10, 0x00,
  0x00, 0x00, 0x00, 0x00, 0x20, 0x00, 0x00, 0xE0, 0x01, 0xFF, 0xFF, 0xC0,
  0x01, 0x00, 0x00, 0x02, 0x00, 0x07, 0xFF, 0xFC, 0x00, 0x1C, 0x00, 0x00,
  0x10, 0x00, 0x00, 0x70, 0x00, 0xFF, 0xFF, 0xE0, 0x03, 0x40, 0x00, 0x0C,
  0xC1, 0x00, 0x70, 0x86, 0x03, 0xC1, 0xB8, 0x3F, 0x83, 0xC0, 0x73, 0x03,
  0x00, 0x06, 0x03, 0x00, 0x0C, 0x37, 0x00, 0x1F, 0xE3, 0x80, 0xFE, 0x03,
  0xC3, 0xC0, 0x03, 0x80, 0x00, 0x00, 0x00, 0x00, 0x00, 0x00, 0x18, 0x03,
  0x00, 0x30, 0x06, 0x00, 0x60, 0x0C, 0x00, 0xC1, 0xFF, 0x8F, 0xF7, 0xFF,
  0x8F, 0xEC, 0x62, 0x01, 0x98, 0xC4, 0x03, 0x31, 0x98, 0x0C, 0x63, 0x00,
  0x12, 0xFF, 0xE0, 0x7D, 0xFF, 0xC1, 0xF3, 0xC1, 0x07, 0xA6, 0x86, 0x1B,
  0x6D, 0x8C, 0x06, 0x11, 0x30, 0x0C, 0x23, 0xC0, 0x18, 0xC3, 0x80, 0x31,
  0x87, 0x00, 0x62, 0x3F, 0x00, 0xCC, 0xE3, 0x81, 0x93, 0x03, 0x80, 0x00,
  0x00, 0x00, 0x00, 0x00, 0x00, 0x23, 0x02, 0x00, 0x46, 0x04, 0x00, 0x8C,
  0x08, 0x01, 0xFB, 0xFF, 0x82, 0x30, 0x70, 0x00, 0x60, 0x40, 0x3F, 0xC0,
  0x80, 0x19, 0x81, 0x00, 0x23, 0x07, 0x00, 0xC6, 0xFF, 0xE3, 0x0C, 0x80,
  0x00, 0x01, 0x00, 0x0F, 0xFF, 0xFF, 0x80, 0x3F, 0x00, 0x00, 0xE6, 0x18,
  0x0F, 0x06, 0x60, 0xFE, 0x0F, 0x80, 0x8C, 0x0E, 0x00, 0x18, 0xEE, 0x00,
  0xFF, 0x87, 0x81, 0xE0, 0x07, 0x80, 0x00, 0x00, 0x00, 0x00, 0x00, 0x00,
  0x18, 0x00, 0x00, 0x30, 0xFF, 0xE0, 0x61, 0xFF, 0xC0, 0xC2, 0x10, 0x8F,
  0xF4, 0x21, 0x0F, 0xCF, 0xFE, 0x01, 0x99, 0xCC, 0x03, 0x21, 0x08, 0x0C,
  0x42, 0x10, 0x13, 0xFF, 0xE0, 0x7D, 0xFF, 0xC1, 0xF0, 0x10, 0x07, 0xA0,
  0x20, 0x1F, 0x60, 0x40, 0x36, 0x5F, 0xFC, 0x0C, 0x3F, 0xF8, 0x18, 0x02,
  0x00, 0x30, 0x04, 0x00, 0x60, 0x08, 0x00, 0xCF, 0xFF, 0xC1, 0x8F, 0xFF,
  0x80, 0x00, 0x00, 0x00, 0x00, 0x00, 0x00, 0x18, 0x30, 0x00, 0x30, 0x60,
  0x00, 0x61, 0xFF, 0xE0, 0xC3, 0x00, 0x0F, 0xEC, 0x00, 0x0F, 0xFF, 0xFC,
  0x01, 0x88, 0x08, 0x02, 0x10, 0x10, 0x0C, 0x3F, 0xE0, 0x12, 0x40, 0x40,
  0x68, 0x80, 0x81, 0xF1, 0xFF, 0x07, 0xE0, 0xC0, 0x0F, 0x43, 0x80, 0x36,
  0x8F, 0xF8, 0x0C, 0x38, 0x30, 0x19, 0xD8, 0xC0, 0x30, 0x1F, 0x00, 0x60,
  0x3C, 0x00, 0xC1, 0xEF, 0x01, 0x9F, 0x07, 0x80, 0x00, 0x00, 0x00, 0x3F,
  0xFF, 0xF8, 0x7F, 0xFF, 0xF0, 0x03, 0x18, 0x00, 0x06, 0x30, 0x01, 0xFF,
  0xFF, 0x03, 0x18, 0xC6, 0x04, 0x31, 0x84, 0x08, 0x63, 0x08, 0x10, 0xC6,
  0x10, 0x3F, 0xFF, 0xE0, 0x03, 0x80, 0x00, 0x06, 0x00, 0x00, 0x1C, 0x00,
  0x0F, 0xFF, 0xFF, 0x80, 0xC0, 0x60, 0x03, 0x01, 0x80, 0x07, 0x87, 0x00,
  0x1F, 0xFC, 0x00, 0x01, 0xFC, 0x00, 0x1F, 0x9F, 0x03, 0xF8, 0x07, 0x80,
  0x00, 0x00, 0x00, 0x00, 0x00, 0x00, 0x7F, 0xFF, 0xF0, 0x03, 0x18, 0x00,
  0xFF, 0xFF, 0x81, 0x08, 0x61, 0x02, 0x18, 0xC2, 0x07, 0xFF, 0xFC, 0x02,
  0x18, 0x00, 0x0C, 0x7F, 0xF8, 0x31, 0x80, 0x00, 0xCF, 0xFF, 0xC1, 0x3F,
  0x01, 0x80, 0xC7, 0xFF, 0x03, 0x0C, 0x06, 0x0E, 0x1F, 0xFC, 0x34, 0x0C,
  0x00, 0x08, 0x3F, 0xE0, 0x13, 0xE0, 0xC0, 0x20, 0x36, 0x00, 0x41, 0xFF,
  0x00, 0x9F, 0x07, 0xC0, 0x00, 0x00, 0x00, 0x00, 0x00, 0x00, 0x08, 0x3F,
  0xE0, 0x10, 0x7F, 0xE0, 0x20, 0xC0, 0xC3, 0xF9, 0x81, 0x87, 0xFB, 0x03,
  0x01, 0x07, 0xFE, 0x02, 0x0C, 0x0C, 0x04, 0x18, 0x18, 0x08, 0x3F, 0xF1,
  0xFF, 0x60, 0x63, 0xFE, 0xC0, 0xC0, 0x41, 0x81, 0x80, 0xC3, 0xFF, 0x03,
  0xC7, 0xFC, 0x06, 0xC2, 0x60, 0x0D, 0x8C, 0xC0, 0x31, 0x99, 0x80, 0x60,
  0x23, 0x11, 0x80, 0xC6, 0x27, 0x07, 0x07, 0xC4, 0x1C, 0x0F, 0x00, 0x00,
  0x00, 0x00, 0x04, 0x00, 0x00, 0x08, 0x00, 0x00, 0x10, 0x7F, 0xC0, 0x20,
  0x80, 0x80, 0x41, 0x01, 0x0F, 0xF3, 0x02, 0x0F, 0xE7, 0xFC, 0x00, 0xC8,
  0x08, 0x03, 0x10, 0x10, 0x04, 0x30, 0x20, 0x18, 0x7F, 0xC0, 0x78, 0x80,
  0x81, 0xF9, 0x01, 0x07, 0x9B, 0x06, 0x19, 0x37, 0xFC, 0x22, 0x02, 0x60,
  0x04, 0x0C, 0xC0, 0x08, 0x19, 0x80, 0x10, 0x23, 0x10, 0x20, 0xC6, 0x20,
  0x43, 0x0C, 0x40, 0x9C, 0x1F, 0x81, 0x00, 0x00, 0x00, 0x00, 0x00, 0x00,
  0x06, 0x10, 0x00, 0x30, 0xEF, 0x80, 0x43, 0xC1, 0x00, 0xF0, 0x1E, 0x01,
  0x07, 0x04, 0x03, 0xEE, 0x78, 0x06, 0x34, 0x30, 0x3F, 0xFF, 0xF8, 0x40,
  0x00, 0x30, 0x80, 0x00, 0x20, 0x3F, 0xFE, 0x00, 0x60, 0x0C, 0x00, 0xFF,
  0xF8, 0x01, 0x80, 0x30, 0x03, 0xFF, 0xE0, 0x06, 0x00, 0xC0, 0x0F, 0xFF,
  0x80, 0x06, 0x18, 0x00, 0x0C, 0x30, 0x60, 0xF0, 0x60, 0xCF, 0x80, 0xFF,
  0x00, 0x00, 0x00, 0x00, 0x00, 0x00, 0x00, 0x7F, 0xCC, 0x00, 0xC8, 0x1F,
  0xF1, 0x90, 0x60, 0x03, 0xFF, 0xBF, 0x06, 0x0C, 0x00, 0x0F, 0xFB, 0xFE,
  0x19, 0x06, 0x94, 0x32, 0x0D, 0x28, 0x7F, 0xDF, 0xF0, 0x00, 0x00, 0x00,
  0x3F, 0xFE, 0x00, 0x40, 0x04, 0x00, 0xFF, 0xF8, 0x01, 0x00, 0x10, 0x03,
  0xFF, 0xE0, 0x04, 0x00, 0x40, 0x0F, 0xFF, 0x80, 0x06, 0x18, 0x00, 0x0C,
  0x30, 0x60, 0xF0, 0x60, 0xCF, 0x80, 0xFF, 0x00, 0x00, 0x00, 0x00, 0x00,
  0x00, 0x00, 0x11, 0x8F, 0xF1, 0xFF, 0xDF, 0xE0, 0x46, 0x20, 0xC0, 0x8C,
  0x41, 0x80, 0x00, 0xC3, 0x0F, 0x7D, 0xFE, 0x12, 0x9A, 0x0C, 0x25, 0x34,
  0x18, 0x7B, 0xEC, 0x30, 0x66, 0x1F, 0xE0, 0x88, 0x20, 0xC3, 0xFF, 0x41,
  0x86, 0x60, 0xFF, 0x1C, 0xC0, 0xD8, 0x3F, 0xF1, 0xB0, 0x13, 0x03, 0x60,
  0x3F, 0xC4, 0xC0, 0x4C, 0x09, 0x90, 0x98, 0x33, 0x21, 0xFF, 0xC6, 0xC2,
  0x03, 0x07, 0x00, 0x00, 0x00, 0x00, 0x00, 0x00, 0x00, 0x03, 0x00, 0x00,
  0x07, 0xFC, 0x00, 0x18, 0x30, 0x00, 0x60, 0x60, 0x01, 0x81, 0x80, 0x07,
  0xFF, 0xFC, 0x1F, 0xFF, 0xF8, 0x3C, 0x18, 0x30, 0x18, 0x30, 0x60, 0x30,
  0x60, 0xC0, 0x7F, 0xFF, 0x80, 0xE1, 0x83, 0x01, 0x83, 0x06, 0x03, 0x06,
  0x0C, 0x06, 0x0C, 0x18, 0x0F, 0xFF, 0xF0, 0x10, 0x00, 0x60, 0x60, 0x00,
  0xC0, 0x80, 0x01, 0x83, 0x00, 0x03, 0x0C, 0x00, 0x7E, 0x00, 0x00, 0xF0,
  0x00, 0x00, 0x00, 0x00, 0x18, 0x00, 0x00, 0x30, 0x7F, 0xE0, 0xFC, 0x1C,
  0xC1, 0x98, 0x30, 0x82, 0x20, 0x61, 0x0C, 0xC1, 0x82, 0x3F, 0xF7, 0x0C,
  0x72, 0x7C, 0x70, 0x24, 0xC1, 0x80, 0x49, 0x93, 0x00, 0xFF, 0x26, 0x01,
  0x26, 0xFF, 0xC2, 0x4D, 0x98, 0x0C, 0xDE, 0x30, 0x1F, 0xF0, 0x60, 0x30,
  0x60, 0xC0, 0x60, 0xFF, 0xF8, 0x81, 0x83, 0x01, 0x03, 0x06, 0x06, 0x06,
  0x0C, 0x08, 0x3C, 0x18, 0x00, 0x00, 0x00, 0x00, 0x00, 0x00, 0x00, 0x10,
  0x00, 0x00, 0x60, 0xFF, 0xE0, 0xF9, 0x92, 0x41, 0x13, 0x24, 0x86, 0x66,
  0xC9, 0x0C, 0xCF, 0xFE, 0x3F, 0xE6, 0x00, 0x76, 0xCC, 0x00, 0x6D, 0xBF,
  0xF0, 0xDB, 0xC8, 0x21, 0xFF, 0x10, 0x43, 0x6D, 0xFC, 0x86, 0xDA, 0x49,
  0x0D, 0xB4, 0x92, 0x1F, 0xE9, 0x24, 0x30, 0xDF, 0xC8, 0x41, 0x84, 0x10,
  0x83, 0x09, 0x21, 0x07, 0xFE, 0x46, 0x0F, 0x85, 0x88, 0x70, 0x0F, 0x00,
  0x00, 0x00, 0x00, 0x00, 0x00, 0x00, 0x7F, 0x00, 0x00, 0x00, 0xFF, 0xF0,
  0x00, 0xFF, 0xE7, 0xFC, 0x0C, 0x00, 0x00, 0x18, 0x00, 0x00, 0x30, 0x1F,
  0xC0, 0x60, 0x00, 0x00, 0xC0, 0x00, 0x01, 0x80, 0xFE, 0x03, 0x00, 0x00,
  0x06, 0x00, 0x00, 0x0C, 0x07, 0xF0, 0x18, 0x0C, 0x60, 0x30, 0x18, 0x40,
  0x60, 0x30, 0x80, 0xC0, 0x61, 0x01, 0x80, 0xC6, 0x03, 0x01, 0xFC, 0x06,
  0x03, 0x00, 0xF8, 0x00, 0x00, 0xE0, 0x00, 0x00, 0x00, 0x00, 0x00, 0x03,
  0x00, 0xFE, 0x06, 0x00, 0x00, 0x0C, 0x00, 0x00, 0x18, 0x0F, 0xF8, 0x30,
  0x00, 0x00, 0x60, 0x00, 0x00, 0xC0, 0x3F, 0x81, 0x80, 0x00, 0x7F, 0xF8,
  0x00, 0xFF, 0xF1, 0xFC, 0x0C, 0x00, 0x00, 0x18, 0x00, 0x00, 0x30, 0x0F,
  0xE0, 0x60, 0x18, 0xC0, 0xC0, 0x30, 0x81, 0x80, 0x61, 0x03, 0x00, 0xC2,
  0x06, 0x01, 0x8C, 0x0C, 0x03, 0xF8, 0x18, 0x06, 0x00, 0x30, 0x00, 0x00,
  0x00, 0x00, 0x00, 0x00, 0x00, 0x7F, 0x7F, 0xE0, 0x00, 0xFF, 0xC0, 0x00,
  0x21, 0x87, 0xF8, 0x43, 0x00, 0x00, 0x86, 0x00, 0x01, 0x0C, 0x1F, 0xC2,
  0x18, 0x00, 0x04, 0x30, 0x00, 0x7F, 0x60, 0xFE, 0xFE, 0xC0, 0x00, 0x61,
  0x80, 0x00, 0xC3, 0x07, 0xF1, 0x86, 0x0C, 0x63, 0x0C, 0x10, 0xC4, 0x18,
  0x21, 0x98, 0x34, 0x43, 0x30, 0x2C, 0xC6, 0xC0, 0x71, 0xFF, 0x00, 0xE2,
  0x06, 0x00, 0xC0, 0x00, 0x00, 0x00, 0x00, 0x00, 0x00, 0x7F, 0x3F, 0xF0,
  0x00, 0x7F, 0xE0, 0x00, 0x00, 0xC7, 0xFC, 0x01, 0x80, 0x00, 0x03, 0x00,
  0x00, 0x06, 0x1F, 0xC0, 0x0C, 0x00, 0x00, 0x18, 0x00, 0x3F, 0xF0, 0xFE,
  0x7F, 0xE0, 0x00, 0xC0, 0xC0, 0x01, 0x80, 0x07, 0xF3, 0x00, 0x0C, 0x66,
  0x00, 0x18, 0x4C, 0x00, 0x30, 0x98, 0x0C, 0x61, 0x30, 0x18, 0xC6, 0x60,
  0x31, 0xFC, 0xFF, 0xC3, 0x00, 0xFF, 0x80, 0x00, 0x00, 0x00, 0x00, 0x0F,
  0xC0, 0x7F, 0x3F, 0xC0, 0x00, 0x61, 0x80, 0x00, 0xC3, 0x07, 0xFD, 0x86,
  0x00, 0x03, 0x0C, 0x80, 0x06, 0x19, 0x1F, 0xD8, 0x3E, 0x00, 0x60, 0x00,
  0x00, 0x00, 0x00, 0xFE, 0xFF, 0xE0, 0x01, 0xFF, 0x80, 0x01, 0x83, 0x07,
  0xF1, 0x86, 0x0C, 0x63, 0x18, 0x10, 0xC3, 0x60, 0x21, 0x83, 0xC0, 0x43,
  0x07, 0x00, 0xC6, 0x3F, 0x81, 0xFD, 0xE3, 0xC2, 0x07, 0x01, 0xC0, 0x00,
  0x00, 0x00, 0x00, 0x00, 0x00, 0x00, 0x18, 0x00, 0xFE, 0x30, 0x00, 0x00,
  0x60, 0x00, 0x01, 0xFF, 0xCF, 0xFB, 0xFF, 0x00, 0x04, 0x60, 0x00, 0x18,
  0xC0, 0x3F, 0xF1, 0x80, 0x00, 0x43, 0x00, 0x00, 0x06, 0x01, 0xFD, 0xFF,
  0xE0, 0x03, 0xFF, 0xC0, 0x00, 0x30, 0x0F, 0xE0, 0x60, 0x18, 0xC0, 0xC0,
  0x30, 0x81, 0x80, 0x61, 0x03, 0x00, 0xC2, 0x06, 0x01, 0x8C, 0x0C, 0x03,
  0xF8, 0x18, 0x06, 0x00, 0x30, 0x00, 0x00, 0x00, 0x00, 0x00, 0x00, 0x00,
  0x7F, 0x7F, 0xF0, 0x00, 0xFF, 0xE0, 0x00, 0x00, 0x47, 0xF8, 0x00, 0x80,
  0x07, 0xF9, 0x00, 0x00, 0x02, 0x1F, 0xC0, 0x04, 0x00, 0x00, 0x08, 0x00,
  0x3F, 0x10, 0xFE, 0x42, 0x20, 0x00, 0x84, 0x40, 0x01, 0x08, 0x87, 0xF2,
  0x11, 0x0C, 0x66, 0x62, 0x10, 0xCF, 0xC4, 0x21, 0x90, 0x08, 0x43, 0x20,
  0x10, 0xC6, 0x00, 0x21, 0xFC, 0x00, 0x42, 0x00, 0x0F, 0x80, 0x00, 0x1E,
  0x00, 0x00, 0x00, 0x40, 0x00, 0x00, 0xB0, 0xFC, 0x01, 0x20, 0x00, 0x02,
  0x60, 0x00, 0x04, 0x0F, 0xF7, 0xFF, 0x00, 0x1F, 0xFF, 0x00, 0x00, 0x20,
  0x3F, 0x00, 0x40, 0x00, 0x00, 0x80, 0x00, 0x01, 0x01, 0xF9, 0xFA, 0x00,
  0x00, 0xC4, 0x00, 0x01, 0x8C, 0x0F, 0xC3, 0x18, 0x18, 0x86, 0x30, 0x21,
  0x0C, 0x60, 0x42, 0x18, 0xC8, 0x84, 0x3E, 0x91, 0x8B, 0xF9, 0xA3, 0xF2,
  0x03, 0xC4, 0x00, 0x03, 0x00, 0x00, 0x00, 0x00, 0x00, 0x00, 0x00, 0x00,
  0x00, 0x70, 0xFE, 0x7F, 0xE0, 0x01, 0xFC, 0x00, 0x00, 0x18, 0x0F, 0xF0,
  0x30, 0x00, 0x00, 0x60, 0x00, 0x1F, 0xFE, 0x3F, 0xBF, 0xFC, 0x00, 0x03,
  0x00, 0x00, 0x06, 0x01, 0xFC, 0x0C, 0x00, 0x00, 0x18, 0x00, 0x03, 0xFF,
  0x00, 0x07, 0xFE, 0x1F, 0xCC, 0x0C, 0x21, 0x98, 0x18, 0x43, 0x30, 0x30,
  0x86, 0x60, 0x61, 0x0C, 0xFF, 0xC3, 0xF9, 0xFF, 0x86, 0x03, 0x03, 0x00,
  0x00, 0x00, 0x00, 0x00, 0x00, 0x00, 0x00, 0x03, 0x00, 0xFC, 0x06, 0x00,
  0x00, 0x0C, 0x00, 0x07, 0xFF, 0xCF, 0xF7, 0xFF, 0x80, 0x00, 0xC0, 0x00,
  0x03, 0x18, 0x3F, 0x3C, 0x60, 0x00, 0x70, 0xC0, 0x00, 0x33, 0x01, 0xF8,
  0x3C, 0x00, 0x00, 0x71, 0x80, 0x01, 0xC3, 0x0F, 0xC7, 0x0C, 0x18, 0x98,
  0x30, 0x21, 0x00, 0xE0, 0x42, 0x03, 0x80, 0x84, 0x1D, 0x81, 0x88, 0x71,
  0xC3, 0xFB, 0xC1, 0xC4, 0x0E, 0x01, 0x80, 0x00, 0x00, 0x00, 0x00, 0x00,
  0x00, 0x7E, 0x7F, 0xF0, 0x00, 0x0C, 0x20, 0x00, 0x10, 0x47, 0xFB, 0xA1,
  0x80, 0x03, 0xE3, 0x00, 0x01, 0xE6, 0x1F, 0x86, 0xCC, 0x00, 0x18, 0x18,
  0x00, 0x61, 0xE0, 0xFC, 0x89, 0x00, 0x00, 0x18, 0x00, 0x00, 0x18, 0x07,
  0xE0, 0x98, 0x0C, 0x4D, 0x04, 0x10, 0x9A, 0x0C, 0x21, 0x24, 0x08, 0x42,
  0x48, 0x58, 0xC7, 0x90, 0xB1, 0xFE, 0x33, 0x22, 0x00, 0x7E, 0x00, 0x00,
  0x00, 0x00, 0x00, 0x00, 0x00, 0x7E, 0x7F, 0xF0, 0x00, 0x08, 0x00, 0x00,
  0x30, 0x07, 0xF8, 0x60, 0x00, 0x07, 0xFE, 0x00, 0x01, 0x8C, 0x1F, 0x82,
  0x18, 0x00, 0x04, 0x30, 0x00, 0x7F, 0xF8, 0xFD, 0xFF, 0xF0, 0x00, 0x00,
  0x00, 0x00, 0x00, 0x00, 0x03, 0xFF, 0x0F, 0xE7, 0xFE, 0x10, 0xCC, 0x0C,
  0x21, 0x98, 0x18, 0x43, 0x30, 0x30, 0x86, 0x60, 0x61, 0xFC, 0xFF, 0xC3,
  0x01, 0xFF, 0x80, 0x02, 0x00, 0x00, 0x00, 0x07, 0xF8, 0x7E, 0x0C, 0x30,
  0x00, 0x98, 0x60, 0x01, 0xB0, 0xC7, 0xFB, 0x61, 0x80, 0x06, 0xC3, 0x00,
  0x0D, 0xFE, 0x1F, 0x98, 0x00, 0x00, 0x30, 0x00, 0x00, 0x7F, 0xE0, 0xFC,
  0xC0, 0xC0, 0x01, 0x80, 0x80, 0x00, 0x01, 0x07, 0xE0, 0x02, 0x0C, 0xDF,
  0xFF, 0x10, 0xBF, 0xFE, 0x21, 0x0C, 0x60, 0x42, 0x38, 0x60, 0xCC, 0xE0,
  0xE1, 0xFB, 0x80, 0xC2, 0x06, 0x00, 0xC0, 0x00, 0x00, 0x00, 0x00, 0x00,
  0x00, 0x7E, 0x7F, 0xF0, 0x00, 0x00, 0xC0, 0x00, 0x67, 0x07, 0xF8, 0x7C,
  0x00, 0x00, 0x38, 0x00, 0x00, 0x38, 0x1F, 0x9F, 0xFC, 0x00, 0x31, 0x08,
  0x00, 0x62, 0x10, 0xFC, 0xCE, 0x60, 0x01, 0xFF, 0xC0, 0x03, 0x10, 0x87,
  0xE6, 0x21, 0x0C, 0x4C, 0xE6, 0x10, 0x9F, 0xFC, 0x21, 0x31, 0x08, 0x42,
  0x62, 0x10, 0xC4, 0xC4, 0x21, 0xF9, 0x88, 0x42, 0x03, 0x13, 0x80, 0x04,
  0x04, 0x00, 0x00, 0x07, 0xC0, 0x7F, 0x0F, 0xC0, 0x00, 0x20, 0xC0, 0x00,
  0xC1, 0x87, 0xF9, 0x01, 0x80, 0x06, 0x03, 0x80, 0x1F, 0xFF, 0x1F, 0xDC,
  0x1C, 0x00, 0x10, 0x18, 0x00, 0x20, 0x30, 0xFE, 0x40, 0x60, 0x00, 0xC1,
  0xC0, 0x01, 0xFF, 0x87, 0xF0, 0x98, 0x0C, 0x63, 0x30, 0x10, 0xC6, 0x60,
  0x21, 0x8C, 0xC0, 0x43, 0x11, 0x88, 0xC6, 0x63, 0x11, 0xFF, 0x86, 0x22,
  0x06, 0x07, 0xC0, 0x00, 0x06, 0x00, 0x00, 0x01, 0x00, 0x00, 0x02, 0x00,
  0xFE, 0xFF, 0xE0, 0x00, 0x0C, 0x00, 0x00, 0x10, 0x0F, 0xF3, 0xFF, 0x00,
  0x00, 0x60, 0x00, 0x00, 0x80, 0x3F, 0xFF, 0xFC, 0x00, 0x00, 0x00, 0x00,
  0x00, 0x01, 0xFC, 0xFF, 0xC0, 0x01, 0x81, 0x80, 0x03, 0x03, 0x0F, 0xE7,
  0xFE, 0x18, 0xCC, 0x0C, 0x21, 0x98, 0x18, 0x43, 0x3F, 0xF0, 0x86, 0x60,
  0x61, 0x8C, 0xC0, 0xC3, 0xF9, 0x81, 0x84, 0x03, 0x1E, 0x00, 0x00, 0x00,
  0x00, 0x00, 0x00, 0x00, 0x00, 0x01, 0x00, 0xFD, 0xFA, 0xC0, 0x00, 0x27,
  0x00, 0x06, 0xC4, 0xCF, 0xF7, 0x0F, 0x00, 0x06, 0x0C, 0x00, 0x1C, 0x18,
  0x3F, 0x7F, 0xF8, 0x01, 0xC0, 0x18, 0x00, 0x00, 0x01, 0xF9, 0xFF, 0x80,
  0x03, 0x03, 0x00, 0x06, 0x06, 0x0F, 0xCC, 0x0C, 0x19, 0x9F, 0xF8, 0x21,
  0x08, 0x60, 0x42, 0x10, 0xC0, 0x84, 0x31, 0x01, 0x98, 0x62, 0x03, 0xF7,
  0xFF, 0xC4, 0x00, 0x00, 0x00, 0x00, 0x00, 0x00, 0x00, 0x18, 0xC0, 0x7C,
  0x31, 0xA0, 0x03, 0xFF, 0x60, 0x03, 0x36, 0x47, 0xF6, 0x6C, 0xC0, 0x04,
  0x98, 0x00, 0x09, 0x30, 0x1F, 0xBF, 0x60, 0x00, 0xFF, 0xFC, 0x00, 0x00,
  0x80, 0xF8, 0x01, 0x00, 0x03, 0xF2, 0xC0, 0x04, 0x25, 0x87, 0xC8, 0x4E,
  0x0C, 0x9F, 0x9C, 0x11, 0x21, 0x30, 0x22, 0x42, 0x60, 0x44, 0xFD, 0xC8,
  0x89, 0x06, 0x91, 0xF2, 0x19, 0xA2, 0x00, 0x63, 0xC0, 0x00, 0x03, 0x00,
  0x00, 0x00, 0x00, 0x00, 0x30, 0x40, 0xFC, 0x21, 0x80, 0x03, 0xFF, 0xC0,
  0x00, 0x30, 0x0F, 0xE0, 0x60, 0x00, 0x0F, 0xFE, 0x00, 0x01, 0x80, 0x3F,
  0x03, 0x00, 0x01, 0xFF, 0xF8, 0x00, 0x1A, 0x01, 0xFB, 0xE5, 0x80, 0x01,
  0x89, 0x80, 0x01, 0x10, 0x0F, 0xFF, 0xFF, 0x19, 0x8C, 0x60, 0x23, 0x08,
  0xD8, 0x46, 0xFC, 0xE0, 0x8F, 0xE1, 0x81, 0x98, 0x47, 0x23, 0xF1, 0x9E,
  0x44, 0x0F, 0x47, 0x80, 0x00, 0x00, 0x00, 0x00, 0x00, 0x00, 0x00, 0x06,
  0x00, 0xFD, 0xFF, 0xF0, 0x00, 0x18, 0x00, 0x03, 0xFF, 0x8F, 0xE0, 0x00,
  0x00, 0x1F, 0xFE, 0x00, 0x32, 0x44, 0x3F, 0x6C, 0xF8, 0x00, 0xF0, 0x10,
  0x01, 0xFF, 0xE1, 0xF8, 0x00, 0x00, 0x03, 0xFF, 0x80, 0x04, 0x03, 0x0F,
  0xCF, 0xFE, 0x19, 0x90, 0x0C, 0x23, 0x3F, 0xF8, 0x46, 0x40, 0x30, 0x8C,
  0xFF, 0xE1, 0x98, 0x43, 0x03, 0xF3, 0x87, 0x04, 0x1C, 0x03, 0x80, 0x00,
  0x00, 0x00, 0x00, 0x00, 0x00, 0x10, 0xF8, 0x80, 0x60, 0x02, 0x41, 0xB7,
  0xFD, 0x81, 0xC0, 0x1E, 0x03, 0x0F, 0x9A, 0x04, 0xC0, 0x26, 0x3F, 0xBF,
  0xFE, 0x0C, 0x03, 0x64, 0x18, 0x02, 0xC0, 0xB9, 0xF5, 0xA1, 0x6A, 0x2B,
  0x66, 0xCF, 0xF6, 0x41, 0xB0, 0x0C, 0x00, 0xE0, 0x00, 0x03, 0xFF, 0xFC,
  0x1F, 0x01, 0x80, 0x73, 0x0E, 0x00, 0x03, 0xF8, 0x00, 0x03, 0xE0, 0x00,
  0xFC, 0x7E, 0x0F, 0xC0, 0x1F, 0x80, 0x00, 0x00, 0x00, 0x00, 0x01, 0x00,
  0x00, 0x06, 0x00, 0xFD, 0xFF, 0xF0, 0x00, 0x00, 0x00, 0x00, 0x00, 0x0F,
  0xE7, 0xDF, 0x00, 0x09, 0xA2, 0x00, 0x13, 0x44, 0x3F, 0x3E, 0xF8, 0x00,
  0x10, 0x80, 0x01, 0xFF, 0xE1, 0xF8, 0x42, 0x00, 0x07, 0xFF, 0x80, 0x01,
  0x08, 0x0F, 0xC2, 0x10, 0x19, 0xFF, 0xFE, 0x23, 0x0D, 0x80, 0x46, 0x71,
  0x30, 0x8F, 0xE3, 0xC1, 0x98, 0xC3, 0x03, 0xF1, 0xFB, 0x04, 0x07, 0x83,
  0x80, 0x00, 0x00, 0x00, 0x00, 0x00, 0x00, 0x00, 0xF0, 0x00, 0x03, 0xB8,
  0x00, 0x1C, 0x1C, 0x00, 0xFF, 0xFF, 0x0F, 0x80, 0x07, 0x88, 0x00, 0x02,
  0x03, 0xFF, 0xC0, 0x00, 0x01, 0x80, 0x00, 0x03, 0x00, 0x3F, 0xFF, 0x80,
  0x60, 0x03, 0x00, 0xC0, 0x06, 0x01, 0xFF, 0xFC, 0x03, 0x00, 0x18, 0x07,
  0xFF, 0xF0, 0x0C, 0x00, 0x60, 0x18, 0x00, 0xC0, 0x3F, 0xFF, 0x80, 0x0C,
  0x10, 0x00, 0xF0, 0x3E, 0x07, 0x80, 0x0F, 0x00, 0x00, 0x00, 0x00, 0x00,
  0x00, 0x00, 0x00, 0x20, 0x00, 0x7F, 0xFF, 0xC0, 0x01, 0xC0, 0x00, 0x01,
  0x00, 0x01, 0xFF, 0xFE, 0x00, 0x04, 0x00, 0x3F, 0xFF, 0xFE, 0x00, 0x00,
  0x00, 0x00, 0x00, 0x00, 0x3F, 0xFF, 0x80, 0x60, 0x03, 0x00, 0xC0, 0x06,
  0x01, 0xFF, 0xFC, 0x03, 0x00, 0x18, 0x07, 0xFF, 0xF0, 0x0C, 0x00, 0x60,
  0x18, 0x00, 0xC0, 0x3F, 0xFF, 0x80, 0x0C, 0x18, 0x00, 0xF0, 0x1E, 0x07,
  0x80, 0x0F, 0x00, 0x00, 0x00, 0x00, 0x00, 0x00, 0x00, 0x00, 0x02, 0x00,
  0xFE, 0x04, 0x01, 0x84, 0x08, 0x03, 0x08, 0x10, 0x06, 0x10, 0x20, 0x0F,
  0xE0, 0x7F, 0x18, 0x40, 0xFE, 0x30, 0x81, 0x00, 0x61, 0x02, 0x00, 0xC2,
  0x04, 0x01, 0xFC, 0x08, 0x03, 0x09, 0xFF, 0x86, 0x13, 0xFF, 0x0C, 0x26,
  0x06, 0x1F, 0xCC, 0x0C, 0x00, 0x18, 0x18, 0x32, 0x30, 0x30, 0x66, 0x60,
  0x61, 0x84, 0xC0, 0xC3, 0x0D, 0xFF, 0x8C, 0x03, 0xFF, 0x00, 0x04, 0x00,
  0x00, 0x00, 0x00, 0x00, 0x30, 0x20, 0x00, 0x38, 0xFF, 0xE0, 0x13, 0x38,
  0xC0, 0x0C, 0x73, 0x00, 0x01, 0xF4, 0x03, 0xC7, 0x70, 0x3E, 0x7C, 0x78,
  0x20, 0xC0, 0x3C, 0x1F, 0xFF, 0xC0, 0x30, 0x01, 0x80, 0x60, 0x03, 0x00,
  0xFF, 0xFE, 0x01, 0x80, 0x0C, 0x03, 0x00, 0x18, 0x07, 0xFF, 0xF0, 0x0C,
  0x00, 0x60, 0x18, 0x00, 0xC0, 0x3F, 0xFF, 0x80, 0x0C, 0x10, 0x00, 0x70,
  0x3C, 0x07, 0x80, 0x0F, 0x00, 0x00, 0x00, 0x00, 0x00, 0x00, 0x00, 0x00,
  0x20, 0x00, 0x00, 0x40, 0x00, 0x7F, 0xFF, 0x01, 0xFF, 0xFF, 0x00, 0x02,
  0x00, 0x00, 0x04, 0x00, 0x00, 0x08, 0x00, 0x3F, 0xFF, 0xF8, 0x7F, 0xFF,
  0xF0, 0x00, 0x40, 0x00, 0x00, 0x80, 0x00, 0x61, 0x00, 0x00, 0xC2, 0x00,
  0x01, 0x07, 0xFC, 0x06, 0x0F, 0xF8, 0x0E, 0x10, 0x00, 0x1E, 0x20, 0x00,
  0x66, 0x40, 0x01, 0x87, 0x80, 0x03, 0x07, 0xFF, 0xCC, 0x01, 0xFF, 0x80,
  0x00, 0x00, 0x00, 0x00, 0x00, 0x00, 0x04, 0x0F, 0xE0, 0x08, 0x3F, 0xE0,
  0x38, 0x00, 0xC3, 0xFE, 0x01, 0x80, 0x40, 0x03, 0x00, 0x80, 0x06, 0x01,
  0x00, 0x0C, 0x7F, 0xF7, 0xF8, 0x7F, 0xCF, 0xF0, 0x0C, 0x10, 0x40, 0x98,
  0x20, 0x03, 0x30, 0x40, 0x06, 0x7C, 0x80, 0x0C, 0xF9, 0x03, 0x19, 0x82,
  0x06, 0x3B, 0x04, 0x0C, 0x76, 0x0F, 0xF0, 0xBC, 0x0F, 0xC1, 0x38, 0x00,
  0x06, 0x3F, 0xFF, 0xCC, 0x07, 0xFF, 0x00, 0x00, 0x00, 0x00, 0x00, 0x00,
  0x00, 0x0C, 0x00, 0x00, 0x18, 0x7F, 0xE1, 0xFE, 0x18, 0x43, 0xFE, 0x30,
  0x80, 0xC0, 0x63, 0x01, 0x81, 0x86, 0x03, 0x03, 0x0C, 0x7F, 0xEC, 0xF8,
  0x7F, 0xF0, 0x00, 0x08, 0x00, 0x01, 0x90, 0x7F, 0xC3, 0x20, 0xC1, 0x86,
  0x7D, 0x83, 0x0C, 0xF3, 0x06, 0x19, 0x06, 0x0C, 0x32, 0x0C, 0x18, 0x74,
  0x1F, 0xF0, 0xB8, 0x00, 0x03, 0x38, 0x00, 0x06, 0x3F, 0xFF, 0xC8, 0x07,
  0xFF, 0x00, 0x00, 0x00, 0x00, 0x0F, 0xFF, 0xF0, 0x1F, 0xFF, 0xE0, 0x30,
  0x00, 0xC0, 0x60, 0x01, 0x80, 0xC0, 0x03, 0x01, 0x80, 0x06, 0x03, 0xFF,
  0xFC, 0x07, 0xFF, 0xF0, 0x00, 0x10, 0x00, 0x00, 0x20, 0x00, 0x18, 0x40,
  0x00, 0x30, 0xFF, 0x80, 0x61, 0xFF, 0x01, 0xC2, 0x00, 0x03, 0x84, 0x00,
  0x07, 0x88, 0x00, 0x19, 0x90, 0x00, 0x31, 0xE0, 0x00, 0xC1, 0xFF, 0xF3,
  0x00, 0x7F, 0xE0, 0x00, 0x00, 0x00, 0x00, 0x00, 0x00, 0x00, 0x0C, 0x00,
  0xFF, 0x18, 0x01, 0x86, 0x7F, 0x83, 0x0C, 0xC3, 0x06, 0x1B, 0x86, 0x0C,
  0x37, 0x98, 0x18, 0xFB, 0x30, 0x3F, 0xE3, 0xC0, 0x0C, 0x03, 0x00, 0x18,
  0x0F, 0x01, 0x30, 0x3F, 0x03, 0x78, 0xE3, 0x06, 0xFF, 0x03, 0x8D, 0x8F,
  0xFF, 0x1B, 0x06, 0x18, 0x36, 0x08, 0x10, 0x6C, 0x10, 0x20, 0xDF, 0x20,
  0x43, 0xFC, 0x40, 0x87, 0x80, 0xFF, 0x00, 0x01, 0xFE, 0x00, 0x00, 0x00,
  0x00, 0x00, 0x00, 0x00, 0x00, 0x09, 0x80, 0xFE, 0x13, 0x01, 0x8C, 0x26,
  0x02, 0x1E, 0x4C, 0xC4, 0x3C, 0x9B, 0x08, 0x6D, 0x36, 0x18, 0xDE, 0x78,
  0x3F, 0x9C, 0xF0, 0x08, 0x09, 0x80, 0x10, 0x13, 0x01, 0x20, 0x26, 0x02,
  0x78, 0xCE, 0x04, 0xE7, 0x9F, 0x09, 0x1F, 0x37, 0x12, 0x26, 0x66, 0x24,
  0x08, 0xC0, 0x49, 0x11, 0x80, 0xFE, 0x63, 0x13, 0xE1, 0x86, 0x26, 0x07,
  0x0F, 0xC0, 0x1C, 0x0F, 0x00, 0x00, 0x00, 0x00, 0x00, 0x00, 0x18, 0x7E,
  0x07, 0xF0, 0x85, 0xFF, 0x01, 0x08, 0x00, 0x02, 0x12, 0x31, 0x84, 0x26,
  0x62, 0x0F, 0xCC, 0x4C, 0x06, 0x08, 0x90, 0x04, 0x10, 0x20, 0x08, 0x02,
  0x00, 0x90, 0x04, 0x01, 0x21, 0xFF, 0xC2, 0x73, 0xFF, 0x84, 0x80, 0xF8,
  0x09, 0x01, 0xF0, 0x12, 0x06, 0xB0, 0x24, 0x19, 0x30, 0x5F, 0x62, 0x30,
  0xF9, 0xC4, 0x73, 0xC1, 0x08, 0x40, 0x00, 0x10, 0x00, 0x00, 0x00, 0x00,
  0x00, 0x1F, 0xE0, 0x7E, 0x30, 0xC0, 0x84, 0x61, 0x81, 0x08, 0xC3, 0x02,
  0x11, 0xFE, 0x04, 0x20, 0x00, 0x0F, 0xDF, 0xBE, 0x06, 0x33, 0x44, 0x04,
  0x46, 0x88, 0x08, 0x8D, 0x10, 0x91, 0xFB, 0xE1, 0x38, 0x18, 0x02, 0x70,
  0x30, 0x04, 0x80, 0x60, 0x09, 0x1F, 0xFF, 0x12, 0x03, 0xC0, 0x24, 0x0F,
  0x40, 0x5F, 0x36, 0xC0, 0xF8, 0xCC, 0xE3, 0x83, 0x18, 0xE0, 0x00, 0x30,
  0x00, 0x00, 0x00, 0x00, 0x00, 0x00, 0x00, 0x00, 0x60, 0x00, 0x00, 0xC0,
  0x00, 0x3F, 0xFE, 0x00, 0x7F, 0xFC, 0x00, 0xC0, 0x18, 0x01, 0x80, 0x30,
  0x03, 0xFF, 0xE0, 0x06, 0x00, 0xC8, 0x0C, 0x01, 0xB0, 0x1F, 0xFF, 0xC0,
  0x30, 0x07, 0x00, 0x60, 0x0E, 0x00, 0xC0, 0x78, 0x0F, 0xFF, 0xF0, 0x1F,
  0x87, 0x60, 0x00, 0x1C, 0xC0, 0x00, 0xF1, 0x80, 0x07, 0x83, 0x00, 0x3E,
  0x06, 0x03, 0xF0, 0x0C, 0x0F, 0x01, 0xF8, 0x00, 0x03, 0xC0, 0x00, 0x00,
  0x00, 0x00, 0x0C, 0x03, 0x00, 0x10, 0x46, 0x20, 0xFC, 0xCC, 0xC1, 0x19,
  0x99, 0x82, 0x11, 0x32, 0x04, 0x62, 0x60, 0x0F, 0xC0, 0xC0, 0x10, 0x9F,
  0xF8, 0x23, 0x20, 0x10, 0x7F, 0x40, 0x20, 0x86, 0x9E, 0x41, 0x19, 0x24,
  0x87, 0xF2, 0x49, 0x1F, 0xE4, 0x92, 0x03, 0xC9, 0x24, 0x0C, 0x93, 0xC8,
  0x39, 0x24, 0x10, 0xE2, 0x48, 0x23, 0x84, 0x80, 0x44, 0x09, 0x00, 0x80,
  0xF2, 0x07, 0x00, 0x00, 0x00, 0x00, 0x00, 0x00, 0x00, 0x06, 0x04, 0xC0,
  0x0C, 0x09, 0xC1, 0xFF, 0x91, 0xC0, 0x30, 0x21, 0x80, 0x60, 0x40, 0x1F,
  0xFF, 0xFF, 0x01, 0x83, 0x80, 0x03, 0x02, 0x00, 0x7F, 0xF6, 0x30, 0x0C,
  0x0C, 0x40, 0x18, 0x19, 0x83, 0xFF, 0x33, 0x06, 0x22, 0x6C, 0x0F, 0xFC,
  0x78, 0x18, 0x88, 0xE0, 0x3F, 0xF1, 0x80, 0x06, 0x07, 0x08, 0x0C, 0x0E,
  0x11, 0xFF, 0xF6, 0x60, 0x11, 0xC6, 0xC0, 0x23, 0x0F, 0x00, 0x00, 0x04,
  0x00, 0x00, 0x00, 0x00, 0x08, 0x07, 0x00, 0x10, 0x0F, 0x03, 0xFE, 0x33,
  0x00, 0xE0, 0xC6, 0x00, 0x83, 0x87, 0x01, 0x0C, 0x07, 0x1F, 0xF7, 0xFE,
  0x24, 0xC0, 0x00, 0x49, 0x80, 0x00, 0xFF, 0x00, 0x01, 0x26, 0xFF, 0xC2,
  0x4D, 0x24, 0x84, 0x9A, 0x49, 0x0F, 0xF4, 0x92, 0x02, 0x0B, 0x6C, 0x7F,
  0x9F, 0xF8, 0xFF, 0xA4, 0x90, 0x10, 0x49, 0x20, 0x20, 0x92, 0x40, 0x41,
  0x24, 0x80, 0x82, 0x4F, 0x00, 0x00, 0x00, 0x00, 0x06, 0x0F, 0xF8, 0x0C,
  0x18, 0x31, 0xFF, 0xB0, 0x60, 0x30, 0x60, 0xC0, 0x60, 0xFF, 0x80, 0xC0,
  0x00, 0x0F, 0xF0, 0x00, 0x13, 0x2F, 0xFE, 0x26, 0x4C, 0x18, 0x7F, 0x98,
  0x30, 0x99, 0x30, 0x61, 0x32, 0x7F, 0xC2, 0x64, 0xC1, 0x87, 0xF9, 0x83,
  0x01, 0x83, 0xFE, 0x3F, 0xE6, 0x0C, 0x7F, 0xEC, 0x18, 0x0C, 0x3F, 0xF8,
  0x18, 0xFF, 0xE0, 0x30, 0x00, 0xC0, 0x60, 0x01, 0x80, 0x00, 0x00, 0x00,
  0x00, 0x00, 0x00, 0x08, 0x03, 0x00, 0x10, 0x0F, 0x03, 0xFE, 0x33, 0x00,
  0xE0, 0xC7, 0x00, 0x83, 0x87, 0x01, 0x0E, 0x07, 0x1F, 0xFB, 0xF2, 0x24,
  0x80, 0x00, 0x49, 0x00, 0x00, 0xFE, 0x7D, 0x21, 0x24, 0x9A, 0x42, 0x49,
  0x34, 0x84, 0x93, 0xE9, 0x0F, 0xE4, 0xD2, 0x02, 0x09, 0xA4, 0x7F, 0x93,
  0x48, 0xFF, 0xBE, 0x90, 0x10, 0x4D, 0x20, 0x20, 0x98, 0x40, 0x41, 0x30,
  0x80, 0x82, 0xC7, 0x00, 0x00, 0x00, 0x00, 0x00, 0x00, 0x00, 0x0C, 0x03,
  0x00, 0x18, 0x7F, 0xF3, 0xFE, 0x0C, 0x00, 0x60, 0x18, 0x00, 0xC3, 0xFF,
  0x01, 0x86, 0x62, 0x1F, 0xEC, 0xC4, 0x24, 0x5F, 0xF8, 0x48, 0xB3, 0x10,
  0xFF, 0x7F, 0xE1, 0x36, 0x0C, 0x82, 0x44, 0x19, 0x84, 0xDF, 0xFF, 0x8F,
  0xF0, 0x01, 0x03, 0x00, 0x30, 0x7E, 0x3F, 0xFC, 0xFF, 0x80, 0x40, 0x18,
  0x30, 0x80, 0x30, 0x31, 0x00, 0x60, 0x02, 0x00, 0xC0, 0x3C, 0x00, 0x00,
  0x00, 0x00, 0x00, 0x00, 0x00, 0x40, 0x38, 0x00, 0xC0, 0xE0, 0x00, 0xC7,
  0x1F, 0xC1, 0xCC, 0x31, 0x81, 0x98, 0x63, 0x00, 0x30, 0xC6, 0x00, 0x61,
  0x8C, 0x00, 0xC3, 0x18, 0x01, 0x86, 0x31, 0xF3, 0x0C, 0x63, 0xE6, 0x18,
  0xC0, 0xCC, 0x31, 0x81, 0x98, 0x63, 0x03, 0x3E, 0xC6, 0x06, 0xF1, 0xBC,
  0x0D, 0x03, 0x00, 0x18, 0x06, 0x00, 0x70, 0x0C, 0x01, 0xF0, 0x00, 0x07,
  0x3F, 0x01, 0xCC, 0x1F, 0xFF, 0x80, 0x00, 0x00, 0x00, 0x00, 0x00, 0x00,
  0x60, 0xFF, 0xF0, 0x61, 0xFF, 0xE0, 0x62, 0x00, 0x00, 0xC4, 0x00, 0x00,
  0x08, 0x00, 0x00, 0x1F, 0xFC, 0x00, 0x3F, 0xF8, 0x00, 0x58, 0x30, 0xF8,
  0x90, 0xC1, 0xF1, 0x31, 0x80, 0x66, 0x36, 0x00, 0xCC, 0x78, 0x01, 0x98,
  0x70, 0x03, 0x61, 0xF0, 0x06, 0xC7, 0x70, 0x0D, 0x3C, 0x78, 0x3C, 0x60,
  0x30, 0xFC, 0x00, 0x03, 0x9F, 0xFF, 0xE6, 0x07, 0xFF, 0xC0, 0x00, 0x00,
  0x00, 0x00, 0x00, 0x00, 0x40, 0x06, 0x00, 0xC0, 0x18, 0x00, 0xE0, 0x30,
  0x00, 0xC7, 0xFF, 0x80, 0x8F, 0xFF, 0x00, 0x18, 0x06, 0x00, 0x30, 0x0C,
  0x00, 0x60, 0x18, 0x00, 0xC0, 0x31, 0xF1, 0xFF, 0xE3, 0xE3, 0x01, 0xC0,
  0xC6, 0x01, 0x81, 0x8C, 0x03, 0x03, 0x18, 0x06, 0x06, 0x30, 0x0C, 0x0C,
  0x7F, 0xF8, 0x18, 0xFF, 0xE0, 0x78, 0x00, 0x01, 0xF8, 0x00, 0x07, 0x1F,
  0xFF, 0xCC, 0x0F, 0xFF, 0x80, 0x00, 0x00, 0x00, 0x00, 0x00, 0x00, 0x40,
  0x0C, 0x00, 0xC3, 0x18, 0x60, 0xC2, 0x31, 0x80, 0xC6, 0x63, 0x00, 0x8C,
  0xCC, 0x00, 0x09, 0x98, 0x00, 0x03, 0x00, 0x00, 0xFF, 0xF8, 0x03, 0xFF,
  0xF9, 0xF0, 0x3C, 0x03, 0xE0, 0x7C, 0x00, 0xC1, 0xEC, 0x01, 0x86, 0xC8,
  0x03, 0x19, 0x98, 0x06, 0x73, 0x1C, 0x0D, 0xC6, 0x1C, 0x18, 0x0C, 0x10,
  0x38, 0x18, 0x01, 0xF8, 0x00, 0x07, 0x1F, 0xFF, 0xCC, 0x0F, 0xFF, 0x80,
  0x00, 0x00, 0x00, 0x00, 0x00, 0x00, 0x70, 0xFF, 0xE0, 0x71, 0x80, 0xC0,
  0x73, 0x01, 0x80, 0x47, 0xFF, 0x00, 0x0C, 0x06, 0x00, 0x18, 0x0C, 0x00,
  0x30, 0x18, 0x00, 0x7F, 0xF0, 0xF8, 0xCE, 0x01, 0xF1, 0x8C, 0x60, 0x63,
  0x09, 0x80, 0xC6, 0x1E, 0x01, 0x8C, 0x18, 0x03, 0x18, 0x38, 0x06, 0x3F,
  0xB8, 0x0C, 0xF8, 0x38, 0x1D, 0x80, 0x10, 0xFC, 0x00, 0x03, 0x8F, 0xFF,
  0xE6, 0x07, 0xFF, 0xC0, 0x00, 0x00, 0x00, 0x00, 0x00, 0x00, 0x40, 0xC0,
  0x60, 0xC0, 0xC1, 0x80, 0xE1, 0x82, 0x00, 0xC1, 0x0C, 0x00, 0x9F, 0xFF,
  0x00, 0x1F, 0xFE, 0x00, 0x03, 0x00, 0x00, 0x06, 0x00, 0x00, 0x0C, 0x01,
  0xF7, 0xFF, 0xF1, 0xE7, 0xFF, 0xC0, 0xC0, 0x70, 0x01, 0x80, 0xB0, 0x03,
  0x03, 0x60, 0x06, 0x0C, 0x60, 0x0C, 0x30, 0x60, 0x19, 0xC0, 0x70, 0x7B,
  0x00, 0x61, 0xF8, 0x00, 0x07, 0x1F, 0xFF, 0xCC, 0x0F, 0xFF, 0x80, 0x00,
  0x00, 0x00, 0x00, 0x00, 0x00, 0x40, 0x32, 0x00, 0xC0, 0x64, 0x00, 0xCC,
  0xC8, 0xC0, 0xC9, 0x91, 0x00, 0x9B, 0x26, 0x00, 0x16, 0x58, 0x00, 0x2C,
  0xB0, 0x00, 0x19, 0x00, 0x00, 0x32, 0x01, 0xF0, 0xE7, 0x83, 0xE3, 0xC9,
  0x80, 0xDD, 0x11, 0x81, 0xA2, 0x21, 0x03, 0x0C, 0x40, 0x06, 0x10, 0x86,
  0x0C, 0x61, 0x8C, 0x1B, 0x83, 0xF0, 0x76, 0x00, 0x01, 0xF8, 0x00, 0x07,
  0x3F, 0xFF, 0xCC, 0x1F, 0xFF, 0x80, 0x00, 0x00, 0x00, 0x00, 0x00, 0x00,
  0x40, 0x03, 0xE0, 0xC3, 0xFF, 0x00, 0xC0, 0x10, 0x00, 0xC0, 0x20, 0x00,
  0xBF, 0xFF, 0x80, 0x03, 0xE0, 0x00, 0x0F, 0xC0, 0x00, 0x32, 0x60, 0x00,
  0xC4, 0x71, 0xF7, 0x00, 0x73, 0xE3, 0xFE, 0x00, 0xC1, 0xCC, 0x01, 0x83,
  0x1F, 0x03, 0x06, 0x26, 0x06, 0x08, 0x0C, 0x0C, 0x30, 0x18, 0x19, 0xC0,
  0x20, 0x33, 0x03, 0xC1, 0xF0, 0x00, 0x07, 0x3F, 0xFF, 0xCC, 0x1F, 0xFF,
  0x80, 0x00, 0x00, 0x00, 0x20, 0x00, 0x00, 0x63, 0xFF, 0xF8, 0x60, 0x38,
  0x00, 0x60, 0x60, 0x00, 0x41, 0xC1, 0x80, 0x0F, 0xC6, 0x00, 0x79, 0x98,
  0x00, 0xC3, 0xE0, 0x00, 0x19, 0x80, 0xF8, 0x63, 0x81, 0xF3, 0x8F, 0x80,
  0x64, 0x3D, 0x80, 0xC0, 0xD9, 0x81, 0x87, 0x31, 0x83, 0x1C, 0x60, 0x06,
  0xE0, 0xC0, 0x0C, 0x0F, 0x00, 0x38, 0x1C, 0x00, 0xFC, 0x00, 0x03, 0x9F,
  0xFF, 0xE6, 0x0F, 0xFF, 0xC0, 0x00, 0x00, 0x00, 0x00, 0x00, 0x00, 0x20,
  0x00, 0x00, 0x71, 0xFF, 0xC0, 0x70, 0x00, 0x00, 0x40, 0x00, 0x00, 0x3F,
  0xFF, 0x88, 0x00, 0x00, 0x1C, 0x00, 0x00, 0x0C, 0x7F, 0xF0, 0x00, 0x00,
  0x00, 0x01, 0xFF, 0xC1, 0xC0, 0x00, 0x07, 0xC0, 0x00, 0x01, 0x8F, 0xFE,
  0x03, 0x18, 0x04, 0x06, 0x20, 0x08, 0x0C, 0x40, 0x10, 0x18, 0xFF, 0xE0,
  0x78, 0x00, 0x01, 0xF8, 0x00, 0x07, 0x3F, 0xFF, 0xCC, 0x0F, 0xFF, 0x80,
  0x00, 0x00, 0x00, 0x20, 0x06, 0x00, 0x60, 0x0C, 0x00, 0x77, 0xFF, 0xF0,
  0x60, 0x38, 0x00, 0x40, 0x60, 0x00, 0x00, 0xC0, 0x00, 0x3F, 0xFE, 0x00,
  0x63, 0x0C, 0x00, 0xC6, 0x18, 0xF9, 0x8C, 0x31, 0xF3, 0xFF, 0xE0, 0x60,
  0x78, 0x00, 0xC0, 0xF8, 0x01, 0x83, 0xD8, 0x03, 0x0D, 0x98, 0x06, 0x73,
  0x18, 0x0D, 0xC6, 0x18, 0x1C, 0x0C, 0x00, 0xFC, 0x00, 0x03, 0x8F, 0xFF,
  0xE6, 0x07, 0xFF, 0xC0, 0x00, 0x00, 0x00, 0x00, 0x00, 0x00, 0x40, 0x0C,
  0x00, 0xC0, 0x18, 0x00, 0xCF, 0xFF, 0xC0, 0xC0, 0x60, 0x00, 0x80, 0xC0,
  0x00, 0x3F, 0xFC, 0x00, 0x63, 0x08, 0x00, 0xC6, 0x10, 0x01, 0xFF, 0xE1,
  0xF3, 0x18, 0xC3, 0xE6, 0x30, 0x80, 0xCF, 0xFF, 0x01, 0x80, 0xC0, 0x03,
  0x01, 0x80, 0x06, 0xFF, 0xFE, 0x0C, 0x06, 0x00, 0x18, 0x0C, 0x00, 0x70,
  0x18, 0x01, 0xF8, 0x00, 0x07, 0x3F, 0xFF, 0xCC, 0x1F, 0xFF, 0x80, 0x00,
  0x00, 0x00, 0x20, 0x00, 0x00, 0x61, 0xFF, 0xF0, 0x63, 0x08, 0x60, 0x66,
  0x30, 0xC0, 0x8D, 0xFD, 0x80, 0x18, 0xC3, 0x00, 0x31, 0x86, 0x00, 0x63,
  0x0C, 0x00, 0xDF, 0xD8, 0xF9, 0x80, 0x31, 0xF3, 0x7E, 0x60, 0x64, 0xC4,
  0xC0, 0xC9, 0x09, 0x81, 0xB2, 0x13, 0x03, 0x67, 0xE6, 0x06, 0x8C, 0x0C,
  0x0F, 0x00, 0x18, 0x38, 0x01, 0xE0, 0xF8, 0x00, 0x03, 0x9F, 0x80, 0xE6,
  0x0F, 0xFF, 0xC0, 0x00, 0x00, 0x00, 0x00, 0x00, 0x00, 0x40, 0x61, 0x00,
  0xC0, 0xC6, 0x00, 0xC3, 0x0C, 0x00, 0xC6, 0x38, 0x01, 0x9F, 0xFF, 0x00,
  0x70, 0xC0, 0x01, 0xE1, 0x80, 0x03, 0x63, 0x00, 0x04, 0xFF, 0xF1, 0xF1,
  0x0C, 0x03, 0xE2, 0x18, 0x00, 0xC6, 0x30, 0x01, 0x8F, 0xFF, 0x03, 0x10,
  0xC0, 0x06, 0x21, 0x80, 0x0C, 0x63, 0x80, 0x18, 0xFF, 0xF8, 0x70, 0x00,
  0x01, 0xF8, 0x00, 0x07, 0x3F, 0xFF, 0xCC, 0x1F, 0xFF, 0x80, 0x00, 0x00,
  0x00, 0x00, 0x00, 0x00, 0x40, 0xC1, 0x00, 0xC1, 0x86, 0x01, 0xC3, 0x0F,
  0xE1, 0xBF, 0xF0, 0x01, 0x18, 0xE0, 0x00, 0x30, 0x80, 0x00, 0x60, 0xFC,
  0x00, 0xFC, 0x18, 0xF1, 0x98, 0x61, 0xE3, 0x31, 0x80, 0x46, 0x43, 0x00,
  0x8C, 0xBF, 0xC1, 0x11, 0x0C, 0x02, 0x22, 0x18, 0x04, 0xC4, 0x30, 0x09,
  0x88, 0x60, 0x16, 0x30, 0xC0, 0x78, 0xE7, 0x01, 0xB8, 0x00, 0x06, 0x3F,
  0x87, 0xC8, 0x1F, 0xFF, 0x80, 0x00, 0x00, 0x00, 0x20, 0x00, 0x00, 0x60,
  0x7F, 0xC0, 0x60, 0x80, 0x80, 0x61, 0x03, 0x00, 0x42, 0x7E, 0x00, 0x04,
  0xC4, 0x00, 0x09, 0x88, 0x00, 0x33, 0x30, 0x00, 0xFF, 0xF8, 0xF9, 0x00,
  0x31, 0xF2, 0x00, 0x60, 0x64, 0xFC, 0xC0, 0xC9, 0x89, 0x81, 0x93, 0x13,
  0x03, 0x26, 0x26, 0x06, 0x4F, 0xCC, 0x0C, 0x98, 0x18, 0x39, 0x00, 0xE0,
  0xFC, 0x00, 0x03, 0x9F, 0xFF, 0xE6, 0x0F, 0xFF, 0xC0, 0x00, 0x00, 0x00,
  0x00, 0x00, 0x00, 0x60, 0x00, 0x00, 0x71, 0xFF, 0xC0, 0x72, 0x01, 0x80,
  0x47, 0xFF, 0x00, 0x0C, 0x06, 0x0C, 0x10, 0x0C, 0x1C, 0x3F, 0xF8, 0x0C,
  0x18, 0x00, 0x00, 0x60, 0x00, 0x01, 0xFF, 0xE3, 0xC3, 0x30, 0xC7, 0xCC,
  0x61, 0x81, 0xB8, 0xE3, 0x03, 0x13, 0x66, 0x06, 0x24, 0x0C, 0x0C, 0x7F,
  0xD8, 0x18, 0xC0, 0x30, 0x70, 0x01, 0xC1, 0xF8, 0x00, 0x07, 0x3F, 0xFF,
  0xCC, 0x1F, 0xFF, 0x80, 0x00, 0x00, 0x00, 0x00, 0x00, 0x00, 0x40, 0x0C,
  0x00, 0xC0, 0x18, 0x00, 0xCF, 0xFF, 0xE0, 0xC3, 0x06, 0x01, 0x86, 0x18,
  0x00, 0x0C, 0x30, 0x00, 0x7F, 0xFC, 0x00, 0x82, 0x18, 0xF1, 0x0C, 0x31,
  0xF2, 0xFF, 0x60, 0x64, 0x10, 0xC0, 0xC9, 0xF9, 0x81, 0x93, 0x13, 0x03,
  0x24, 0x26, 0x06, 0x48, 0x4C, 0x0C, 0x9F, 0x98, 0x19, 0x20, 0x30, 0x72,
  0x01, 0xC1, 0xF8, 0x00, 0x07, 0x3F, 0xFF, 0xCC, 0x1F, 0xFF, 0x80, 0x00,
  0x00, 0x00, 0x20, 0x00, 0x00, 0x63, 0xF7, 0xF0, 0x60, 0x20, 0x60, 0x6F,
  0xCF, 0xC0, 0xD8, 0x10, 0x00, 0x30, 0xA0, 0x80, 0x3F, 0x7F, 0x00, 0x00,
  0x00, 0x00, 0x10, 0xC0, 0xF8, 0x61, 0x81, 0xF7, 0xFF, 0xE0, 0x60, 0x86,
  0x00, 0xC1, 0x0C, 0x01, 0xBF, 0xFF, 0x83, 0x04, 0x00, 0x06, 0x18, 0x60,
  0x0C, 0x60, 0x70, 0x3B, 0x80, 0x30, 0xF8, 0x00, 0x03, 0x9F, 0x80, 0xE6,
  0x0F, 0xFF, 0xC0, 0x00, 0x00, 0x00, 0x00, 0x00, 0x00, 0x40, 0x00, 0x80,
  0xC7, 0xE1, 0x01, 0xCC, 0x43, 0x01, 0x98, 0xBF, 0xC1, 0x31, 0x23, 0x00,
  0x62, 0x64, 0x00, 0xFC, 0xC8, 0x01, 0x80, 0x90, 0x02, 0x07, 0xF9, 0xE6,
  0x01, 0x83, 0xCF, 0xC2, 0x00, 0xB8, 0x84, 0x01, 0x71, 0x7F, 0x02, 0xA2,
  0x18, 0x07, 0x44, 0x20, 0x08, 0xF8, 0x40, 0x11, 0x80, 0x80, 0x72, 0x01,
  0x01, 0xB0, 0x00, 0x06, 0x3E, 0x01, 0xC8, 0x1F, 0xFF, 0x80, 0x00, 0x00,
  0x00, 0x03, 0x00, 0x00, 0x06, 0x07, 0xF8, 0xFF, 0xEF, 0xF0, 0x02, 0x10,
  0xC1, 0x86, 0x21, 0x83, 0x0C, 0x42, 0x02, 0x18, 0x8C, 0x04, 0x21, 0x18,
  0x08, 0x42, 0x60, 0xFF, 0xF4, 0xC1, 0xFF, 0xC8, 0xC0, 0x00, 0x10, 0xC1,
  0xFE, 0x20, 0x83, 0xFE, 0x41, 0x84, 0x0C, 0x83, 0x08, 0x19, 0x06, 0x10,
  0x32, 0x0C, 0x20, 0x64, 0xF0, 0x61, 0xC9, 0xC0, 0xFF, 0x90, 0x01, 0x03,
  0x20, 0x00, 0x00, 0x40, 0x00, 0x02, 0x00, 0x00, 0x04, 0x37, 0xF8, 0x7F,
  0x4F, 0xF1, 0xFF, 0x98, 0xC0, 0x22, 0x31, 0x80, 0x4C, 0x62, 0x00, 0xB0,
  0xCC, 0x3F, 0xFD, 0x90, 0x3F, 0xF3, 0x60, 0x0E, 0x06, 0xC0, 0x38, 0x0C,
  0xC0, 0xFF, 0x98, 0xC7, 0x83, 0x30, 0x8F, 0x06, 0x61, 0x86, 0x0C, 0xC3,
  0x0F, 0xF9, 0x86, 0x18, 0x33, 0x78, 0x30, 0x66, 0xE0, 0x60, 0xCC, 0x00,
  0xFF, 0x98, 0x01, 0x83, 0x30, 0x00, 0x00, 0x00, 0x00, 0x3F, 0xE7, 0xF8,
  0xFF, 0xEF, 0xF0, 0x14, 0x00, 0x20, 0x28, 0x00, 0x40, 0x50, 0x00, 0x87,
  0xFC, 0x01, 0x0F, 0x78, 0x02, 0x12, 0x90, 0x04, 0x25, 0x27, 0xF8, 0x4A,
  0x4F, 0xF0, 0xA4, 0x90, 0x21, 0xCF, 0x20, 0x03, 0x02, 0x40, 0x04, 0x04,
  0x80, 0x0C, 0x19, 0x00, 0x1F, 0xF2, 0x00, 0x20, 0x24, 0x04, 0x40, 0x48,
  0x18, 0xFF, 0x98, 0x31, 0x83, 0x3F, 0xE2, 0x02, 0x3F, 0x80, 0x00, 0x00,
  0x00, 0x00, 0x00, 0x00, 0xFF, 0xDF, 0xF0, 0x24, 0x20, 0x60, 0x48, 0x40,
  0xC0, 0x90, 0xFF, 0x87, 0xFD, 0x83, 0x0B, 0xDA, 0x06, 0x14, 0xB6, 0x0C,
  0x29, 0x6F, 0xF8, 0x52, 0xC9, 0x00, 0xA5, 0xB2, 0x01, 0xCF, 0x6E, 0x03,
  0x07, 0xFF, 0x84, 0x0F, 0x10, 0x08, 0x1C, 0x20, 0x1F, 0xF7, 0xFC, 0x20,
  0x61, 0xC0, 0x40, 0xC1, 0x00, 0xFF, 0x82, 0x01, 0x03, 0x0E, 0x02, 0x07,
  0xFF, 0xC0, 0x00, 0x00, 0x00, 0x00, 0x00, 0x00, 0x07, 0x00, 0x01, 0xFC,
  0xFF, 0xE0, 0x21, 0x92, 0x40, 0x4B, 0x24, 0x84, 0x96, 0xD9, 0x09, 0x2F,
  0xFE, 0x1A, 0xC0, 0x80, 0x05, 0x1F, 0xF8, 0x1C, 0x03, 0x01, 0xFF, 0x04,
  0x00, 0x61, 0xFF, 0xE0, 0xE0, 0xC3, 0x03, 0xE1, 0x84, 0x07, 0x61, 0x18,
  0x1A, 0x5F, 0xFE, 0x24, 0x01, 0x80, 0xC8, 0x02, 0x01, 0x10, 0xFF, 0xE0,
  0x20, 0x0C, 0x00, 0x40, 0x10, 0x00, 0x80, 0x20, 0x00, 0x00, 0x40, 0x00,
  0x00, 0x00, 0x00, 0x00, 0x1F, 0xC0, 0x7F, 0xFE, 0x00, 0x00, 0x80, 0x00,
  0x01, 0x00, 0x0F, 0xFF, 0xFF, 0x80, 0x0E, 0x00, 0x00, 0x18, 0x00, 0x0F,
  0xFF, 0xE0, 0x10, 0x20, 0x40, 0x20, 0xC0, 0x80, 0x7F, 0xFF, 0x00, 0x81,
  0x02, 0x01, 0x86, 0x04, 0x03, 0xFF, 0xF8, 0x00, 0x08, 0x00, 0x00, 0x38,
  0x00, 0x3F, 0xFF, 0xE0, 0x00, 0x40, 0x00, 0x00, 0x80, 0x07, 0xFF, 0xFF,
  0xC0, 0x00, 0x00, 0x00, 0x0F, 0xFF, 0xE0, 0x18, 0x00, 0xC0, 0x30, 0x01,
  0x80, 0x7F, 0xFF, 0x00, 0xC0, 0x06, 0x01, 0xFF, 0xFC, 0x00, 0x00, 0x00,
  0x3F, 0xFF, 0xFE, 0x00, 0x00, 0x00, 0x00, 0x00, 0x00, 0x3F, 0xFF, 0xC0,
  0x40, 0x81, 0x80, 0xFF, 0xFF, 0x01, 0x02, 0x06, 0x03, 0xFF, 0xFC, 0x00,
  0x08, 0x00, 0x00, 0x10, 0x00, 0x3F, 0xFF, 0xE0, 0x00, 0x40, 0x00, 0x01,
  0xC0, 0x07, 0xFF, 0xFF, 0xC0, 0x00, 0x00, 0x00, 0x1C, 0x00, 0x00, 0x3C,
  0x7F, 0xC0, 0xCC, 0xFF, 0x83, 0x8C, 0x21, 0x06, 0x08, 0x42, 0x1C, 0x01,
  0x8C, 0x1F, 0xC3, 0x18, 0x04, 0x06, 0x30, 0x08, 0x0C, 0x60, 0x18, 0x18,
  0xC3, 0xFF, 0xFF, 0xE0, 0x41, 0xFF, 0xC0, 0x80, 0xC6, 0x09, 0x21, 0x0C,
  0x1A, 0x42, 0x18, 0x34, 0x84, 0x30, 0x2A, 0x18, 0x60, 0x10, 0x30, 0xC0,
  0x7E, 0x61, 0x87, 0xE7, 0xFF, 0xC0, 0x07, 0xFF, 0x80, 0x00, 0x00, 0x00,
  0x0E, 0x07, 0x00, 0x3E, 0x0F, 0x00, 0xCC, 0x36, 0x01, 0x8C, 0xC6, 0x06,
  0x09, 0x86, 0x1C, 0x06, 0x06, 0x3F, 0xF8, 0x0E, 0x06, 0x2F, 0xE4, 0x0C,
  0x00, 0x00, 0x18, 0x00, 0x03, 0xFE, 0x00, 0x00, 0x61, 0xFF, 0x80, 0xC8,
  0x43, 0x09, 0xB0, 0x86, 0x1B, 0x41, 0x0C, 0x16, 0x82, 0x18, 0x2C, 0x04,
  0x30, 0x1B, 0x09, 0xE0, 0xFE, 0x13, 0x07, 0xE0, 0x20, 0x00, 0x00, 0x40,
  0x00, 0x00, 0x00, 0x00, 0x00, 0x00, 0x00, 0x1C, 0x18, 0x00, 0x3C, 0x30,
  0x00, 0xCC, 0x7F, 0x81, 0x0C, 0x83, 0x06, 0x09, 0x06, 0x1C, 0x07, 0xFC,
  0x3F, 0xCC, 0x18, 0x04, 0x00, 0x20, 0x08, 0x00, 0xE0, 0x39, 0xFF, 0xF3,
  0xFE, 0x0C, 0x00, 0x41, 0x18, 0x84, 0x93, 0x33, 0x09, 0x22, 0x74, 0x1A,
  0x44, 0xE8, 0x35, 0x81, 0xE0, 0x28, 0x0F, 0x40, 0x10, 0x76, 0xC0, 0x7F,
  0x8C, 0xE7, 0xE2, 0x18, 0xC0, 0x00, 0xE0, 0x00, 0x00, 0x00, 0x00, 0x00,
  0x00, 0x00, 0x1C, 0x08, 0xC0, 0x3C, 0x11, 0x80, 0xCC, 0x73, 0x03, 0x8D,
  0xFF, 0x86, 0x08, 0x8C, 0x1C, 0x01, 0x18, 0x1F, 0xC2, 0x30, 0x04, 0x3F,
  0xFC, 0x08, 0x7F, 0xF8, 0x18, 0x00, 0x03, 0xFE, 0x00, 0x00, 0x40, 0xFF,
  0x80, 0x91, 0x03, 0x09, 0x22, 0x06, 0x1A, 0x44, 0x0C, 0x34, 0x8F, 0xF8,
  0x28, 0x10, 0x30, 0x11, 0x20, 0x60, 0x7E, 0x40, 0xC7, 0xE0, 0xFF, 0x84,
  0x01, 0x83, 0x00, 0x00, 0x00, 0x00, 0x00, 0x00, 0x00, 0x1C, 0x01, 0x80,
  0x7D, 0xE3, 0x00, 0xDB, 0xDF, 0xC3, 0x19, 0x0C, 0x8E, 0x16, 0x1B, 0x98,
  0x0D, 0xFF, 0x1F, 0x90, 0x64, 0x0C, 0x20, 0xC8, 0x18, 0xF7, 0xF0, 0x31,
  0xA3, 0x03, 0xFC, 0x46, 0x00, 0xC4, 0xBF, 0x81, 0xAB, 0x18, 0x0B, 0x5E,
  0x30, 0x16, 0x98, 0x60, 0x2D, 0x37, 0xFC, 0x58, 0x61, 0x80, 0x30, 0xC3,
  0x00, 0x7F, 0xC6, 0x07, 0xFC, 0xF8, 0x08, 0x30, 0x7F, 0x80, 0x00, 0x00,
  0x00, 0x00, 0x00, 0x00, 0x1C, 0x41, 0x80, 0x7C, 0xC3, 0x00, 0xD9, 0xFF,
  0xE3, 0x19, 0x0C, 0x0E, 0x10, 0x18, 0x18, 0x11, 0xFE, 0x1F, 0xB2, 0x64,
  0x0C, 0x34, 0x48, 0x18, 0x0F, 0xF0, 0x30, 0x13, 0x23, 0xFC, 0x22, 0x40,
  0xC7, 0x7F, 0x81, 0xA2, 0x18, 0x0B, 0x44, 0x30, 0x16, 0x88, 0x60, 0x2D,
  0x17, 0xFC, 0x58, 0x21, 0x80, 0x30, 0xC3, 0x00, 0x7F, 0xC2, 0x07, 0xEC,
  0xE0, 0x00, 0x10, 0xFF, 0x80, 0x00, 0x00, 0x00, 0x00, 0x00, 0x00, 0x1C,
  0x02, 0x00, 0x3E, 0xFF, 0xE0, 0xCC, 0x61, 0x81, 0x0C, 0xC2, 0x04, 0x01,
  0x8C, 0x1F, 0xFF, 0xFF, 0x3F, 0xC0, 0x00, 0x04, 0x00, 0x00, 0x08, 0x3F,
  0xF0, 0x38, 0x44, 0x23, 0xFE, 0x8C, 0xC0, 0x41, 0xFF, 0x80, 0x82, 0x21,
  0x09, 0x24, 0x66, 0x1A, 0x4F, 0xFC, 0x35, 0x81, 0x00, 0x28, 0x7F, 0xF0,
  0x11, 0x06, 0x00, 0x7E, 0x08, 0x07, 0xE0, 0x18, 0x00, 0x0F, 0xFF, 0x80,
  0x00, 0x00, 0x00, 0x0F, 0xFF, 0xC0, 0x18, 0x00, 0x00, 0x30, 0x00, 0x00,
  0x7F, 0xFE, 0x00, 0xC0, 0x00, 0x01, 0x80, 0x00, 0x03, 0x00, 0x00, 0x07,
  0xFF, 0xE0, 0x0C, 0x00, 0x00, 0x18, 0x00, 0x03, 0xFF, 0xFF, 0xE3, 0xFF,
  0xFF, 0x80, 0xC3, 0x06, 0x01, 0x86, 0x1C, 0x03, 0x06, 0xE0, 0x06, 0x07,
  0x00, 0x0C, 0x06, 0x00, 0x19, 0xE7, 0x00, 0xFF, 0xC7, 0xC1, 0xE0, 0x03,
  0xC0, 0x00, 0x00, 0x00, 0x00, 0x00, 0x00, 0x7F, 0x9F, 0xF0, 0xC1, 0x30,
  0x61, 0x82, 0x60, 0xC3, 0xFC, 0xFF, 0x86, 0x09, 0x83, 0x0C, 0x13, 0x06,
  0x18, 0x66, 0x0C, 0x3F, 0xCF, 0xF8, 0x60, 0x00, 0x30, 0xC0, 0xC0, 0x61,
  0x81, 0x80, 0xC3, 0x03, 0x01, 0x86, 0x07, 0x03, 0x0C, 0x1A, 0x06, 0x18,
  0x36, 0x0C, 0x30, 0xC6, 0x18, 0x63, 0x0E, 0x30, 0xDC, 0x0E, 0x61, 0x90,
  0x00, 0xC3, 0x00, 0x1F, 0x86, 0x00, 0x1E, 0x00, 0x00, 0x00, 0x00, 0x7F,
  0x9F, 0xF0, 0xC1, 0x30, 0x61, 0x82, 0x60, 0xC3, 0xFC, 0xFF, 0x86, 0x09,
  0x83, 0x0C, 0x13, 0x06, 0x18, 0x26, 0x0C, 0x3F, 0xCF, 0xF8, 0x60, 0x00,
  0x30, 0xC0, 0x30, 0x61, 0x80, 0x60, 0xC3, 0x3F, 0xF9, 0x86, 0x03, 0x83,
  0x0C, 0x0F, 0x06, 0x18, 0x36, 0x0C, 0x30, 0xCC, 0x18, 0x63, 0x18, 0x30,
  0xDC, 0x30, 0x61, 0x80, 0x60, 0xC3, 0x03, 0x9F, 0x84, 0x00, 0x1E, 0x00,
  0x00, 0x00, 0x00, 0x7F, 0x9F, 0xF0, 0xC1, 0x30, 0x61, 0x82, 0x60, 0xC3,
  0xFC, 0xFF, 0x86, 0x09, 0x83, 0x0C, 0x13, 0x06, 0x1F, 0xE7, 0xFC, 0x30,
  0x00, 0x18, 0x60, 0x00, 0x30, 0xCF, 0xFE, 0x61, 0x86, 0x30, 0xC3, 0x0C,
  0x61, 0x86, 0x18, 0xC3, 0x0D, 0xFF, 0xF6, 0x18, 0x63, 0x0C, 0x30, 0xC6,
  0x18, 0x61, 0x0C, 0x30, 0xC6, 0x18, 0x61, 0x98, 0x30, 0xC3, 0x30, 0x6F,
  0x80, 0x00, 0x0C, 0x00, 0x00, 0x00, 0x00, 0x7F, 0x9F, 0xF0, 0xC1, 0x30,
  0x61, 0x82, 0x60, 0xC3, 0xFC, 0xFF, 0x86, 0x09, 0x83, 0x0C, 0x13, 0x06,
  0x18, 0x26, 0x0C, 0x3F, 0xCF, 0xF8, 0x60, 0x00, 0x30, 0xC0, 0x00, 0x61,
  0x8F, 0xF8, 0xC3, 0x18, 0x31, 0x86, 0x30, 0x63, 0x0C, 0x7F, 0xC6, 0x18,
  0xC1, 0x8C, 0x31, 0x83, 0x18, 0x63, 0x06, 0x30, 0xC7, 0xFC, 0x61, 0x8C,
  0x00, 0xC3, 0x00, 0x0F, 0x80, 0x00, 0x1E, 0x00, 0x00, 0x00, 0x00, 0x7F,
  0x9F, 0xF0, 0xC1, 0x30, 0x61, 0x82, 0x60, 0xC3, 0xFC, 0xFF, 0x86, 0x09,
  0x83, 0x0C, 0x13, 0x06, 0x1F, 0xE7, 0xFC, 0x30, 0x00, 0x18, 0x61, 0x7C,
  0x30, 0xC6, 0x08, 0x61, 0x88, 0x18, 0xC3, 0x7F, 0xF9, 0x86, 0x30, 0x63,
  0x0C, 0x60, 0xC6, 0x18, 0xFF, 0x8C, 0x30, 0x4C, 0x18, 0x61, 0x98, 0x30,
  0xC3, 0x32, 0x61, 0x9C, 0x67, 0xC3, 0x70, 0xFF, 0x02, 0x00, 0x00, 0x00,
  0x00, 0x00, 0x00, 0x7F, 0x9F, 0xF0, 0xC1, 0x30, 0x61, 0x82, 0x60, 0xC3,
  0xFC, 0xFF, 0x86, 0x09, 0x83, 0x0C, 0x13, 0x06, 0x1F, 0xE7, 0xFC, 0x30,
  0x86, 0x18, 0x62, 0x18, 0x30, 0xCD, 0x24, 0x61, 0x8C, 0x30, 0xC3, 0x16,
  0x49, 0x86, 0xFF, 0xFB, 0x0C, 0x00, 0x06, 0x19, 0x34, 0x4C, 0x32, 0x68,
  0x98, 0x67, 0xDF, 0x30, 0xC1, 0x20, 0x61, 0x86, 0x40, 0xC3, 0x18, 0x87,
  0x80, 0x00, 0x0E, 0x00, 0x00, 0x00, 0x00, 0x7E, 0x06, 0x00, 0xFE, 0x0C,
  0x01, 0x88, 0x18, 0x03, 0x37, 0xFF, 0x86, 0x6F, 0xFF, 0x8C, 0x83, 0x00,
  0x1B, 0x06, 0x00, 0x36, 0x0C, 0x00, 0x6C, 0x18, 0x00, 0xCC, 0x3F, 0xE1,
  0x88, 0x7F, 0xC3, 0x18, 0x81, 0x06, 0x31, 0x02, 0x0C, 0x66, 0x04, 0x18,
  0xCC, 0x08, 0x37, 0x18, 0x10, 0x68, 0x60, 0x20, 0xC0, 0xC0, 0xC1, 0x83,
  0x01, 0x83, 0x0C, 0x03, 0x06, 0x30, 0x7C, 0x08, 0x00, 0x70, 0x00, 0x00,
  0x00, 0x00, 0x7C, 0x0C, 0x00, 0xFC, 0x38, 0x01, 0x18, 0x7F, 0x82, 0x31,
  0x83, 0x04, 0x4F, 0x8C, 0x09, 0x99, 0xB0, 0x13, 0x01, 0xC0, 0x24, 0x03,
  0x80, 0x4C, 0x1D, 0xC0, 0x89, 0xE1, 0xF1, 0x1B, 0x04, 0x62, 0x10, 0x1C,
  0x04, 0x27, 0xFF, 0x08, 0x46, 0x20, 0x13, 0x8C, 0x40, 0x2E, 0x18, 0x80,
  0x40, 0x33, 0x80, 0x83, 0xFF, 0xF1, 0x00, 0x04, 0x02, 0x00, 0x08, 0x04,
  0x00, 0x10, 0x00, 0x00, 0x00, 0x00, 0x00, 0x00, 0x00, 0x7C, 0x0E, 0x00,
  0xFC, 0x1E, 0x01, 0x18, 0x66, 0x02, 0x31, 0x86, 0x04, 0x46, 0x06, 0x09,
  0x98, 0x06, 0x13, 0x60, 0x0E, 0x24, 0x9F, 0xE0, 0x4C, 0x06, 0x00, 0x88,
  0x0C, 0x01, 0x18, 0x18, 0x02, 0x17, 0xFF, 0x84, 0x20, 0x60, 0x08, 0x40,
  0xC0, 0x13, 0x99, 0x90, 0x2E, 0x23, 0x30, 0x40, 0xC6, 0x20, 0x81, 0x0C,
  0x61, 0x06, 0x18, 0x42, 0x08, 0x30, 0x84, 0x01, 0xC0, 0x08, 0x03, 0x00,
  0x00, 0x3E, 0x00, 0x00, 0x7E, 0xFF, 0xF0, 0x8C, 0x00, 0x01, 0x10, 0x00,
  0x02, 0x63, 0xFF, 0x04, 0xC6, 0x06, 0x09, 0x0C, 0x0C, 0x12, 0x18, 0x18,
  0x26, 0x3F, 0xF0, 0x44, 0x00, 0x00, 0x8D, 0xFF, 0xE1, 0x1B, 0x2C, 0xC2,
  0x34, 0x48, 0x84, 0x69, 0x91, 0x09, 0xD6, 0x3E, 0x17, 0x20, 0x04, 0x20,
  0x4F, 0xC8, 0x40, 0x86, 0x10, 0x81, 0x0C, 0x21, 0x02, 0x18, 0x42, 0x04,
  0x33, 0x80, 0x00, 0x00, 0x00, 0x00, 0x00, 0x00, 0x78, 0x40, 0x00, 0xF9,
  0x8C, 0x01, 0x13, 0xFB, 0xE2, 0x6C, 0x50, 0x84, 0xDD, 0xB3, 0x09, 0x66,
  0x24, 0x12, 0xEC, 0x78, 0x2C, 0x70, 0x60, 0x48, 0x60, 0xC0, 0x99, 0x80,
  0xC1, 0x17, 0xFE, 0xE2, 0x38, 0x00, 0x44, 0x40, 0x00, 0x08, 0x9F, 0xFE,
  0x13, 0x03, 0x80, 0x2C, 0x02, 0x00, 0x40, 0xC4, 0x40, 0x81, 0x08, 0xC1,
  0x06, 0x10, 0xC2, 0x18, 0x20, 0x84, 0x03, 0xC0, 0x00, 0x00, 0x00, 0x00,
  0x00, 0x00, 0x00, 0x78, 0x86, 0x00, 0xF9, 0x0C, 0x01, 0x13, 0xFF, 0xE2,
  0x62, 0x60, 0x04, 0xC0, 0xFF, 0x09, 0x03, 0x10, 0x12, 0x4C, 0x20, 0x2C,
  0xD7, 0xFC, 0x48, 0xC0, 0x00, 0x98, 0x00, 0x01, 0x30, 0x3F, 0xC2, 0x2E,
  0x61, 0x84, 0x4C, 0xFF, 0x08, 0x89, 0x86, 0x13, 0x13, 0xFC, 0x2C, 0x26,
  0x18, 0x40, 0x4C, 0x30, 0x81, 0xD9, 0xE1, 0x07, 0x80, 0x02, 0x19, 0xE0,
  0x04, 0x20, 0xFF, 0x80, 0x00, 0x00, 0x00, 0x00, 0x00, 0x00, 0x04, 0x06,
  0x60, 0x1C, 0x0C, 0xC3, 0xFF, 0x91, 0x00, 0x00, 0x62, 0x04, 0x24, 0xFF,
  0x89, 0xC9, 0xFE, 0x11, 0x97, 0x30, 0x27, 0xAE, 0x60, 0x58, 0x7C, 0xC0,
  0xC0, 0xDF, 0xF1, 0xFF, 0x33, 0x00, 0x20, 0x66, 0x07, 0xFE, 0xCC, 0x09,
  0x8D, 0x98, 0x12, 0x1B, 0xFE, 0x24, 0xB6, 0x60, 0x49, 0x6C, 0xC0, 0xBE,
  0xD9, 0x81, 0x03, 0xBF, 0xE2, 0x03, 0x7F, 0xC4, 0x1C, 0xC0, 0x00, 0x00,
  0x00, 0x00, 0x00, 0x00, 0x00, 0x31, 0x04, 0x60, 0x67, 0x18, 0x83, 0xFF,
  0x33, 0x01, 0x88, 0x46, 0x01, 0x11, 0xFF, 0x8F, 0xFB, 0xFE, 0x13, 0x3E,
  0x20, 0x26, 0x7C, 0x40, 0x4C, 0xF8, 0x80, 0xFF, 0x9F, 0xF0, 0x30, 0x37,
  0x00, 0x60, 0x44, 0x07, 0xFC, 0x88, 0x01, 0x81, 0xB8, 0x03, 0x03, 0xFE,
  0x7F, 0xE4, 0x40, 0x0C, 0x08, 0x80, 0x3C, 0x11, 0x00, 0x6E, 0x3F, 0xE3,
  0x8E, 0x7F, 0xCC, 0x08, 0x80, 0x00, 0x00, 0x00, 0x00, 0x7F, 0xFF, 0xFC,
  0x7F, 0xFF, 0xF0, 0x00, 0x40, 0x00, 0x00, 0x80, 0x00, 0x01, 0x00, 0x07,
  0xFF, 0xFF, 0x0F, 0xFF, 0xFE, 0x18, 0x08, 0x0C, 0x36, 0x12, 0x18, 0x66,
  0x27, 0x30, 0xC7, 0x43, 0x61, 0x80, 0x80, 0xC3, 0x01, 0x01, 0x86, 0xC2,
  0xC3, 0x0C, 0xE4, 0xE6, 0x18, 0xE8, 0x6C, 0x30, 0x10, 0x18, 0x60, 0x20,
  0x30, 0xC0, 0x43, 0xE1, 0x80, 0x87, 0x80, 0x00, 0x00, 0x00, 0x00, 0x00,
  0x00, 0x3F, 0xFF, 0xE0, 0x00, 0x40, 0x00, 0x01, 0x80, 0x03, 0xFF, 0xFF,
  0x84, 0x02, 0x01, 0x09, 0xE5, 0xF2, 0x10, 0x08, 0x04, 0x00, 0x10, 0x00,
  0x1F, 0x2F, 0xC0, 0x00, 0x00, 0x00, 0x7F, 0xFF, 0x00, 0xC3, 0x06, 0x01,
  0x02, 0x04, 0x03, 0xFF, 0xF8, 0x06, 0x18, 0x10, 0x0C, 0x30, 0x60, 0x1F,
  0xFF, 0xC8, 0x20, 0x40, 0x30, 0x00, 0x80, 0x60, 0x01, 0xFF, 0x80, 0x00,
  0x00, 0x00, 0x00, 0x00, 0x00, 0x3F, 0xFF, 0xE0, 0x00, 0x40, 0x01, 0xFF,
  0xFF, 0xC3, 0x03, 0x01, 0x84, 0x02, 0x01, 0x09, 0xE5, 0xF2, 0x10, 0x08,
  0x04, 0x00, 0x10, 0x00, 0x1F, 0x2F, 0xC0, 0x00, 0x00, 0x01, 0xFF, 0xFF,
  0xC0, 0x03, 0x00, 0x00, 0x06, 0x00, 0x07, 0xFF, 0xFC, 0x0C, 0x63, 0x18,
  0x18, 0xC6, 0x10, 0x31, 0x8C, 0x20, 0x63, 0x18, 0x40, 0xC6, 0x30, 0x81,
  0x8C, 0x6F, 0x00, 0x00, 0x00, 0x00, 0x00, 0x00, 0x00, 0x3F, 0xFF, 0xE0,
  0x00, 0x40, 0x01, 0xFF, 0xFF, 0xC3, 0x03, 0x01, 0x84, 0xF2, 0x79, 0x08,
  0x04, 0x02, 0x00, 0x08, 0x00, 0x0F, 0x93, 0xE0, 0x00, 0x04, 0x00, 0x7F,
  0x1F, 0xC0, 0x82, 0x61, 0x81, 0x0F, 0x26, 0x03, 0xF8, 0x38, 0x00, 0x81,
  0xF8, 0x09, 0x0E, 0x1E, 0x13, 0xDF, 0xF0, 0x24, 0x18, 0x60, 0x48, 0x30,
  0xC0, 0xBF, 0x61, 0x87, 0xFC, 0xFF, 0x00, 0x00, 0x00, 0x00, 0x00, 0x00,
  0x00, 0x0C, 0x00, 0xE0, 0x18, 0x3F, 0xC3, 0xFF, 0x70, 0x80, 0x61, 0x91,
  0x87, 0xFB, 0x31, 0x01, 0x8C, 0x23, 0x03, 0x08, 0x00, 0x7F, 0xEF, 0xF8,
  0x00, 0x03, 0x30, 0x00, 0x04, 0x61, 0xFE, 0x08, 0xC2, 0x65, 0xFF, 0xC4,
  0xC8, 0x73, 0x09, 0x90, 0x46, 0x1B, 0x60, 0xCC, 0x3F, 0xCF, 0xF8, 0x40,
  0x82, 0x30, 0x81, 0x04, 0x01, 0x02, 0x08, 0x02, 0x04, 0x10, 0x04, 0x39,
  0xE0, 0x00, 0x01, 0x00, 0x00, 0x7F, 0xFF, 0xFC, 0x7F, 0xFF, 0xF0, 0x00,
  0xC0, 0x00, 0x01, 0x80, 0x00, 0x02, 0x00, 0x07, 0xFF, 0xFF, 0x0F, 0xFF,
  0xFE, 0x18, 0xC1, 0x0C, 0x31, 0x82, 0x18, 0x63, 0xFC, 0x30, 0xC6, 0x18,
  0x61, 0x8C, 0x10, 0xC3, 0x18, 0x21, 0x86, 0x30, 0xC3, 0x0C, 0x7F, 0x86,
  0x18, 0xC1, 0x0C, 0x31, 0x82, 0x18, 0x7F, 0xFF, 0xF0, 0xFF, 0xFF, 0xE1,
  0x80, 0x00, 0xC0, 0x00, 0x00, 0x00, 0x00, 0x00, 0x00, 0x0C, 0x00, 0x00,
  0x18, 0x3F, 0xE1, 0xFF, 0x0E, 0xC0, 0x46, 0x08, 0x81, 0x8C, 0x11, 0x1F,
  0xFC, 0x22, 0x00, 0x00, 0x44, 0x00, 0x04, 0x88, 0x7F, 0xC9, 0x10, 0xC1,
  0x96, 0x21, 0x83, 0x6C, 0x43, 0xFE, 0x98, 0x80, 0x31, 0x33, 0x00, 0x60,
  0x46, 0x1F, 0xF9, 0x8C, 0x31, 0x03, 0x18, 0x62, 0x04, 0x31, 0xFF, 0xD8,
  0x60, 0x0C, 0x30, 0xC0, 0x10, 0xC1, 0x00, 0x21, 0x1E, 0x00, 0x40, 0x10,
  0x00, 0x00, 0x00, 0x00, 0x00, 0x20, 0x00, 0x00, 0x40, 0x00, 0xFF, 0xFF,
  0xC1, 0xFF, 0xFF, 0x00, 0x60, 0x30, 0x00, 0x40, 0x60, 0x00, 0xC1, 0x80,
  0x3F, 0xFF, 0xF8, 0xFF, 0xFF, 0xF8, 0x00, 0x00, 0x00, 0x00, 0x00, 0x00,
  0x7F, 0xFE, 0x00, 0xC0, 0x1C, 0x01, 0x00, 0x18, 0x02, 0x00, 0x30, 0x07,
  0xFF, 0xE0, 0x0C, 0x00, 0xC0, 0x10, 0x01, 0x80, 0x20, 0x03, 0x00, 0x7F,
  0xFE, 0x00, 0xC0, 0x1C, 0x00, 0x00, 0x00, 0x00, 0x00, 0x00, 0x00, 0x11,
  0xFD, 0xF8, 0x43, 0x1A, 0x23, 0xB7, 0xF4, 0xC3, 0xCC, 0x69, 0x03, 0x18,
  0xD2, 0x06, 0xFF, 0xA2, 0x1F, 0xE4, 0x46, 0x76, 0xCC, 0x8C, 0x1B, 0xFD,
  0x70, 0x60, 0x4A, 0x03, 0x81, 0x80, 0x00, 0xFF, 0xFF, 0x00, 0x20, 0x20,
  0x00, 0x60, 0xC0, 0x3F, 0xFF, 0xFE, 0x00, 0x00, 0x00, 0x0F, 0xFF, 0xC0,
  0x10, 0x01, 0x80, 0x3F, 0xFF, 0x00, 0x40, 0x06, 0x00, 0xFF, 0xFC, 0x01,
  0x00, 0x10, 0x00, 0x3F, 0xFF, 0xF8, 0x7F, 0xFF, 0xF0, 0x00, 0xC0, 0x00,
  0x01, 0x80, 0x00, 0xFF, 0xFE, 0x01, 0x80, 0x0C, 0x03, 0x00, 0x18, 0x07,
  0xFF, 0xF0, 0x0C, 0x00, 0x60, 0x18, 0x00, 0xC0, 0x30, 0x01, 0x80, 0x7F,
  0xFF, 0x00, 0xC0, 0x06, 0x01, 0x80, 0x0C, 0x03, 0x00, 0x18, 0x07, 0xFF,
  0xF0, 0x00, 0x80, 0x00, 0x07, 0x07, 0x00, 0x7C, 0x03, 0xC3, 0xC0, 0x01,
  0xC0, 0x00, 0x00, 0x00, 0x20, 0xC0, 0x00, 0x61, 0xBF, 0xF8, 0xDB, 0x06,
  0x01, 0xB6, 0x0C, 0x03, 0x6C, 0x18, 0x06, 0xD9, 0xFF, 0x0D, 0xB2, 0x06,
  0x1B, 0x64, 0x0C, 0x36, 0xCF, 0xF8, 0x6D, 0x90, 0x30, 0xDB, 0x20, 0x61,
  0xB6, 0x40, 0xC3, 0x6C, 0xFF, 0x84, 0xD9, 0x03, 0x09, 0xB2, 0x06, 0x13,
  0x64, 0x0C, 0x26, 0xCF, 0xF8, 0x4D, 0x84, 0x41, 0x83, 0x38, 0xC2, 0x06,
  0xE0, 0xE4, 0x03, 0x00, 0xC0, 0x00, 0x00, 0x00, 0x00, 0x00, 0x00, 0x06,
  0x00, 0x00, 0x19, 0xFF, 0xF0, 0x60, 0x18, 0x01, 0x80, 0x30, 0x0E, 0x00,
  0x60, 0x08, 0x0F, 0xFE, 0x00, 0x18, 0x0C, 0x03, 0x30, 0x18, 0x0E, 0x7F,
  0xF0, 0x38, 0xC0, 0x60, 0xE1, 0x80, 0xC3, 0x03, 0x01, 0x84, 0x07, 0xFF,
  0x00, 0x0C, 0x06, 0x00, 0xD8, 0x0C, 0x03, 0x30, 0x18, 0x0E, 0x7F, 0xF0,
  0x38, 0x00, 0x00, 0xE0, 0xE3, 0x07, 0x07, 0x83, 0x84, 0x1C, 0x01, 0x80,
  0x00, 0x00, 0x00, 0x3F, 0x80, 0x00, 0xFF, 0xFF, 0xF8, 0x07, 0x06, 0x00,
  0x1C, 0x0C, 0x03, 0x30, 0x38, 0x03, 0xC3, 0xFF, 0x01, 0x86, 0x06, 0x01,
  0x8C, 0x0C, 0x7F, 0xDF, 0xF8, 0xFF, 0xB0, 0x30, 0x11, 0x60, 0x60, 0x26,
  0xC0, 0xC0, 0x49, 0xFF, 0x80, 0x93, 0x03, 0x01, 0x06, 0x06, 0x02, 0x0C,
  0x0C, 0x04, 0x1F, 0xF8, 0x08, 0x00, 0x00, 0x10, 0x39, 0x80, 0x20, 0xE1,
  0xC3, 0xC7, 0x00, 0xC7, 0x00, 0x00, 0x00, 0x00, 0x00, 0x00, 0xFF, 0xBF,
  0xF8, 0xFF, 0x06, 0x00, 0x00, 0x0C, 0x00, 0x00, 0x18, 0x07, 0xF9, 0xFF,
  0x08, 0x32, 0x02, 0x10, 0x64, 0x04, 0x20, 0xCF, 0xF8, 0x61, 0x90, 0x30,
  0xFF, 0x20, 0x20, 0x00, 0x40, 0x41, 0x18, 0xFF, 0x82, 0x31, 0x03, 0x04,
  0x62, 0x02, 0x0C, 0x84, 0x0C, 0x19, 0x0F, 0xF8, 0x07, 0xC0, 0x01, 0xFE,
  0x18, 0xC3, 0x80, 0xE0, 0xC0, 0x07, 0x00, 0xC0, 0x00, 0x00, 0x00, 0x00,
  0x00, 0x00, 0xFF, 0xFF, 0xF8, 0xFF, 0x82, 0x00, 0x92, 0x04, 0x03, 0x64,
  0x18, 0x04, 0x99, 0xFF, 0x1B, 0x23, 0x02, 0x36, 0xC6, 0x04, 0x24, 0xCF,
  0xF8, 0x6C, 0x98, 0x10, 0x49, 0xB0, 0x20, 0x00, 0x60, 0x47, 0xFE, 0xFF,
  0x80, 0xC1, 0x81, 0x01, 0x83, 0x02, 0x03, 0x06, 0x0C, 0x06, 0x0F, 0xF8,
  0x0D, 0xC0, 0x00, 0xFF, 0x98, 0xC3, 0xE0, 0x60, 0xC0, 0x03, 0x80, 0xC0,
  0x00, 0x00, 0x00, 0x00, 0x00, 0x00, 0x7F, 0xFF, 0xF8, 0x89, 0x82, 0x01,
  0x13, 0x04, 0x02, 0x66, 0x18, 0x07, 0xFD, 0xFF, 0x08, 0x9B, 0x02, 0x11,
  0x36, 0x04, 0x3F, 0xEF, 0xF8, 0x0C, 0x18, 0x10, 0x08, 0x30, 0x21, 0xFF,
  0x60, 0x47, 0xFE, 0xFF, 0x80, 0xC1, 0x81, 0x03, 0xC3, 0x02, 0x07, 0xC6,
  0x0C, 0x1A, 0xEF, 0xF8, 0x64, 0xC4, 0x01, 0x88, 0x18, 0xC2, 0x10, 0xE0,
  0xC0, 0x23, 0x80, 0xC0, 0x00, 0x00, 0x00, 0x00, 0x00, 0x00, 0x04, 0x00,
  0x00, 0x08, 0x7F, 0xF3, 0xFF, 0x04, 0x01, 0x0C, 0x08, 0x03, 0xB0, 0x30,
  0x01, 0xC3, 0xFE, 0x0E, 0xE6, 0x04, 0x30, 0x4C, 0x08, 0x7F, 0xDF, 0xF0,
  0xC2, 0x30, 0x21, 0x0C, 0x60, 0x42, 0x70, 0xC0, 0x85, 0x81, 0xFF, 0x08,
  0x33, 0x02, 0x10, 0xC6, 0x04, 0x27, 0x0C, 0x08, 0x48, 0xDF, 0xF0, 0x81,
  0x80, 0x03, 0x0E, 0x31, 0x86, 0x71, 0xC1, 0x89, 0xC7, 0x01, 0x80, 0x00,
  0x00, 0x00, 0x00, 0x00, 0x00, 0x4C, 0x80, 0x00, 0xD9, 0x7F, 0xF0, 0xB6,
  0x0C, 0x00, 0x60, 0x18, 0x0F, 0xFC, 0x30, 0x03, 0x83, 0xFE, 0x07, 0x84,
  0x04, 0x1E, 0xC8, 0x08, 0xEC, 0xDF, 0xF1, 0x98, 0x20, 0x60, 0x00, 0x40,
  0x40, 0x60, 0x81, 0x80, 0xC1, 0xFF, 0x1F, 0xFA, 0x02, 0x03, 0x04, 0x04,
  0x06, 0x0C, 0x18, 0x0E, 0x1F, 0xF0, 0x36, 0x00, 0x00, 0xC6, 0x31, 0x87,
  0x05, 0xC1, 0x8C, 0x06, 0x01, 0x80, 0x00, 0x00, 0x00, 0x00, 0x00, 0x00,
  0x7F, 0xFF, 0xF8, 0xC0, 0xC3, 0x01, 0x81, 0x86, 0x03, 0xFF, 0x0C, 0x06,
  0x06, 0xFF, 0x0C, 0x0D, 0x82, 0x1F, 0xFB, 0x04, 0x18, 0xC7, 0xF8, 0x21,
  0x0C, 0x11, 0x9E, 0x98, 0x21, 0xEF, 0x30, 0x41, 0x8C, 0x7F, 0x82, 0x96,
  0xC1, 0x0F, 0xFD, 0x82, 0x31, 0x0B, 0x04, 0x00, 0x27, 0xF8, 0x6B, 0x40,
  0x00, 0x92, 0xCC, 0xC3, 0x24, 0x30, 0xC4, 0x40, 0xC0, 0xC0, 0x00, 0x00,
  0x00, 0x0F, 0xFF, 0xE0, 0x1F, 0xFF, 0xC0, 0x20, 0x00, 0x80, 0x47, 0xF9,
  0x00, 0xBF, 0x02, 0x01, 0x02, 0x04, 0x02, 0x04, 0x08, 0x04, 0xFF, 0x90,
  0x09, 0x33, 0x20, 0x12, 0x22, 0x40, 0x24, 0x44, 0x80, 0xC8, 0x89, 0x01,
  0x9F, 0xF2, 0x03, 0x06, 0x06, 0x06, 0x04, 0x8C, 0x08, 0x09, 0x98, 0x30,
  0x11, 0xB4, 0x6F, 0xFF, 0x68, 0x9F, 0x82, 0x53, 0x00, 0x06, 0xE0, 0x00,
  0x00, 0x80, 0x00, 0x00, 0x00, 0x1C, 0x03, 0x00, 0x3C, 0x0F, 0x00, 0xCC,
  0x32, 0x03, 0x0C, 0x66, 0x0F, 0xE9, 0x86, 0x18, 0x06, 0x06, 0x00, 0x18,
  0x06, 0x3F, 0xEF, 0xF4, 0x61, 0x03, 0x00, 0xFE, 0x06, 0x01, 0x84, 0x0C,
  0x03, 0x0B, 0xFF, 0xC7, 0xF0, 0x30, 0x0C, 0x00, 0x60, 0x18, 0x04, 0xD8,
  0x3F, 0xD9, 0x98, 0x60, 0x33, 0x30, 0xC0, 0xC6, 0x21, 0xFF, 0x8C, 0x63,
  0x00, 0x18, 0x06, 0x00, 0xF0, 0x00, 0x00, 0x00, 0x00, 0x00, 0x00, 0x00,
  0x06, 0x01, 0x80, 0x0C, 0x06, 0x00, 0x0C, 0x18, 0x07, 0xFF, 0xFF, 0xC7,
  0xFF, 0xFF, 0x00, 0x0C, 0x00, 0x07, 0xFF, 0xF0, 0x0F, 0xFF, 0xE0, 0x18,
  0x00, 0xC0, 0x30, 0x01, 0x80, 0x60, 0x03, 0x00, 0xFF, 0xFE, 0x01, 0x80,
  0x0C, 0x03, 0x00, 0x18, 0x06, 0x00, 0x30, 0x0F, 0xFF, 0xE0, 0x18, 0x00,
  0xC0, 0x30, 0x01, 0x80, 0x7F, 0xFF, 0x00, 0xFF, 0xFE, 0x01, 0x80, 0x0C,
  0x00, 0x00, 0x00, 0x00, 0x00, 0x00, 0x00, 0x00, 0x0E, 0x00, 0xFF, 0x8E,
  0x01, 0x90, 0x07, 0x03, 0x20, 0x06, 0x07, 0xFB, 0xFF, 0x8D, 0x83, 0xFE,
  0x19, 0x00, 0x40, 0x37, 0x00, 0x80, 0x7F, 0x81, 0x00, 0xC8, 0x02, 0x01,
  0x90, 0x04, 0x03, 0x70, 0xFF, 0x87, 0xFD, 0xFF, 0x00, 0x18, 0x20, 0x00,
  0xB0, 0x40, 0x28, 0x60, 0x80, 0x55, 0x81, 0x00, 0xA9, 0x02, 0x02, 0x42,
  0x04, 0x04, 0x0D, 0xFF, 0xC0, 0x7B, 0xFF, 0x80, 0x00, 0x00, 0x00, 0x00,
  0x00, 0x00, 0x00, 0x07, 0x00, 0xFF, 0x0F, 0x01, 0x30, 0x33, 0x02, 0x60,
  0xC7, 0x07, 0xF3, 0x07, 0x0D, 0x9D, 0xFB, 0x13, 0x10, 0x02, 0x36, 0x00,
  0x00, 0x7F, 0x3D, 0xF0, 0x98, 0x4B, 0x21, 0x30, 0x96, 0x43, 0x61, 0x2C,
  0x87, 0xFA, 0x59, 0x00, 0x37, 0xBE, 0x01, 0x60, 0x00, 0x35, 0xCC, 0x20,
  0x4B, 0x90, 0x40, 0x93, 0x31, 0x82, 0x04, 0xF3, 0x84, 0x0B, 0x3D, 0x80,
  0xF4, 0x31, 0x80, 0x00, 0x00, 0x00, 0x08, 0xC0, 0x00, 0xFF, 0xE6, 0x00,
  0x33, 0x1C, 0x00, 0xC0, 0x3F, 0xE3, 0xFF, 0xE3, 0x0C, 0x07, 0x6C, 0x17,
  0xC8, 0x70, 0x08, 0x91, 0xF0, 0x1F, 0xEF, 0x38, 0x01, 0xD0, 0x18, 0x3F,
  0xFF, 0x80, 0x60, 0x80, 0x00, 0xC1, 0x00, 0x01, 0xFF, 0xF8, 0x03, 0x04,
  0x00, 0x07, 0xFF, 0xF0, 0x0C, 0x10, 0x00, 0x1F, 0xFF, 0xF0, 0x00, 0x00,
  0x60, 0xC8, 0x88, 0xC3, 0x19, 0x99, 0x84, 0x30, 0x1E, 0x00, 0x00, 0x00,
  0x00, 0x00, 0x00, 0x00, 0x00, 0x04, 0x80, 0x7E, 0x09, 0x00, 0x84, 0xFF,
  0xC1, 0x79, 0xA4, 0x82, 0x93, 0x49, 0x05, 0x27, 0xFE, 0x0A, 0x4D, 0x24,
  0x7F, 0xFA, 0x48, 0xC0, 0xFF, 0xF1, 0x81, 0x80, 0x01, 0xFF, 0xFF, 0xE1,
  0x08, 0x00, 0x02, 0x11, 0xFF, 0x07, 0xE2, 0x06, 0x08, 0x44, 0x0C, 0x10,
  0x88, 0x18, 0x3F, 0x1F, 0xF0, 0x42, 0x10, 0x80, 0x84, 0x31, 0x01, 0x08,
  0x66, 0x02, 0x77, 0xFF, 0x80, 0x00, 0x00, 0x00, 0x00, 0x00, 0x00, 0x00,
  0x20, 0x00, 0x00, 0x40, 0x01, 0xFF, 0xFF, 0xC0, 0x00, 0x00, 0x00, 0x00,
  0x00, 0x01, 0xFF, 0xF0, 0x03, 0x00, 0x60, 0x06, 0x00, 0xC0, 0x0F, 0xFF,
  0x80, 0x00, 0x00, 0x00, 0x00, 0x00, 0x01, 0xFF, 0xFF, 0x83, 0x00, 0x07,
  0x04, 0x00, 0x06, 0x08, 0xFF, 0x8C, 0x11, 0x83, 0x18, 0x23, 0x06, 0x30,
  0x46, 0x0C, 0x60, 0x8F, 0xF8, 0xC1, 0x18, 0x01, 0x82, 0x00, 0x3E, 0x00,
  0x00, 0x38, 0x00, 0x00, 0x00, 0x00, 0x3F, 0xE0, 0xE0, 0x60, 0x0F, 0x00,
  0xFF, 0x30, 0x01, 0x80, 0x03, 0x03, 0xFC, 0x3C, 0x06, 0x00, 0xE0, 0x0C,
  0x01, 0x04, 0x7F, 0xF8, 0x38, 0x10, 0xC3, 0xC0, 0xFF, 0xDE, 0x00, 0x30,
  0x80, 0x00, 0x60, 0x3E, 0x00, 0xC1, 0x04, 0x1F, 0xF6, 0x0C, 0x03, 0x18,
  0x0C, 0x0F, 0x33, 0x0C, 0x3F, 0x0C, 0x00, 0xDB, 0x19, 0x83, 0x30, 0x21,
  0x80, 0x63, 0xFF, 0x00, 0xC7, 0xE3, 0x00, 0x00, 0x00, 0x00, 0x00, 0x00,
  0x00, 0x60, 0x00, 0x30, 0xDF, 0x3F, 0x61, 0x88, 0x18, 0xC3, 0x10, 0x31,
  0x86, 0xF9, 0xFB, 0x0C, 0x40, 0xC6, 0x1B, 0xF7, 0xEC, 0x30, 0x00, 0x18,
  0x60, 0x20, 0x30, 0xC0, 0xC0, 0x61, 0xBF, 0xFE, 0xC3, 0x01, 0x01, 0x86,
  0x06, 0x03, 0x0C, 0xFF, 0xE6, 0x19, 0x88, 0xCC, 0x33, 0x11, 0x98, 0x66,
  0x23, 0x30, 0xCC, 0x46, 0x61, 0x98, 0xB8, 0xC3, 0x01, 0x01, 0x86, 0x02,
  0x1E, 0x04, 0x00, 0x18, 0x00, 0x08, 0x00, 0x00, 0x10, 0x80, 0xC1, 0xF3,
  0xF1, 0xF0, 0xE4, 0x87, 0x81, 0xCF, 0xEF, 0x07, 0xC2, 0x1F, 0x1A, 0x25,
  0xDB, 0x24, 0x7F, 0x30, 0x08, 0x00, 0x00, 0x7F, 0xFF, 0xF0, 0x84, 0x00,
  0x21, 0x0A, 0x03, 0x43, 0xB9, 0x9C, 0x83, 0xB7, 0xE0, 0x05, 0x96, 0x0C,
  0x08, 0x4C, 0x30, 0x1F, 0xF9, 0xC0, 0x00, 0x0E, 0x10, 0x67, 0x80, 0x60,
  0xF8, 0x03, 0x81, 0x81, 0x1C, 0x01, 0xFE, 0xE0, 0x00, 0x00, 0x00, 0x00,
  0x00, 0x00, 0x00, 0x00, 0x06, 0x00, 0x00, 0x18, 0x01, 0xF9, 0xFF, 0x83,
  0xF2, 0x03, 0x04, 0x64, 0x06, 0x08, 0xCF, 0xFC, 0x11, 0x90, 0x18, 0x23,
  0x20, 0x30, 0x46, 0x7F, 0xE0, 0x8C, 0x80, 0x01, 0x19, 0xFF, 0xE2, 0x33,
  0x00, 0x04, 0x64, 0x00, 0x0F, 0xCF, 0xFE, 0x1F, 0x80, 0x0C, 0x20, 0x00,
  0xC8, 0x41, 0xA4, 0x90, 0x03, 0x6D, 0xA0, 0x04, 0xC8, 0xC0, 0x19, 0x81,
  0x80, 0x20, 0x1E, 0x00, 0x00, 0x00, 0x00, 0x00, 0x00, 0x00, 0x00, 0x20,
  0x00, 0x00, 0x40, 0x01, 0xFF, 0xFF, 0xC3, 0xFF, 0xFF, 0x80, 0xC2, 0x18,
  0x01, 0x84, 0x30, 0x07, 0x1C, 0xE0, 0x1F, 0x7F, 0x70, 0x73, 0xFE, 0x30,
  0x86, 0x5C, 0x20, 0x18, 0x8C, 0x00, 0xE6, 0x0E, 0x07, 0x9C, 0x0F, 0x1C,
  0x7F, 0xE7, 0x03, 0x81, 0x80, 0x1E, 0x86, 0x00, 0x31, 0xF8, 0x00, 0x00,
  0xF0, 0x00, 0x07, 0xF8, 0x00, 0x7C, 0x1C, 0x07, 0xC0, 0x0E, 0x00, 0x00,
  0x00, 0x00, 0x00, 0x00, 0x00, 0x00, 0x01, 0x00, 0xFF, 0x82, 0x81, 0x11,
  0x05, 0x82, 0xAE, 0x09, 0x05, 0x54, 0x13, 0x0A, 0xA8, 0x20, 0x11, 0x17,
  0xFC, 0x32, 0x2F, 0xFC, 0x7F, 0xC1, 0x00, 0x08, 0x06, 0x00, 0x18, 0x0E,
  0x03, 0xFE, 0x1C, 0x00, 0x40, 0x38, 0x00, 0xC0, 0x58, 0x1F, 0xF1, 0xB0,
  0x38, 0x03, 0x20, 0x00, 0x0C, 0x60, 0xD4, 0x98, 0x41, 0x2D, 0x60, 0xC6,
  0x49, 0xC0, 0xC8, 0x83, 0x01, 0x80, 0x00, 0x00, 0x00, 0x00, 0x00, 0x00,
  0x00, 0x03, 0x00, 0xFF, 0x86, 0x01, 0x13, 0x0C, 0x03, 0xAE, 0x18, 0x05,
  0x5C, 0x30, 0x0A, 0x98, 0x7F, 0x15, 0xB0, 0xFE, 0x22, 0x61, 0x80, 0x7F,
  0xC3, 0x00, 0x18, 0x06, 0x00, 0x30, 0x0C, 0x03, 0xFE, 0xFF, 0x80, 0xC1,
  0xFF, 0x01, 0x83, 0x06, 0x3F, 0xF6, 0x0C, 0x30, 0x0C, 0x18, 0x02, 0x98,
  0x30, 0x94, 0xB0, 0x61, 0x29, 0x7F, 0xC2, 0x48, 0xFF, 0x8C, 0x01, 0x83,
  0x00, 0x00, 0x00, 0x00, 0x00, 0x00, 0x00, 0x00, 0x20, 0x00, 0x10, 0x60,
  0x00, 0x20, 0xFF, 0x80, 0x41, 0x00, 0x00, 0x82, 0x00, 0x1F, 0xFF, 0xFF,
  0x1F, 0xFF, 0xFC, 0x10, 0x82, 0x10, 0x23, 0x0C, 0x30, 0x4F, 0x1C, 0x60,
  0xB3, 0x6C, 0xC1, 0x40, 0x85, 0x83, 0xFF, 0xFF, 0x04, 0x20, 0x86, 0x08,
  0x41, 0x0C, 0x11, 0x86, 0x18, 0x27, 0x8E, 0x30, 0x58, 0xE3, 0x60, 0xA0,
  0x02, 0xC1, 0xFF, 0xFF, 0x83, 0x00, 0x03, 0x00, 0x00, 0x00, 0x00, 0x00,
  0x00, 0x08, 0x00, 0x00, 0x30, 0x00, 0x00, 0x60, 0x00, 0x01, 0x80, 0x00,
  0x06, 0x00, 0x00, 0x0C, 0x00, 0x00, 0x10, 0x00, 0x00, 0x60, 0x00, 0x00,
  0xC0, 0x00, 0x01, 0x80, 0x00, 0x03, 0x00, 0x00, 0x06, 0x00, 0x00, 0x0C,
  0x00, 0x00, 0x18, 0x00, 0x00, 0x30, 0x00, 0x00, 0x20, 0x00, 0x00, 0x60,
  0x00, 0x00, 0xC0, 0x00, 0x00, 0xC0, 0x00, 0x00, 0x80, 0x00, 0x01, 0x80,
  0x00, 0x01, 0x00, 0x20, 0x00, 0x00, 0x60, 0x00, 0x00, 0xC0, 0x00, 0x00,
  0xC0, 0x00, 0x00, 0x80, 0x00, 0x01, 0x80, 0x00, 0x01, 0x00, 0x00, 0x03,
  0x00, 0x00, 0x06, 0x00, 0x00, 0x0C, 0x00, 0x00, 0x18, 0x00, 0x00, 0x30,
  0x00, 0x00, 0x60, 0x00, 0x00, 0xC0, 0x00, 0x01, 0x80, 0x00, 0x02, 0x00,
  0x00, 0x0C, 0x00, 0x00, 0x18, 0x00, 0x00, 0x60, 0x00, 0x00, 0x80, 0x00,
  0x03, 0x00, 0x00, 0x04, 0x00, 0x00, 0x00, 0x0E, 0x00, 0x00, 0x1C, 0x00,
  0x00, 0x3C, 0x00, 0x00, 0x10, 0x00, 0x00, 0x20, 0x00, 0x00, 0xC0, 0x00,
  0x03, 0x00, 0x00, 0x0C, 0x00, 0x00, 0x00, 0x00, 0x00, 0x00, 0x00, 0x00,
  0x00, 0x00, 0x08, 0x00, 0x00, 0x20, 0x00, 0x00, 0x80, 0x00, 0x02, 0x00,
  0x00, 0x08, 0x00, 0x00, 0x20, 0x00, 0x00, 0x80, 0x00, 0x02, 0x00, 0x00,
  0x08, 0x00, 0x00, 0x20, 0x00, 0x00, 0x80, 0x00, 0x02, 0x00, 0x00, 0x08,
  0x00, 0x00, 0x20, 0x00, 0x00, 0x80, 0x00, 0x02, 0x00, 0x00, 0x08, 0x00,
  0x00, 0x20, 0x00, 0x00, 0x80, 0x00, 0x02, 0x00, 0x00, 0x08, 0x00, 0x00,
  0x00, 0x00, 0x38, 0x00, 0x00, 0x70, 0x00, 0x00, 0xE0, 0x00, 0x00, 0x00,
  0x00, 0x00, 0x00, 0x00, 0x00, 0x00, 0x00, 0x00, 0x00, 0x00, 0x00, 0x00,
  0x00, 0x00, 0x00, 0x00, 0x00, 0x00, 0x00, 0x00, 0x00, 0x00, 0x00, 0x00,
  0x03, 0x80, 0x00, 0x07, 0x00, 0x00, 0x0E, 0x00, 0x00, 0x00, 0x00, 0x00,
  0x38, 0x00, 0x00, 0x70, 0x00, 0x00, 0xE0, 0x00, 0x00, 0x00, 0x00, 0x00,
  0x00, 0x00, 0x00, 0x00, 0x00, 0x00, 0x00, 0x00, 0x00, 0x00, 0x00, 0x00,
  0x00, 0x00, 0x00, 0x00, 0x00, 0x00, 0x00, 0x01, 0xC0, 0x00, 0x03, 0x80,
  0x00, 0x07, 0x80, 0x00, 0x02, 0x00, 0x00, 0x04, 0x00, 0x00, 0x18, 0x00,
  0x00, 0x60, 0x00, 0x01, 0x80, 0x00, 0x00, 0x00, 0x00,
};

const GFXglyph SourceHanSansTC_UI14pt8bGlyphs[] PROGMEM = {
  {     0,   0,   0,   5,    0,    0 }, // 0x0020
  {     0,   7,  18,   7,    0,  -18 }, // 0x0021
  {    16,  11,  18,  11,    0,  -18 }, // 0x0022
  {    41,  13,  17,  13,    0,  -17 }, // 0x0023
  {    69,  13,  23,  13,    0,  -20 }, // 0x0024
  {   107,  21,  17,  21,    0,  -17 }, // 0x0025
  {   152,  16,  17,  16,    0,  -17 }, // 0x0026
  {   186,   6,  18,   6,    0,  -18 }, // 0x0027
  {   200,   8,  24,   8,    0,  -19 }, // 0x0028
  {   224,   8,  24,   8,    0,  -19 }, // 0x0029
  {   248,  11,  19,  11,    0,  -19 }, // 0x002A
  {   275,  13,  15,  13,    0,  -15 }, // 0x002B
  {   300,   6,   8,   6,    0,   -3 }, // 0x002C
  {   306,   8,   7,   8,    0,   -7 }, // 0x002D
  {   313,   6,   4,   6,    0,   -4 }, // 0x002E
  {   316,   9,  23,   9,    0,  -19 }, // 0x002F
  {   342,  13,  17,  13,    0,  -17 }, // 0x0030
  {   370,  13,  17,  13,    0,  -17 }, // 0x0031
  {   398,  13,  17,  13,    0,  -17 }, // 0x0032
  {   426,  13,  17,  13,    0,  -17 }, // 0x0033
  {   454,  13,  17,  13,    0,  -17 }, // 0x0034
  {   482,  13,  17,  13,    0,  -17 }, // 0x0035
  {   510,  13,  17,  13,    0,  -17 }, // 0x0036
  {   538,  13,  17,  13,    0,  -17 }, // 0x0037
  {   566,  13,  17,  13,    0,  -17 }, // 0x0038
  {   594,  13,  17,  13,    0,  -17 }, // 0x0039
  {   622,   6,  13,   6,    0,  -13 }, // 0x003A
  {   632,   6,  18,   6,    0,  -13 }, // 0x003B
  {   646,  13,  14,  13,    0,  -14 }, // 0x003C
  {   669,  13,  12,  13,    0,  -12 }, // 0x003D
  {   689,  13,  14,  13,    0,  -14 }, // 0x003E
  {   712,  11,  18,  11,    0,  -18 }, // 0x003F
  {   737,  22,  21,  22,    0,  -17 }, // 0x0040
  {   795,  14,  17,  14,    0,  -17 }, // 0x0041
  {   825,  15,  17,  15,    0,  -17 }, // 0x0042
  {   857,  15,  17,  15,    0,  -17 }, // 0x0043
  {   889,  16,  17,  16,    0,  -17 }, // 0x0044
  {   923,  14,  17,  14,    0,  -17 }, // 0x0045
  {   953,  13,  17,  13,    0,  -17 }, // 0x0046
  {   981,  16,  17,  16,    0,  -17 }, // 0x0047
  {  1015,  17,  17,  17,    0,  -17 }, // 0x0048
  {  1052,   7,  17,   7,    0,  -17 }, // 0x0049
  {  1067,  12,  17,  12,    0,  -17 }, // 0x004A
  {  1093,  15,  17,  15,    0,  -17 }, // 0x004B
  {  1125,  12,  17,  12,    0,  -17 }, // 0x004C
  {  1151,  19,  17,  19,    0,  -17 }, // 0x004D
  {  1192,  17,  17,  17,    0,  -17 }, // 0x004E
  {  1229,  17,  17,  17,    0,  -17 }, // 0x004F
  {  1266,  15,  17,  15,    0,  -17 }, // 0x0050
  {  1298,  17,  21,  17,    0,  -17 }, // 0x0051
  {  1343,  15,  17,  15,    0,  -17 }, // 0x0052
  {  1375,  14,  17,  14,    0,  -17 }, // 0x0053
  {  1405,  14,  17,  14,    0,  -17 }, // 0x0054
  {  1435,  17,  17,  17,    0,  -17 }, // 0x0055
  {  1472,  14,  17,  13,    0,  -17 }, // 0x0056
  {  1502,  20,  17,  20,    0,  -17 }, // 0x0057
  {  1545,  13,  17,  13,    0,  -17 }, // 0x0058
  {  1573,  14,  17,  12,   -1,  -17 }, // 0x0059
  {  1603,  14,  17,  14,    0,  -17 }, // 0x005A
  {  1633,   8,  23,   8,    0,  -19 }, // 0x005B
  {  1656,   9,  23,   9,    0,  -19 }, // 0x005C
  {  1682,   8,  23,   8,    0,  -19 }, // 0x005D
  {  1705,  13,  17,  13,    0,  -17 }, // 0x005E
  {  1733,  13,   4,  13,    0,    0 }, // 0x005F
  {  1740,  14,  20,  14,    0,  -20 }, // 0x0060
  {  1775,  13,  13,  13,    0,  -13 }, // 0x0061
  {  1797,  14,  19,  14,    0,  -19 }, // 0x0062
  {  1831,  12,  13,  12,    0,  -13 }, // 0x0063
  {  1851,  14,  19,  14,    0,  -19 }, // 0x0064
  {  1885,  13,  13,  13,    0,  -13 }, // 0x0065
  {  1907,   9,  19,   7,    0,  -19 }, // 0x0066
  {  1929,  13,  19,  13,    0,  -13 }, // 0x0067
  {  1960,  14,  19,  14,    0,  -19 }, // 0x0068
  {  1994,   6,  18,   6,    0,  -18 }, // 0x0069
  {  2008,   8,  24,   6,   -2,  -18 }, // 0x006A
  {  2032,  13,  19,  13,    0,  -19 }, // 0x006B
  {  2063,   7,  19,   7,    0,  -19 }, // 0x006C
  {  2080,  21,  13,  21,    0,  -13 }, // 0x006D
  {  2115,  14,  13,  14,    0,  -13 }, // 0x006E
  {  2138,  14,  13,  14,    0,  -13 }, // 0x006F
  {  2161,  14,  19,  14,    0,  -13 }, // 0x0070
  {  2195,  14,  19,  14,    0,  -13 }, // 0x0071
  {  2229,   9,  13,   9,    0,  -13 }, // 0x0072
  {  2244,  11,  13,  11,    0,  -13 }, // 0x0073
  {  2262,   9,  17,   9,    0,  -17 }, // 0x0074
  {  2282,  14,  13,  14,    0,  -13 }, // 0x0075
  {  2305,  12,  13,  12,    0,  -13 }, // 0x0076
  {  2325,  18,  13,  18,    0,  -13 }, // 0x0077
  {  2355,  12,  13,  11,    0,  -13 }, // 0x0078
  {  2375,  12,  19,  12,    0,  -13 }, // 0x0079
  {  2404,  11,  13,  11,    0,  -13 }, // 0x007A
  {  2422,   8,  23,   8,    0,  -19 }, // 0x007B
  {  2445,   6,  26,   6,    0,  -19 }, // 0x007C
  {  2465,   8,  23,   8,    0,  -19 }, // 0x007D
  {  2488,  13,  11,  13,    0,  -11 }, // 0x007E
  {  2506,  13,  10,  13,    0,  -10 }, // 0x00B7
  {  2523,  23,  16,  23,    0,  -16 }, // 0x00D7
  {  2569,  13,  19,  13,    0,  -19 }, // 0x00E3
  {  2600,  12,   7,  12,    0,   -7 }, // 0x2013
  {  2611,  21,   7,  21,    0,   -7 }, // 0x2014
  {  2630,  23,  11,  23,    0,  -11 }, // 0x2026
  {  2662,  23,  15,  23,    0,  -15 }, // 0x2192
  {  2706,  23,  22,  23,    0,  -19 }, // 0x25B6
  {  2770,  23,  22,  23,    0,  -19 }, // 0x25C0
  {  2834,  23,  21,  23,    0,  -19 }, // 0x25CF
  {  2895,  16,  19,  16,    0,  -18 }, // 0x2713
  {  2933,  23,   1,  23,    0,    0 }, // 0x3000
  {  2936,  23,   7,  23,    0,   -5 }, // 0x3001
  {  2957,  23,   8,  23,    0,   -6 }, // 0x3002
  {  2980,  23,  20,  23,    0,  -20 }, // 0x300C
  {  3038,  23,  16,  23,    0,  -13 }, // 0x300D
  {  3084,  23,  10,  23,    0,  -10 }, // 0x4E00
  {  3113,  23,  18,  23,    0,  -17 }, // 0x4E09
  {  3165,  23,  21,  23,    0,  -20 }, // 0x4E0A
  {  3226,  23,  21,  23,    0,  -18 }, // 0x4E0B
  {  3287,  23,  21,  23,    0,  -18 }, // 0x4E0D
  {  3348,  23,  20,  23,    0,  -18 }, // 0x4E14
  {  3406,  23,  23,  23,    0,  -20 }, // 0x4E16
  {  3473,  23,  22,  23,    0,  -20 }, // 0x4E26
  {  3537,  23,  23,  23,    0,  -20 }, // 0x4E2D
  {  3604,  23,  23,  23,    0,  -20 }, // 0x4E38
  {  3671,  23,  22,  23,    0,  -20 }, // 0x4E3B
  {  3735,  23,  23,  23,    0,  -20 }, // 0x4E45
  {  3802,  23,  22,  23,    0,  -19 }, // 0x4E4F
  {  3866,  23,  22,  23,    0,  -20 }, // 0x4E5F
  {  3930,  23,  23,  23,    0,  -20 }, // 0x4E82
  {  3997,  23,  23,  23,    0,  -20 }, // 0x4E8B
  {  4064,  23,  16,  23,    0,  -16 }, // 0x4E8C
  {  4110,  23,  18,  23,    0,  -17 }, // 0x4E94
  {  4162,  23,  23,  23,    0,  -20 }, // 0x4EAE
  {  4229,  23,  21,  23,    0,  -19 }, // 0x4EBA
  {  4290,  23,  23,  23,    0,  -20 }, // 0x4ECA
  {  4357,  23,  23,  23,    0,  -20 }, // 0x4ECD
  {  4424,  23,  23,  23,    0,  -20 }, // 0x4ED6
  {  4491,  23,  23,  23,    0,  -20 }, // 0x4EE3
  {  4558,  23,  23,  23,    0,  -20 }, // 0x4EE4
  {  4625,  23,  20,  23,    0,  -18 }, // 0x4EE5
  {  4683,  23,  23,  23,    0,  -20 }, // 0x4EFB
  {  4750,  23,  23,  23,    0,  -20 }, // 0x4F38
  {  4817,  23,  23,  23,    0,  -20 }, // 0x4F3A
  {  4884,  23,  23,  23,    0,  -20 }, // 0x4F46
  {  4951,  23,  23,  23,    0,  -20 }, // 0x4F47
  {  5018,  23,  23,  23,    0,  -20 }, // 0x4F48
  {  5085,  23,  23,  23,    0,  -20 }, // 0x4F4D
  {  5152,  23,  23,  23,    0,  -20 }, // 0x4F4E
  {  5219,  23,  23,  23,    0,  -20 }, // 0x4F4F
  {  5286,  23,  23,  23,    0,  -20 }, // 0x4F5B
  {  5353,  23,  23,  23,    0,  -20 }, // 0x4F5C
  {  5420,  23,  23,  23,    0,  -20 }, // 0x4F7F
  {  5487,  23,  22,  23,    0,  -19 }, // 0x4F86
  {  5551,  23,  23,  23,    0,  -20 }, // 0x4F8B
  {  5618,  23,  23,  23,    0,  -20 }, // 0x4F9B
  {  5685,  23,  23,  23,    0,  -20 }, // 0x4F9D
  {  5752,  23,  23,  23,    0,  -20 }, // 0x4FC3
  {  5819,  23,  23,  23,    0,  -20 }, // 0x4FD7
  {  5886,  23,  23,  23,    0,  -20 }, // 0x4FDD
  {  5953,  23,  23,  23,    0,  -20 }, // 0x4FE1
  {  6020,  23,  23,  23,    0,  -20 }, // 0x4FEE
  {  6087,  23,  23,  23,    0,  -20 }, // 0x4FF1
  {  6154,  23,  23,  23,    0,  -20 }, // 0x500B
  {  6221,  23,  23,  23,    0,  -20 }, // 0x5012
  {  6288,  23,  23,  23,    0,  -20 }, // 0x5019
  {  6355,  23,  23,  23,    0,  -20 }, // 0x5026
  {  6422,  23,  23,  23,    0,  -20 }, // 0x503C
  {  6489,  23,  23,  23,    0,  -20 }, // 0x5047
  {  6556,  23,  23,  23,    0,  -20 }, // 0x504F
  {  6623,  23,  23,  23,    0,  -20 }, // 0x505C
  {  6690,  23,  23,  23,    0,  -20 }, // 0x5075
  {  6757,  23,  23,  23,    0,  -20 }, // 0x5099
  {  6824,  23,  23,  23,    0,  -20 }, // 0x50B3
  {  6891,  23,  23,  23,    0,  -20 }, // 0x50B7
  {  6958,  23,  23,  23,    0,  -20 }, // 0x50C5
  {  7025,  23,  22,  23,    0,  -20 }, // 0x50F5
  {  7089,  23,  23,  23,    0,  -20 }, // 0x512A
  {  7156,  23,  23,  23,    0,  -20 }, // 0x5132
  {  7223,  23,  23,  23,    0,  -20 }, // 0x5141
  {  7290,  23,  21,  23,    0,  -18 }, // 0x5143
  {  7351,  23,  23,  23,    0,  -20 }, // 0x5145
  {  7418,  23,  23,  23,    0,  -20 }, // 0x5148
  {  7485,  23,  23,  23,    0,  -20 }, // 0x5149
  {  7552,  23,  23,  23,    0,  -20 }, // 0x514B
  {  7619,  23,  21,  23,    0,  -18 }, // 0x5165
  {  7680,  23,  22,  23,    0,  -19 }, // 0x5167
  {  7744,  23,  22,  23,    0,  -20 }, // 0x5168
  {  7808,  23,  21,  23,    0,  -18 }, // 0x5169
  {  7869,  23,  23,  23,    0,  -20 }, // 0x516D
  {  7936,  23,  23,  23,    0,  -20 }, // 0x5176
  {  8003,  23,  21,  23,    0,  -18 }, // 0x518D
  {  8064,  23,  22,  23,    0,  -19 }, // 0x5192
  {  8128,  23,  23,  23,    0,  -20 }, // 0x51B7
  {  8195,  23,  23,  23,    0,  -20 }, // 0x51FA
  {  8262,  23,  23,  23,    0,  -20 }, // 0x5206
  {  8329,  23,  22,  23,    0,  -19 }, // 0x5207
  {  8393,  23,  22,  23,    0,  -19 }, // 0x5217
  {  8457,  23,  23,  23,    0,  -20 }, // 0x5225
  {  8524,  23,  22,  23,    0,  -19 }, // 0x5230
  {  8588,  23,  23,  23,    0,  -20 }, // 0x5236
  {  8655,  23,  23,  23,    0,  -20 }, // 0x523B
  {  8722,  23,  23,  23,    0,  -20 }, // 0x524D
  {  8789,  23,  22,  23,    0,  -19 }, // 0x525B
  {  8853,  23,  23,  23,    0,  -20 }, // 0x5269
  {  8920,  23,  22,  23,    0,  -19 }, // 0x5275
  {  8984,  23,  23,  23,    0,  -20 }, // 0x529B
  {  9051,  23,  23,  23,    0,  -20 }, // 0x529F
  {  9118,  23,  23,  23,    0,  -20 }, // 0x52A0
  {  9185,  23,  23,  23,    0,  -20 }, // 0x52A9
  {  9252,  23,  23,  23,    0,  -20 }, // 0x52D5
  {  9319,  23,  23,  23,    0,  -20 }, // 0x52D9
  {  9386,  23,  23,  23,    0,  -20 }, // 0x52FE
  {  9453,  23,  23,  23,    0,  -20 }, // 0x52FF
  {  9520,  23,  23,  23,    0,  -20 }, // 0x5316
  {  9587,  23,  22,  23,    0,  -19 }, // 0x5340
  {  9651,  23,  23,  23,    0,  -20 }, // 0x534A
  {  9718,  23,  23,  23,    0,  -20 }, // 0x5357
  {  9785,  23,  21,  23,    0,  -18 }, // 0x5373
  {  9846,  23,  21,  23,    0,  -18 }, // 0x539F
  {  9907,  23,  22,  23,    0,  -19 }, // 0x53AD
  {  9971,  23,  23,  23,    0,  -20 }, // 0x53BB
  { 10038,  23,  22,  23,    0,  -19 }, // 0x53CA
  { 10102,  23,  21,  23,    0,  -18 }, // 0x53CD
  { 10163,  23,  21,  23,    0,  -18 }, // 0x53D6
  { 10224,  23,  23,  23,    0,  -20 }, // 0x53D7
  { 10291,  23,  23,  23,    0,  -20 }, // 0x53DB
  { 10358,  23,  19,  23,    0,  -17 }, // 0x53E3
  { 10413,  23,  23,  23,    0,  -20 }, // 0x53E5
  { 10480,  23,  21,  23,    0,  -18 }, // 0x53E6
  { 10541,  23,  21,  23,    0,  -18 }, // 0x53EA
  { 10602,  23,  21,  23,    0,  -18 }, // 0x53ED
  { 10663,  23,  20,  23,    0,  -18 }, // 0x53EF
  { 10721,  23,  23,  23,    0,  -20 }, // 0x53F0
  { 10788,  23,  23,  23,    0,  -20 }, // 0x53F3
  { 10855,  23,  23,  23,    0,  -20 }, // 0x5404
  { 10922,  23,  23,  23,    0,  -20 }, // 0x5408
  { 10989,  23,  21,  23,    0,  -18 }, // 0x540C
  { 11050,  23,  23,  23,    0,  -20 }, // 0x540D
  { 11117,  23,  23,  23,    0,  -20 }, // 0x5411
  { 11184,  23,  21,  23,    0,  -18 }, // 0x5426
  { 11245,  23,  23,  23,    0,  -20 }, // 0x542B
  { 11312,  23,  22,  23,    0,  -19 }, // 0x5438
  { 11376,  23,  22,  23,    0,  -19 }, // 0x5446
  { 11440,  23,  22,  23,    0,  -19 }, // 0x547C
  { 11504,  23,  23,  23,    0,  -20 }, // 0x548C
  { 11571,  23,  21,  23,    0,  -18 }, // 0x5492
  { 11632,  23,  22,  23,    0,  -19 }, // 0x54ED
  { 11696,  23,  23,  23,    0,  -20 }, // 0x552F
  { 11763,  23,  23,  23,    0,  -20 }, // 0x555F
  { 11830,  23,  23,  23,    0,  -20 }, // 0x5587
  { 11897,  23,  23,  23,    0,  -20 }, // 0x5589
  { 11964,  23,  23,  23,    0,  -20 }, // 0x559A
  { 12031,  23,  23,  23,    0,  -20 }, // 0x559C
  { 12098,  23,  23,  23,    0,  -19 }, // 0x559D
  { 12165,  23,  23,  23,    0,  -20 }, // 0x55AA
  { 12232,  23,  21,  23,    0,  -19 }, // 0x55AE
  { 12293,  23,  23,  23,    0,  -20 }, // 0x5606
  { 12360,  23,  22,  23,    0,  -19 }, // 0x5668
  { 12424,  23,  23,  23,    0,  -20 }, // 0x56A8
  { 12491,  23,  19,  23,    0,  -17 }, // 0x56DB
  { 12546,  23,  22,  23,    0,  -19 }, // 0x56DE
  { 12610,  23,  21,  23,    0,  -18 }, // 0x56E0
  { 12671,  23,  22,  23,    0,  -19 }, // 0x56FA
  { 12735,  23,  22,  23,    0,  -19 }, // 0x5708
  { 12799,  23,  22,  23,    0,  -19 }, // 0x570D
  { 12863,  23,  22,  23,    0,  -19 }, // 0x5716
  { 12927,  23,  23,  23,    0,  -20 }, // 0x5728
  { 12994,  23,  22,  23,    0,  -20 }, // 0x5730
  { 13058,  23,  22,  23,    0,  -20 }, // 0x5740
  { 13122,  23,  23,  23,    0,  -20 }, // 0x5747
  { 13189,  23,  22,  23,    0,  -20 }, // 0x5750
  { 13253,  23,  22,  23,    0,  -20 }, // 0x578B
  { 13317,  23,  23,  23,    0,  -20 }, // 0x57CE
  { 13384,  23,  23,  23,    0,  -20 }, // 0x57DF
  { 13451,  23,  23,  23,    0,  -20 }, // 0x57E0
  { 13518,  23,  24,  23,    0,  -20 }, // 0x57F7
  { 13587,  23,  22,  23,    0,  -20 }, // 0x57FA
  { 13651,  23,  22,  23,    0,  -19 }, // 0x5831
  { 13715,  23,  23,  23,    0,  -20 }, // 0x586B
  { 13782,  23,  23,  23,    0,  -20 }, // 0x5883
  { 13849,  23,  23,  23,    0,  -20 }, // 0x589E
  { 13916,  23,  21,  23,    0,  -19 }, // 0x58D3
  { 13977,  23,  22,  23,    0,  -19 }, // 0x590F
  { 14041,  23,  23,  23,    0,  -20 }, // 0x5916
  { 14108,  23,  23,  23,    0,  -20 }, // 0x591A
  { 14175,  23,  23,  23,    0,  -20 }, // 0x591C
  { 14242,  23,  23,  23,    0,  -20 }, // 0x5922
  { 14309,  23,  23,  23,    0,  -20 }, // 0x5927
  { 14376,  23,  21,  23,    0,  -18 }, // 0x5929
  { 14437,  23,  23,  23,    0,  -20 }, // 0x592A
  { 14504,  23,  23,  23,    0,  -20 }, // 0x5931
  { 14571,  23,  23,  23,    0,  -20 }, // 0x5948
  { 14638,  23,  23,  23,    0,  -20 }, // 0x5957
  { 14705,  23,  23,  23,    0,  -20 }, // 0x597D
  { 14772,  23,  23,  23,    0,  -20 }, // 0x5982
  { 14839,  23,  23,  23,    0,  -20 }, // 0x59CB
  { 14906,  23,  23,  23,    0,  -20 }, // 0x59D4
  { 14973,  23,  23,  23,    0,  -20 }, // 0x5AC9
  { 15040,  23,  21,  23,    0,  -18 }, // 0x5B50
  { 15101,  23,  23,  23,    0,  -20 }, // 0x5B57
  { 15168,  23,  23,  23,    0,  -20 }, // 0x5B58
  { 15235,  23,  23,  23,    0,  -20 }, // 0x5B64
  { 15302,  23,  22,  23,    0,  -19 }, // 0x5B78
  { 15366,  23,  23,  23,    0,  -20 }, // 0x5B89
  { 15433,  23,  23,  23,    0,  -20 }, // 0x5B8C
  { 15500,  23,  23,  23,    0,  -20 }, // 0x5B9A
  { 15567,  23,  23,  23,    0,  -20 }, // 0x5BB3
  { 15634,  23,  23,  23,    0,  -20 }, // 0x5BB9
  { 15701,  23,  23,  23,    0,  -20 }, // 0x5BC2
  { 15768,  23,  23,  23,    0,  -20 }, // 0x5BC6
  { 15835,  23,  23,  23,    0,  -20 }, // 0x5BDE
  { 15902,  23,  23,  23,    0,  -20 }, // 0x5BDF
  { 15969,  23,  23,  23,    0,  -20 }, // 0x5BE6
  { 16036,  23,  23,  23,    0,  -20 }, // 0x5BEB
  { 16103,  23,  23,  23,    0,  -20 }, // 0x5C07
  { 16170,  23,  23,  23,    0,  -20 }, // 0x5C08
  { 16237,  23,  22,  23,    0,  -19 }, // 0x5C0B
  { 16301,  23,  23,  23,    0,  -20 }, // 0x5C0F
  { 16368,  23,  23,  23,    0,  -20 }, // 0x5C11
  { 16435,  23,  23,  23,    0,  -20 }, // 0x5C1A
  { 16502,  23,  21,  23,    0,  -18 }, // 0x5C48
  { 16563,  23,  22,  23,    0,  -19 }, // 0x5C55
  { 16627,  23,  22,  23,    0,  -20 }, // 0x5DE6
  { 16691,  23,  20,  23,    0,  -18 }, // 0x5DF1
  { 16749,  23,  20,  23,    0,  -18 }, // 0x5DF2
  { 16807,  23,  23,  23,    0,  -20 }, // 0x5E02
  { 16874,  23,  23,  23,    0,  -20 }, // 0x5E03
  { 16941,  23,  23,  23,    0,  -20 }, // 0x5E33
  { 17008,  23,  23,  23,    0,  -20 }, // 0x5E38
  { 17075,  23,  23,  23,    0,  -20 }, // 0x5E55
  { 17142,  23,  21,  23,    0,  -18 }, // 0x5E73
  { 17203,  23,  23,  23,    0,  -20 }, // 0x5E74
  { 17270,  23,  23,  23,    0,  -20 }, // 0x5E95
  { 17337,  23,  23,  23,    0,  -20 }, // 0x5EA6
  { 17404,  23,  23,  23,    0,  -20 }, // 0x5EAB
  { 17471,  23,  23,  23,    0,  -20 }, // 0x5EFA
  { 17538,  23,  23,  23,    0,  -20 }, // 0x5F0F
  { 17605,  23,  23,  23,    0,  -20 }, // 0x5F15
  { 17672,  23,  22,  23,    0,  -19 }, // 0x5F35
  { 17736,  23,  23,  23,    0,  -20 }, // 0x5F37
  { 17803,  23,  23,  23,    0,  -20 }, // 0x5F85
  { 17870,  23,  23,  23,    0,  -20 }, // 0x5F88
  { 17937,  23,  23,  23,    0,  -20 }, // 0x5F8B
  { 18004,  23,  23,  23,    0,  -20 }, // 0x5F8C
  { 18071,  23,  23,  23,    0,  -20 }, // 0x5F97
  { 18138,  23,  23,  23,    0,  -20 }, // 0x5F9E
  { 18205,  23,  23,  23,    0,  -20 }, // 0x5FA9
  { 18272,  23,  22,  23,    0,  -20 }, // 0x5FC3
  { 18336,  23,  22,  23,    0,  -20 }, // 0x5FC5
  { 18400,  23,  22,  23,    0,  -20 }, // 0x5FD0
  { 18464,  23,  20,  23,    0,  -18 }, // 0x5FD1
  { 18522,  23,  23,  23,    0,  -20 }, // 0x5FEB
  { 18589,  23,  22,  23,    0,  -20 }, // 0x5FF5
  { 18653,  23,  22,  23,    0,  -20 }, // 0x5FFD
  { 18717,  23,  22,  23,    0,  -20 }, // 0x6012
  { 18781,  23,  23,  23,    0,  -20 }, // 0x6015
  { 18848,  23,  22,  23,    0,  -20 }, // 0x6025
  { 18912,  23,  21,  23,    0,  -19 }, // 0x6050
  { 18973,  23,  23,  23,    0,  -20 }, // 0x6062
  { 19040,  23,  23,  23,    0,  -20 }, // 0x6065
  { 19107,  23,  23,  23,    0,  -20 }, // 0x606F
  { 19174,  23,  23,  23,    0,  -20 }, // 0x6094
  { 19241,  23,  22,  23,    0,  -20 }, // 0x60A8
  { 19305,  23,  22,  23,    0,  -20 }, // 0x60B2
  { 19369,  23,  22,  23,    0,  -19 }, // 0x60B6
  { 19433,  23,  23,  23,    0,  -20 }, // 0x60B8
  { 19500,  23,  23,  23,    0,  -20 }, // 0x60C5
  { 19567,  23,  23,  23,    0,  -20 }, // 0x60CB
  { 19634,  23,  23,  23,    0,  -20 }, // 0x60D8
  { 19701,  23,  23,  23,    0,  -20 }, // 0x60DC
  { 19768,  23,  21,  23,    0,  -19 }, // 0x60E1
  { 19829,  23,  23,  23,    0,  -20 }, // 0x60F1
  { 19896,  23,  22,  23,    0,  -20 }, // 0x60F3
  { 19960,  23,  22,  23,    0,  -20 }, // 0x610F
  { 20024,  23,  22,  23,    0,  -20 }, // 0x611F
  { 20088,  23,  23,  23,    0,  -20 }, // 0x6127
  { 20155,  23,  23,  23,    0,  -20 }, // 0x614B
  { 20222,  23,  23,  23,    0,  -20 }, // 0x614C
  { 20289,  23,  23,  23,    0,  -20 }, // 0x6162
  { 20356,  23,  23,  23,    0,  -20 }, // 0x616E
  { 20423,  23,  22,  23,    0,  -20 }, // 0x6170
  { 20487,  23,  22,  23,    0,  -19 }, // 0x6182
  { 20551,  23,  21,  23,    0,  -19 }, // 0x6191
  { 20612,  23,  23,  23,    0,  -20 }, // 0x61A4
  { 20679,  23,  23,  23,    0,  -20 }, // 0x61B6
  { 20746,  23,  23,  23,    0,  -20 }, // 0x61C9
  { 20813,  23,  23,  23,    0,  -20 }, // 0x61CA
  { 20880,  23,  23,  23,    0,  -20 }, // 0x61F7
  { 20947,  23,  23,  23,    0,  -20 }, // 0x61FC
  { 21014,  23,  23,  23,    0,  -20 }, // 0x6210
  { 21081,  23,  23,  23,    0,  -20 }, // 0x6211
  { 21148,  23,  23,  23,    0,  -20 }, // 0x6216
  { 21215,  23,  23,  23,    0,  -20 }, // 0x6240
  { 21282,  23,  23,  23,    0,  -20 }, // 0x624B
  { 21349,  23,  23,  23,    0,  -20 }, // 0x624D
  { 21416,  23,  22,  23,    0,  -20 }, // 0x6253
  { 21480,  23,  23,  23,    0,  -20 }, // 0x627E
  { 21547,  23,  23,  23,    0,  -20 }, // 0x6291
  { 21614,  23,  23,  23,    0,  -20 }, // 0x6296
  { 21681,  23,  23,  23,    0,  -20 }, // 0x62BD
  { 21748,  23,  23,  23,    0,  -20 }, // 0x62C9
  { 21815,  23,  23,  23,    0,  -20 }, // 0x62D2
  { 21882,  23,  23,  23,    0,  -20 }, // 0x62D6
  { 21949,  23,  23,  23,    0,  -20 }, // 0x62DC
  { 22016,  23,  23,  23,    0,  -20 }, // 0x62F3
  { 22083,  23,  23,  23,    0,  -20 }, // 0x6301
  { 22150,  23,  23,  23,    0,  -20 }, // 0x6307
  { 22217,  23,  23,  23,    0,  -20 }, // 0x6309
  { 22284,  23,  23,  23,    0,  -20 }, // 0x632B
  { 22351,  23,  23,  23,    0,  -20 }, // 0x632F
  { 22418,  23,  23,  23,    0,  -20 }, // 0x638C
  { 22485,  23,  23,  23,    0,  -20 }, // 0x6392
  { 22552,  23,  23,  23,    0,  -20 }, // 0x63A1
  { 22619,  23,  23,  23,    0,  -20 }, // 0x63A2
  { 22686,  23,  23,  23,    0,  -20 }, // 0x63A5
  { 22753,  23,  23,  23,    0,  -20 }, // 0x63A7
  { 22820,  23,  23,  23,    0,  -20 }, // 0x63AA
  { 22887,  23,  23,  23,    0,  -20 }, // 0x63D0
  { 22954,  23,  23,  23,    0,  -20 }, // 0x63DB
  { 23021,  23,  23,  23,    0,  -20 }, // 0x63E1
  { 23088,  23,  23,  23,    0,  -20 }, // 0x63F4
  { 23155,  23,  23,  23,    0,  -20 }, // 0x6478
  { 23222,  23,  23,  23,    0,  -20 }, // 0x6490
  { 23289,  23,  23,  23,    0,  -20 }, // 0x64A4
  { 23356,  23,  23,  23,    0,  -20 }, // 0x64AD
  { 23423,  23,  23,  23,    0,  -20 }, // 0x64C7
  { 23490,  23,  23,  23,    0,  -20 }, // 0x64CD
  { 23557,  23,  23,  23,    0,  -20 }, // 0x64CE
  { 23624,  23,  23,  23,    0,  -20 }, // 0x64D4
  { 23691,  23,  23,  23,    0,  -20 }, // 0x64EC
  { 23758,  23,  23,  23,    0,  -20 }, // 0x652F
  { 23825,  23,  23,  23,    0,  -20 }, // 0x6536
  { 23892,  23,  23,  23,    0,  -20 }, // 0x6539
  { 23959,  23,  23,  23,    0,  -20 }, // 0x653E
  { 24026,  23,  23,  23,    0,  -20 }, // 0x6548
  { 24093,  23,  23,  23,    0,  -20 }, // 0x6557
  { 24160,  23,  22,  23,    0,  -20 }, // 0x6574
  { 24224,  23,  23,  23,    0,  -20 }, // 0x6578
  { 24291,  23,  23,  23,    0,  -20 }, // 0x6587
  { 24358,  23,  23,  23,    0,  -20 }, // 0x6599
  { 24425,  23,  23,  23,    0,  -20 }, // 0x65B0
  { 24492,  23,  23,  23,    0,  -20 }, // 0x65B9
  { 24559,  23,  21,  23,    0,  -18 }, // 0x65E5
  { 24620,  23,  22,  23,    0,  -19 }, // 0x660E
  { 24684,  23,  21,  23,    0,  -19 }, // 0x661F
  { 24745,  23,  22,  23,    0,  -19 }, // 0x662F
  { 24809,  23,  23,  23,    0,  -20 }, // 0x6642
  { 24876,  23,  22,  23,    0,  -19 }, // 0x666F
  { 24940,  23,  22,  23,    0,  -19 }, // 0x6676
  { 25004,  23,  23,  23,    0,  -20 }, // 0x6697
  { 25071,  23,  23,  23,    0,  -20 }, // 0x66AB
  { 25138,  23,  22,  23,    0,  -19 }, // 0x66B4
  { 25202,  23,  22,  23,    0,  -19 }, // 0x66F3
  { 25266,  23,  21,  23,    0,  -18 }, // 0x66F4
  { 25327,  23,  23,  23,    0,  -20 }, // 0x66F8
  { 25394,  23,  23,  23,    0,  -20 }, // 0x66FF
  { 25461,  23,  22,  23,    0,  -19 }, // 0x6700
  { 25525,  23,  23,  23,    0,  -20 }, // 0x6703
  { 25592,  23,  21,  23,    0,  -18 }, // 0x6708
  { 25653,  23,  23,  23,    0,  -20 }, // 0x6709
  { 25720,  23,  22,  23,    0,  -19 }, // 0x670D
  { 25784,  23,  21,  23,    0,  -19 }, // 0x671B
  { 25845,  23,  22,  23,    0,  -19 }, // 0x671F
  { 25909,  23,  23,  23,    0,  -20 }, // 0x672A
  { 25976,  23,  23,  23,    0,  -20 }, // 0x672B
  { 26043,  23,  23,  23,    0,  -20 }, // 0x672C
  { 26110,  23,  23,  23,    0,  -20 }, // 0x6756
  { 26177,  23,  22,  23,    0,  -19 }, // 0x675F
  { 26241,  23,  23,  23,    0,  -20 }, // 0x6790
  { 26308,  23,  22,  23,    0,  -19 }, // 0x679C
  { 26372,  23,  22,  23,    0,  -20 }, // 0x67E5
  { 26436,  23,  23,  23,    0,  -20 }, // 0x683C
  { 26503,  23,  23,  23,    0,  -20 }, // 0x6846
  { 26570,  23,  23,  23,    0,  -20 }, // 0x6A02
  { 26637,  23,  23,  23,    0,  -20 }, // 0x6A19
  { 26704,  23,  23,  23,    0,  -20 }, // 0x6A21
  { 26771,  23,  23,  23,    0,  -20 }, // 0x6A5F
  { 26838,  23,  23,  23,    0,  -20 }, // 0x6AA2
  { 26905,  23,  23,  23,    0,  -20 }, // 0x6B04
  { 26972,  23,  23,  23,    0,  -20 }, // 0x6B0A
  { 27039,  23,  23,  23,    0,  -20 }, // 0x6B20
  { 27106,  23,  23,  23,    0,  -20 }, // 0x6B21
  { 27173,  23,  23,  23,    0,  -20 }, // 0x6B61
  { 27240,  23,  21,  23,    0,  -20 }, // 0x6B62
  { 27301,  23,  20,  23,    0,  -18 }, // 0x6B63
  { 27359,  23,  23,  23,    0,  -20 }, // 0x6B64
  { 27426,  23,  23,  23,    0,  -20 }, // 0x6B65
  { 27493,  23,  23,  23,    0,  -20 }, // 0x6BB5
  { 27560,  23,  23,  23,    0,  -20 }, // 0x6BC0
  { 27627,  23,  23,  23,    0,  -20 }, // 0x6BCF
  { 27694,  23,  23,  23,    0,  -20 }, // 0x6C23
  { 27761,  23,  23,  23,    0,  -20 }, // 0x6C34
  { 27828,  23,  23,  23,    0,  -20 }, // 0x6C38
  { 27895,  23,  23,  23,    0,  -20 }, // 0x6C42
  { 27962,  23,  23,  23,    0,  -20 }, // 0x6C57
  { 28029,  23,  22,  23,    0,  -20 }, // 0x6C60
  { 28093,  23,  23,  23,    0,  -20 }, // 0x6C89
  { 28160,  23,  23,  23,    0,  -20 }, // 0x6C92
  { 28227,  23,  23,  23,    0,  -20 }, // 0x6C96
  { 28294,  23,  23,  23,    0,  -20 }, // 0x6CAE
  { 28361,  23,  23,  23,    0,  -20 }, // 0x6CD5
  { 28428,  23,  23,  23,    0,  -20 }, // 0x6CE3
  { 28495,  23,  23,  23,    0,  -20 }, // 0x6D17
  { 28562,  23,  23,  23,    0,  -20 }, // 0x6D41
  { 28629,  23,  23,  23,    0,  -20 }, // 0x6D88
  { 28696,  23,  23,  23,    0,  -20 }, // 0x6DF1
  { 28763,  23,  23,  23,    0,  -20 }, // 0x6DFA
  { 28830,  23,  23,  23,    0,  -20 }, // 0x6E05
  { 28897,  23,  23,  23,    0,  -20 }, // 0x6E2C
  { 28964,  23,  22,  23,    0,  -20 }, // 0x6EAB
  { 29028,  23,  23,  23,    0,  -20 }, // 0x6EC5
  { 29095,  23,  23,  23,    0,  -20 }, // 0x6EF4
  { 29162,  23,  23,  23,    0,  -20 }, // 0x6EFF
  { 29229,  23,  22,  23,    0,  -19 }, // 0x6F2B
  { 29293,  23,  23,  23,    0,  -20 }, // 0x6F38
  { 29360,  23,  21,  23,    0,  -19 }, // 0x706B
  { 29421,  23,  21,  23,    0,  -18 }, // 0x7070
  { 29482,  23,  23,  23,    0,  -20 }, // 0x70BA
  { 29549,  23,  23,  23,    0,  -20 }, // 0x70C8
  { 29616,  23,  23,  23,    0,  -20 }, // 0x7121
  { 29683,  23,  23,  23,    0,  -20 }, // 0x7126
  { 29750,  23,  22,  23,    0,  -19 }, // 0x7167
  { 29814,  23,  23,  23,    0,  -20 }, // 0x7169
  { 29881,  23,  23,  23,    0,  -20 }, // 0x7184
  { 29948,  23,  23,  23,    0,  -20 }, // 0x71B1
  { 30015,  23,  23,  23,    0,  -20 }, // 0x71C8
  { 30082,  23,  23,  23,    0,  -20 }, // 0x71E5
  { 30149,  23,  23,  23,    0,  -20 }, // 0x7246
  { 30216,  23,  23,  23,    0,  -20 }, // 0x7247
  { 30283,  23,  23,  23,    0,  -20 }, // 0x7248
  { 30350,  23,  23,  23,    0,  -20 }, // 0x7269
  { 30417,  23,  23,  23,    0,  -20 }, // 0x72C0
  { 30484,  23,  22,  23,    0,  -19 }, // 0x72C2
  { 30548,  23,  22,  23,    0,  -19 }, // 0x73FE
  { 30612,  23,  21,  23,    0,  -19 }, // 0x7406
  { 30673,  23,  22,  23,    0,  -19 }, // 0x74B0
  { 30737,  23,  22,  23,    0,  -20 }, // 0x751F
  { 30801,  23,  23,  23,    0,  -20 }, // 0x7522
  { 30868,  23,  21,  23,    0,  -18 }, // 0x7528
  { 30929,  23,  20,  23,    0,  -18 }, // 0x7529
  { 30987,  23,  23,  23,    0,  -20 }, // 0x7531
  { 31054,  23,  23,  23,    0,  -20 }, // 0x7559
  { 31121,  23,  22,  23,    0,  -20 }, // 0x756B
  { 31185,  23,  23,  23,    0,  -20 }, // 0x7576
  { 31252,  23,  23,  23,    0,  -20 }, // 0x759A
  { 31319,  23,  23,  23,    0,  -20 }, // 0x75B2
  { 31386,  23,  23,  23,    0,  -20 }, // 0x75DB
  { 31453,  23,  22,  23,    0,  -20 }, // 0x767B
  { 31517,  23,  23,  23,    0,  -20 }, // 0x767C
  { 31584,  23,  23,  23,    0,  -20 }, // 0x767D
  { 31651,  23,  23,  23,    0,  -20 }, // 0x7684
  { 31718,  23,  22,  23,    0,  -20 }, // 0x76E3
  { 31782,  23,  22,  23,    0,  -20 }, // 0x76E4
  { 31846,  23,  21,  23,    0,  -18 }, // 0x76EE
  { 31907,  23,  23,  23,    0,  -20 }, // 0x76F4
  { 31974,  23,  23,  23,    0,  -20 }, // 0x76F8
  { 32041,  23,  23,  23,    0,  -20 }, // 0x770B
  { 32108,  23,  22,  23,    0,  -19 }, // 0x773C
  { 32172,  23,  23,  23,    0,  -20 }, // 0x775B
  { 32239,  23,  22,  23,    0,  -20 }, // 0x7761
  { 32303,  23,  23,  23,    0,  -20 }, // 0x77E5
  { 32370,  23,  23,  23,    0,  -20 }, // 0x788E
  { 32437,  23,  23,  23,    0,  -20 }, // 0x78BA
  { 32504,  23,  22,  23,    0,  -19 }, // 0x78BC
  { 32568,  23,  23,  23,    0,  -20 }, // 0x78EC
  { 32635,  23,  22,  23,    0,  -19 }, // 0x790E
  { 32699,  23,  21,  23,    0,  -18 }, // 0x793A
  { 32760,  23,  23,  23,    0,  -20 }, // 0x795E
  { 32827,  23,  23,  23,    0,  -20 }, // 0x79D2
  { 32894,  23,  23,  23,    0,  -20 }, // 0x79FB
  { 32961,  23,  23,  23,    0,  -20 }, // 0x7A0B
  { 33028,  23,  23,  23,    0,  -20 }, // 0x7A0D
  { 33095,  23,  23,  23,    0,  -20 }, // 0x7A2E
  { 33162,  23,  23,  23,    0,  -20 }, // 0x7A31
  { 33229,  23,  21,  23,    0,  -19 }, // 0x7A7A
  { 33290,  23,  22,  23,    0,  -20 }, // 0x7A92
  { 33354,  23,  22,  23,    0,  -20 }, // 0x7ACB
  { 33418,  23,  23,  23,    0,  -20 }, // 0x7AEF
  { 33485,  23,  23,  23,    0,  -20 }, // 0x7B26
  { 33552,  23,  22,  23,    0,  -20 }, // 0x7B46
  { 33616,  23,  23,  23,    0,  -20 }, // 0x7B49
  { 33683,  23,  23,  23,    0,  -20 }, // 0x7B4B
  { 33750,  23,  22,  23,    0,  -20 }, // 0x7BC4
  { 33814,  23,  23,  23,    0,  -20 }, // 0x7C64
  { 33881,  23,  23,  23,    0,  -20 }, // 0x7D00
  { 33948,  23,  23,  23,    0,  -20 }, // 0x7D04
  { 34015,  23,  23,  23,    0,  -20 }, // 0x7D22
  { 34082,  23,  23,  23,    0,  -20 }, // 0x7D42
  { 34149,  23,  23,  23,    0,  -20 }, // 0x7D44
  { 34216,  23,  23,  23,    0,  -20 }, // 0x7D50
  { 34283,  23,  23,  23,    0,  -20 }, // 0x7D55
  { 34350,  23,  23,  23,    0,  -20 }, // 0x7D66
  { 34417,  23,  23,  23,    0,  -20 }, // 0x7D71
  { 34484,  23,  23,  23,    0,  -20 }, // 0x7D93
  { 34551,  23,  23,  23,    0,  -20 }, // 0x7DB2
  { 34618,  23,  23,  23,    0,  -20 }, // 0x7DB4
  { 34685,  23,  22,  23,    0,  -19 }, // 0x7DCA
  { 34749,  23,  23,  23,    0,  -20 }, // 0x7DD2
  { 34816,  23,  23,  23,    0,  -20 }, // 0x7DDA
  { 34883,  23,  23,  23,    0,  -20 }, // 0x7DE8
  { 34950,  23,  23,  23,    0,  -20 }, // 0x7E2E
  { 35017,  23,  23,  23,    0,  -20 }, // 0x7E3D
  { 35084,  23,  23,  23,    0,  -20 }, // 0x7E43
  { 35151,  23,  23,  23,    0,  -20 }, // 0x7E7C
  { 35218,  23,  23,  23,    0,  -20 }, // 0x7E8C
  { 35285,  23,  23,  23,    0,  -20 }, // 0x7F3A
  { 35352,  23,  22,  23,    0,  -19 }, // 0x7F6E
  { 35416,  23,  23,  23,    0,  -20 }, // 0x7F9E
  { 35483,  23,  22,  23,    0,  -19 }, // 0x7FD2
  { 35547,  23,  23,  23,    0,  -20 }, // 0x7FFB
  { 35614,  23,  23,  23,    0,  -20 }, // 0x8005
  { 35681,  23,  21,  23,    0,  -18 }, // 0x800C
  { 35742,  23,  23,  23,    0,  -20 }, // 0x8072
  { 35809,  23,  23,  23,    0,  -20 }, // 0x807D
  { 35876,  23,  21,  23,    0,  -18 }, // 0x80A9
  { 35937,  23,  21,  23,    0,  -18 }, // 0x80C3
  { 35998,  23,  23,  23,    0,  -20 }, // 0x80CC
  { 36065,  23,  23,  23,    0,  -20 }, // 0x80F8
  { 36132,  23,  23,  23,    0,  -20 }, // 0x80FD
  { 36199,  23,  22,  23,    0,  -19 }, // 0x8116
  { 36263,  23,  22,  23,    0,  -19 }, // 0x8173
  { 36327,  23,  23,  23,    0,  -20 }, // 0x8179
  { 36394,  23,  23,  23,    0,  -20 }, // 0x817F
  { 36461,  23,  23,  23,    0,  -20 }, // 0x8180
  { 36528,  23,  23,  23,    0,  -20 }, // 0x81C2
  { 36595,  23,  23,  23,    0,  -20 }, // 0x81C9
  { 36662,  23,  23,  23,    0,  -20 }, // 0x81EA
  { 36729,  23,  20,  23,    0,  -18 }, // 0x81F3
  { 36787,  23,  23,  23,    0,  -20 }, // 0x8207
  { 36854,  23,  23,  23,    0,  -20 }, // 0x820A
  { 36921,  23,  23,  23,    0,  -20 }, // 0x822C
  { 36988,  23,  23,  23,    0,  -20 }, // 0x8259
  { 37055,  23,  22,  23,    0,  -20 }, // 0x8272
  { 37119,  23,  23,  23,    0,  -20 }, // 0x82E5
  { 37186,  23,  23,  23,    0,  -20 }, // 0x843D
  { 37253,  23,  23,  23,    0,  -20 }, // 0x8457
  { 37320,  23,  22,  23,    0,  -20 }, // 0x85CD
  { 37384,  23,  23,  23,    0,  -20 }, // 0x85E5
  { 37451,  23,  23,  23,    0,  -20 }, // 0x865B
  { 37518,  23,  23,  23,    0,  -20 }, // 0x865F
  { 37585,  23,  23,  23,    0,  -20 }, // 0x8667
  { 37652,  23,  23,  23,    0,  -20 }, // 0x87A2
  { 37719,  23,  23,  23,    0,  -20 }, // 0x87F2
  { 37786,  23,  23,  23,    0,  -20 }, // 0x884C
  { 37853,  23,  23,  23,    0,  -20 }, // 0x885D
  { 37920,  23,  23,  23,    0,  -20 }, // 0x8868
  { 37987,  23,  23,  23,    0,  -20 }, // 0x88AB
  { 38054,  23,  23,  23,    0,  -20 }, // 0x88DD
  { 38121,  23,  23,  23,    0,  -20 }, // 0x88E1
  { 38188,  23,  23,  23,    0,  -20 }, // 0x8907
  { 38255,  23,  22,  23,    0,  -19 }, // 0x8981
  { 38319,  23,  22,  23,    0,  -19 }, // 0x8986
  { 38383,  23,  23,  23,    0,  -20 }, // 0x898F
  { 38450,  23,  23,  23,    0,  -20 }, // 0x8996
  { 38517,  23,  23,  23,    0,  -20 }, // 0x89BA
  { 38584,  23,  23,  23,    0,  -20 }, // 0x89BD
  { 38651,  23,  23,  23,    0,  -20 }, // 0x89C0
  { 38718,  23,  23,  23,    0,  -20 }, // 0x89D2
  { 38785,  23,  23,  23,    0,  -20 }, // 0x89E3
  { 38852,  23,  23,  23,    0,  -20 }, // 0x89F8
  { 38919,  23,  22,  23,    0,  -19 }, // 0x8A02
  { 38983,  23,  23,  23,    0,  -20 }, // 0x8A08
  { 39050,  23,  22,  23,    0,  -19 }, // 0x8A0A
  { 39114,  23,  22,  23,    0,  -19 }, // 0x8A18
  { 39178,  23,  22,  23,    0,  -19 }, // 0x8A2D
  { 39242,  23,  23,  23,    0,  -20 }, // 0x8A31
  { 39309,  23,  22,  23,    0,  -19 }, // 0x8A5E
  { 39373,  23,  23,  23,    0,  -20 }, // 0x8A66
  { 39440,  23,  23,  23,    0,  -20 }, // 0x8A71
  { 39507,  23,  23,  23,    0,  -20 }, // 0x8A72
  { 39574,  23,  22,  23,    0,  -19 }, // 0x8A8D
  { 39638,  23,  22,  23,    0,  -19 }, // 0x8A9E
  { 39702,  23,  22,  23,    0,  -19 }, // 0x8AA4
  { 39766,  23,  22,  23,    0,  -19 }, // 0x8AA6
  { 39830,  23,  22,  23,    0,  -19 }, // 0x8AAA
  { 39894,  23,  23,  23,    0,  -20 }, // 0x8ACB
  { 39961,  23,  23,  23,    0,  -20 }, // 0x8B49
  { 40028,  23,  22,  23,    0,  -19 }, // 0x8B58
  { 40092,  23,  23,  23,    0,  -20 }, // 0x8B70
  { 40159,  23,  23,  23,    0,  -20 }, // 0x8B80
  { 40226,  23,  23,  23,    0,  -20 }, // 0x8B8A
  { 40293,  23,  23,  23,    0,  -20 }, // 0x8B93
  { 40360,  23,  23,  23,    0,  -20 }, // 0x8CAA
  { 40427,  23,  23,  23,    0,  -20 }, // 0x8CAC
  { 40494,  23,  23,  23,    0,  -20 }, // 0x8CBC
  { 40561,  23,  23,  23,    0,  -20 }, // 0x8CC7
  { 40628,  23,  23,  23,    0,  -20 }, // 0x8D70
  { 40695,  23,  23,  23,    0,  -20 }, // 0x8D77
  { 40762,  23,  23,  23,    0,  -20 }, // 0x8D85
  { 40829,  23,  21,  23,    0,  -18 }, // 0x8DB3
  { 40890,  23,  23,  23,    0,  -20 }, // 0x8DEF
  { 40957,  23,  23,  23,    0,  -20 }, // 0x8DF3
  { 41024,  23,  22,  23,    0,  -19 }, // 0x8E29
  { 41088,  23,  22,  23,    0,  -19 }, // 0x8E81
  { 41152,  23,  23,  23,    0,  -20 }, // 0x8EAB
  { 41219,  23,  23,  23,    0,  -20 }, // 0x8EBA
  { 41286,  23,  23,  23,    0,  -20 }, // 0x8F09
  { 41353,  23,  23,  23,    0,  -20 }, // 0x8F2A
  { 41420,  23,  22,  23,    0,  -19 }, // 0x8F2F
  { 41484,  23,  23,  23,    0,  -20 }, // 0x8F38
  { 41551,  23,  23,  23,    0,  -20 }, // 0x8F49
  { 41618,  23,  23,  23,    0,  -20 }, // 0x8FCE
  { 41685,  23,  22,  23,    0,  -19 }, // 0x8FD4
  { 41749,  23,  23,  23,    0,  -20 }, // 0x8FEB
  { 41816,  23,  23,  23,    0,  -20 }, // 0x8FF7
  { 41883,  23,  22,  23,    0,  -19 }, // 0x9000
  { 41947,  23,  23,  23,    0,  -20 }, // 0x9001
  { 42014,  23,  23,  23,    0,  -20 }, // 0x9003
  { 42081,  23,  23,  23,    0,  -20 }, // 0x900F
  { 42148,  23,  22,  23,    0,  -19 }, // 0x9010
  { 42212,  23,  23,  23,    0,  -20 }, // 0x9019
  { 42279,  23,  22,  23,    0,  -19 }, // 0x901F
  { 42343,  23,  23,  23,    0,  -20 }, // 0x9023
  { 42410,  23,  22,  23,    0,  -19 }, // 0x9031
  { 42474,  23,  23,  23,    0,  -20 }, // 0x9032
  { 42541,  23,  23,  23,    0,  -20 }, // 0x904A
  { 42608,  23,  22,  23,    0,  -19 }, // 0x904E
  { 42672,  23,  23,  23,    0,  -20 }, // 0x904F
  { 42739,  23,  23,  23,    0,  -20 }, // 0x9069
  { 42806,  23,  22,  23,    0,  -19 }, // 0x9078
  { 42870,  23,  23,  23,    0,  -20 }, // 0x907F
  { 42937,  23,  22,  23,    0,  -19 }, // 0x90E8
  { 43001,  23,  22,  23,    0,  -19 }, // 0x90FD
  { 43065,  23,  22,  23,    0,  -19 }, // 0x914D
  { 43129,  23,  22,  23,    0,  -19 }, // 0x9192
  { 43193,  23,  23,  23,    0,  -20 }, // 0x91CB
  { 43260,  23,  22,  23,    0,  -20 }, // 0x91CD
  { 43324,  23,  21,  23,    0,  -19 }, // 0x91CF
  { 43385,  23,  22,  23,    0,  -20 }, // 0x9215
  { 43449,  23,  23,  23,    0,  -20 }, // 0x9234
  { 43516,  23,  23,  23,    0,  -20 }, // 0x9304
  { 43583,  23,  23,  23,    0,  -20 }, // 0x932F
  { 43650,  23,  23,  23,    0,  -20 }, // 0x9375
  { 43717,  23,  23,  23,    0,  -20 }, // 0x93C8
  { 43784,  23,  22,  23,    0,  -20 }, // 0x9418
  { 43848,  23,  22,  23,    0,  -19 }, // 0x9577
  { 43912,  23,  22,  23,    0,  -19 }, // 0x9583
  { 43976,  23,  22,  23,    0,  -19 }, // 0x9589
  { 44040,  23,  22,  23,    0,  -19 }, // 0x958B
  { 44104,  23,  22,  23,    0,  -19 }, // 0x9593
  { 44168,  23,  22,  23,    0,  -19 }, // 0x95B1
  { 44232,  23,  22,  23,    0,  -19 }, // 0x95DC
  { 44296,  23,  23,  23,    0,  -20 }, // 0x9632
  { 44363,  23,  23,  23,    0,  -20 }, // 0x964D
  { 44430,  23,  23,  23,    0,  -20 }, // 0x9664
  { 44497,  23,  22,  23,    0,  -19 }, // 0x9694
  { 44561,  23,  23,  23,    0,  -20 }, // 0x969B
  { 44628,  23,  23,  23,    0,  -20 }, // 0x96A8
  { 44695,  23,  23,  23,    0,  -20 }, // 0x96E2
  { 44762,  23,  23,  23,    0,  -20 }, // 0x96E3
  { 44829,  23,  21,  23,    0,  -18 }, // 0x96E8
  { 44890,  23,  22,  23,    0,  -19 }, // 0x96FB
  { 44954,  23,  22,  23,    0,  -19 }, // 0x9700
  { 45018,  23,  22,  23,    0,  -19 }, // 0x9732
  { 45082,  23,  23,  23,    0,  -20 }, // 0x975C
  { 45149,  23,  21,  23,    0,  -18 }, // 0x9762
  { 45210,  23,  23,  23,    0,  -20 }, // 0x97CC
  { 45277,  23,  23,  23,    0,  -20 }, // 0x97F3
  { 45344,  23,  23,  23,    0,  -20 }, // 0x97FF
  { 45411,  23,  21,  23,    0,  -18 }, // 0x9801
  { 45472,  23,  22,  23,    0,  -19 }, // 0x9806
  { 45536,  23,  23,  23,    0,  -20 }, // 0x9808
  { 45603,  23,  22,  23,    0,  -19 }, // 0x9810
  { 45667,  23,  22,  23,    0,  -19 }, // 0x982D
  { 45731,  23,  22,  23,    0,  -19 }, // 0x9838
  { 45795,  23,  22,  23,    0,  -19 }, // 0x9846
  { 45859,  23,  23,  23,    0,  -20 }, // 0x984F
  { 45926,  23,  23,  23,    0,  -20 }, // 0x985E
  { 45993,  23,  22,  23,    0,  -19 }, // 0x986F
  { 46057,  23,  21,  23,    0,  -18 }, // 0x98A8
  { 46118,  23,  23,  23,    0,  -20 }, // 0x9918
  { 46185,  23,  23,  23,    0,  -20 }, // 0x9996
  { 46252,  23,  23,  23,    0,  -20 }, // 0x99D0
  { 46319,  23,  23,  23,    0,  -20 }, // 0x9A57
  { 46386,  23,  23,  23,    0,  -20 }, // 0x9A5A
  { 46453,  23,  23,  23,    0,  -20 }, // 0x9AD4
  { 46520,  23,  23,  23,    0,  -20 }, // 0x9AD8
  { 46587,  23,  23,  23,    0,  -20 }, // 0x9B06
  { 46654,  23,  23,  23,    0,  -20 }, // 0x9B27
  { 46721,  23,  23,  23,    0,  -20 }, // 0x9B31
  { 46788,  23,  23,  23,    0,  -20 }, // 0x9CF4
  { 46855,  23,  23,  23,    0,  -20 }, // 0x9EA5
  { 46922,  23,  23,  23,    0,  -20 }, // 0x9ED8
  { 46989,  23,  23,  23,    0,  -20 }, // 0x9EDE
  { 47056,  23,  23,  23,    0,  -20 }, // 0x9F52
  { 47123,  23,  22,  23,    0,  -20 }, // 0xFF08
  { 47187,  23,  22,  23,    0,  -20 }, // 0xFF09
  { 47251,  23,   9,  23,    0,   -5 }, // 0xFF0C
  { 47277,  23,  22,  23,    0,  -20 }, // 0xFF0F
  { 47341,  23,  16,  23,    0,  -16 }, // 0xFF1A
  { 47387,  23,  20,  23,    0,  -16 }, // 0xFF1B
};

const lgfx::EncodeRange SourceHanSansTC_UI14pt8bRanges[] PROGMEM = {
  { 0x0020, 0x007E, 0 },
  { 0x00B7, 0x00B7, 95 },
  { 0x00D7, 0x00D7, 96 },
  { 0x00E3, 0x00E3, 97 },
  { 0x2013, 0x2014, 98 },
  { 0x2026, 0x2026, 100 },
  { 0x2192, 0x2192, 101 },
  { 0x25B6, 0x25B6, 102 },
  { 0x25C0, 0x25C0, 103 },
  { 0x25CF, 0x25CF, 104 },
  { 0x2713, 0x2713, 105 },
  { 0x3000, 0x3002, 106 },
  { 0x300C, 0x300D, 109 },
  { 0x4E00, 0x4E00, 111 },
  { 0x4E09, 0x4E0B, 112 },
  { 0x4E0D, 0x4E0D, 115 },
  { 0x4E14, 0x4E14, 116 },
  { 0x4E16, 0x4E16, 117 },
  { 0x4E26, 0x4E26, 118 },
  { 0x4E2D, 0x4E2D, 119 },
  { 0x4E38, 0x4E38, 120 },
  { 0x4E3B, 0x4E3B, 121 },
  { 0x4E45, 0x4E45, 122 },
  { 0x4E4F, 0x4E4F, 123 },
  { 0x4E5F, 0x4E5F, 124 },
  { 0x4E82, 0x4E82, 125 },
  { 0x4E8B, 0x4E8C, 126 },
  { 0x4E94, 0x4E94, 128 },
  { 0x4EAE, 0x4EAE, 129 },
  { 0x4EBA, 0x4EBA, 130 },
  { 0x4ECA, 0x4ECA, 131 },
  { 0x4ECD, 0x4ECD, 132 },
  { 0x4ED6, 0x4ED6, 133 },
  { 0x4EE3, 0x4EE5, 134 },
  { 0x4EFB, 0x4EFB, 137 },
  { 0x4F38, 0x4F38, 138 },
  { 0x4F3A, 0x4F3A, 139 },
  { 0x4F46, 0x4F48, 140 },
  { 0x4F4D, 0x4F4F, 143 },
  { 0x4F5B, 0x4F5C, 146 },
  { 0x4F7F, 0x4F7F, 148 },
  { 0x4F86, 0x4F86, 149 },
  { 0x4F8B, 0x4F8B, 150 },
  { 0x4F9B, 0x4F9B, 151 },
  { 0x4F9D, 0x4F9D, 152 },
  { 0x4FC3, 0x4FC3, 153 },
  { 0x4FD7, 0x4FD7, 154 },
  { 0x4FDD, 0x4FDD, 155 },
  { 0x4FE1, 0x4FE1, 156 },
  { 0x4FEE, 0x4FEE, 157 },
  { 0x4FF1, 0x4FF1, 158 },
  { 0x500B, 0x500B, 159 },
  { 0x5012, 0x5012, 160 },
  { 0x5019, 0x5019, 161 },
  { 0x5026, 0x5026, 162 },
  { 0x503C, 0x503C, 163 },
  { 0x5047, 0x5047, 164 },
  { 0x504F, 0x504F, 165 },
  { 0x505C, 0x505C, 166 },
  { 0x5075, 0x5075, 167 },
  { 0x5099, 0x5099, 168 },
  { 0x50B3, 0x50B3, 169 },
  { 0x50B7, 0x50B7, 170 },
  { 0x50C5, 0x50C5, 171 },
  { 0x50F5, 0x50F5, 172 },
  { 0x512A, 0x512A, 173 },
  { 0x5132, 0x5132, 174 },
  { 0x5141, 0x5141, 175 },
  { 0x5143, 0x5143, 176 },
  { 0x5145, 0x5145, 177 },
  { 0x5148, 0x5149, 178 },
  { 0x514B, 0x514B, 180 },
  { 0x5165, 0x5165, 181 },
  { 0x5167, 0x5169, 182 },
  { 0x516D, 0x516D, 185 },
  { 0x5176, 0x5176, 186 },
  { 0x518D, 0x518D, 187 },
  { 0x5192, 0x5192, 188 },
  { 0x51B7, 0x51B7, 189 },
  { 0x51FA, 0x51FA, 190 },
  { 0x5206, 0x5207, 191 },
  { 0x5217, 0x5217, 193 },
  { 0x5225, 0x5225, 194 },
  { 0x5230, 0x5230, 195 },
  { 0x5236, 0x5236, 196 },
  { 0x523B, 0x523B, 197 },
  { 0x524D, 0x524D, 198 },
  { 0x525B, 0x525B, 199 },
  { 0x5269, 0x5269, 200 },
  { 0x5275, 0x5275, 201 },
  { 0x529B, 0x529B, 202 },
  { 0x529F, 0x52A0, 203 },
  { 0x52A9, 0x52A9, 205 },
  { 0x52D5, 0x52D5, 206 },
  { 0x52D9, 0x52D9, 207 },
  { 0x52FE, 0x52FF, 208 },
  { 0x5316, 0x5316, 210 },
  { 0x5340, 0x5340, 211 },
  { 0x534A, 0x534A, 212 },
  { 0x5357, 0x5357, 213 },
  { 0x5373, 0x5373, 214 },
  { 0x539F, 0x539F, 215 },
  { 0x53AD, 0x53AD, 216 },
  { 0x53BB, 0x53BB, 217 },
  { 0x53CA, 0x53CA, 218 },
  { 0x53CD, 0x53CD, 219 },
  { 0x53D6, 0x53D7, 220 },
  { 0x53DB, 0x53DB, 222 },
  { 0x53E3, 0x53E3, 223 },
  { 0x53E5, 0x53E6, 224 },
  { 0x53EA, 0x53EA, 226 },
  { 0x53ED, 0x53ED, 227 },
  { 0x53EF, 0x53F0, 228 },
  { 0x53F3, 0x53F3, 230 },
  { 0x5404, 0x5404, 231 },
  { 0x5408, 0x5408, 232 },
  { 0x540C, 0x540D, 233 },
  { 0x5411, 0x5411, 235 },
  { 0x5426, 0x5426, 236 },
  { 0x542B, 0x542B, 237 },
  { 0x5438, 0x5438, 238 },
  { 0x5446, 0x5446, 239 },
  { 0x547C, 0x547C, 240 },
  { 0x548C, 0x548C, 241 },
  { 0x5492, 0x5492, 242 },
  { 0x54ED, 0x54ED, 243 },
  { 0x552F, 0x552F, 244 },
  { 0x555F, 0x555F, 245 },
  { 0x5587, 0x5587, 246 },
  { 0x5589, 0x5589, 247 },
  { 0x559A, 0x559A, 248 },
  { 0x559C, 0x559D, 249 },
  { 0x55AA, 0x55AA, 251 },
  { 0x55AE, 0x55AE, 252 },
  { 0x5606, 0x5606, 253 },
  { 0x5668, 0x5668, 254 },
  { 0x56A8, 0x56A8, 255 },
  { 0x56DB, 0x56DB, 256 },
  { 0x56DE, 0x56DE, 257 },
  { 0x56E0, 0x56E0, 258 },
  { 0x56FA, 0x56FA, 259 },
  { 0x5708, 0x5708, 260 },
  { 0x570D, 0x570D, 261 },
  { 0x5716, 0x5716, 262 },
  { 0x5728, 0x5728, 263 },
  { 0x5730, 0x5730, 264 },
  { 0x5740, 0x5740, 265 },
  { 0x5747, 0x5747, 266 },
  { 0x5750, 0x5750, 267 },
  { 0x578B, 0x578B, 268 },
  { 0x57CE, 0x57CE, 269 },
  { 0x57DF, 0x57E0, 270 },
  { 0x57F7, 0x57F7, 272 },
  { 0x57FA, 0x57FA, 273 },
  { 0x5831, 0x5831, 274 },
  { 0x586B, 0x586B, 275 },
  { 0x5883, 0x5883, 276 },
  { 0x589E, 0x589E, 277 },
  { 0x58D3, 0x58D3, 278 },
  { 0x590F, 0x590F, 279 },
  { 0x5916, 0x5916, 280 },
  { 0x591A, 0x591A, 281 },
  { 0x591C, 0x591C, 282 },
  { 0x5922, 0x5922, 283 },
  { 0x5927, 0x5927, 284 },
  { 0x5929, 0x592A, 285 },
  { 0x5931, 0x5931, 287 },
  { 0x5948, 0x5948, 288 },
  { 0x5957, 0x5957, 289 },
  { 0x597D, 0x597D, 290 },
  { 0x5982, 0x5982, 291 },
  { 0x59CB, 0x59CB, 292 },
  { 0x59D4, 0x59D4, 293 },
  { 0x5AC9, 0x5AC9, 294 },
  { 0x5B50, 0x5B50, 295 },
  { 0x5B57, 0x5B58, 296 },
  { 0x5B64, 0x5B64, 298 },
  { 0x5B78, 0x5B78, 299 },
  { 0x5B89, 0x5B89, 300 },
  { 0x5B8C, 0x5B8C, 301 },
  { 0x5B9A, 0x5B9A, 302 },
  { 0x5BB3, 0x5BB3, 303 },
  { 0x5BB9, 0x5BB9, 304 },
  { 0x5BC2, 0x5BC2, 305 },
  { 0x5BC6, 0x5BC6, 306 },
  { 0x5BDE, 0x5BDF, 307 },
  { 0x5BE6, 0x5BE6, 309 },
  { 0x5BEB, 0x5BEB, 310 },
  { 0x5C07, 0x5C08, 311 },
  { 0x5C0B, 0x5C0B, 313 },
  { 0x5C0F, 0x5C0F, 314 },
  { 0x5C11, 0x5C11, 315 },
  { 0x5C1A, 0x5C1A, 316 },
  { 0x5C48, 0x5C48, 317 },
  { 0x5C55, 0x5C55, 318 },
  { 0x5DE6, 0x5DE6, 319 },
  { 0x5DF1, 0x5DF2, 320 },
  { 0x5E02, 0x5E03, 322 },
  { 0x5E33, 0x5E33, 324 },
  { 0x5E38, 0x5E38, 325 },
  { 0x5E55, 0x5E55, 326 },
  { 0x5E73, 0x5E74, 327 },
  { 0x5E95, 0x5E95, 329 },
  { 0x5EA6, 0x5EA6, 330 },
  { 0x5EAB, 0x5EAB, 331 },
  { 0x5EFA, 0x5EFA, 332 },
  { 0x5F0F, 0x5F0F, 333 },
  { 0x5F15, 0x5F15, 334 },
  { 0x5F35, 0x5F35, 335 },
  { 0x5F37, 0x5F37, 336 },
  { 0x5F85, 0x5F85, 337 },
  { 0x5F88, 0x5F88, 338 },
  { 0x5F8B, 0x5F8C, 339 },
  { 0x5F97, 0x5F97, 341 },
  { 0x5F9E, 0x5F9E, 342 },
  { 0x5FA9, 0x5FA9, 343 },
  { 0x5FC3, 0x5FC3, 344 },
  { 0x5FC5, 0x5FC5, 345 },
  { 0x5FD0, 0x5FD1, 346 },
  { 0x5FEB, 0x5FEB, 348 },
  { 0x5FF5, 0x5FF5, 349 },
  { 0x5FFD, 0x5FFD, 350 },
  { 0x6012, 0x6012, 351 },
  { 0x6015, 0x6015, 352 },
  { 0x6025, 0x6025, 353 },
  { 0x6050, 0x6050, 354 },
  { 0x6062, 0x6062, 355 },
  { 0x6065, 0x6065, 356 },
  { 0x606F, 0x606F, 357 },
  { 0x6094, 0x6094, 358 },
  { 0x60A8, 0x60A8, 359 },
  { 0x60B2, 0x60B2, 360 },
  { 0x60B6, 0x60B6, 361 },
  { 0x60B8, 0x60B8, 362 },
  { 0x60C5, 0x60C5, 363 },
  { 0x60CB, 0x60CB, 364 },
  { 0x60D8, 0x60D8, 365 },
  { 0x60DC, 0x60DC, 366 },
  { 0x60E1, 0x60E1, 367 },
  { 0x60F1, 0x60F1, 368 },
  { 0x60F3, 0x60F3, 369 },
  { 0x610F, 0x610F, 370 },
  { 0x611F, 0x611F, 371 },
  { 0x6127, 0x6127, 372 },
  { 0x614B, 0x614C, 373 },
  { 0x6162, 0x6162, 375 },
  { 0x616E, 0x616E, 376 },
  { 0x6170, 0x6170, 377 },
  { 0x6182, 0x6182, 378 },
  { 0x6191, 0x6191, 379 },
  { 0x61A4, 0x61A4, 380 },
  { 0x61B6, 0x61B6, 381 },
  { 0x61C9, 0x61CA, 382 },
  { 0x61F7, 0x61F7, 384 },
  { 0x61FC, 0x61FC, 385 },
  { 0x6210, 0x6211, 386 },
  { 0x6216, 0x6216, 388 },
  { 0x6240, 0x6240, 389 },
  { 0x624B, 0x624B, 390 },
  { 0x624D, 0x624D, 391 },
  { 0x6253, 0x6253, 392 },
  { 0x627E, 0x627E, 393 },
  { 0x6291, 0x6291, 394 },
  { 0x6296, 0x6296, 395 },
  { 0x62BD, 0x62BD, 396 },
  { 0x62C9, 0x62C9, 397 },
  { 0x62D2, 0x62D2, 398 },
  { 0x62D6, 0x62D6, 399 },
  { 0x62DC, 0x62DC, 400 },
  { 0x62F3, 0x62F3, 401 },
  { 0x6301, 0x6301, 402 },
  { 0x6307, 0x6307, 403 },
  { 0x6309, 0x6309, 404 },
  { 0x632B, 0x632B, 405 },
  { 0x632F, 0x632F, 406 },
  { 0x638C, 0x638C, 407 },
  { 0x6392, 0x6392, 408 },
  { 0x63A1, 0x63A2, 409 },
  { 0x63A5, 0x63A5, 411 },
  { 0x63A7, 0x63A7, 412 },
  { 0x63AA, 0x63AA, 413 },
  { 0x63D0, 0x63D0, 414 },
  { 0x63DB, 0x63DB, 415 },
  { 0x63E1, 0x63E1, 416 },
  { 0x63F4, 0x63F4, 417 },
  { 0x6478, 0x6478, 418 },
  { 0x6490, 0x6490, 419 },
  { 0x64A4, 0x64A4, 420 },
  { 0x64AD, 0x64AD, 421 },
  { 0x64C7, 0x64C7, 422 },
  { 0x64CD, 0x64CE, 423 },
  { 0x64D4, 0x64D4, 425 },
  { 0x64EC, 0x64EC, 426 },
  { 0x652F, 0x652F, 427 },
  { 0x6536, 0x6536, 428 },
  { 0x6539, 0x6539, 429 },
  { 0x653E, 0x653E, 430 },
  { 0x6548, 0x6548, 431 },
  { 0x6557, 0x6557, 432 },
  { 0x6574, 0x6574, 433 },
  { 0x6578, 0x6578, 434 },
  { 0x6587, 0x6587, 435 },
  { 0x6599, 0x6599, 436 },
  { 0x65B0, 0x65B0, 437 },
  { 0x65B9, 0x65B9, 438 },
  { 0x65E5, 0x65E5, 439 },
  { 0x660E, 0x660E, 440 },
  { 0x661F, 0x661F, 441 },
  { 0x662F, 0x662F, 442 },
  { 0x6642, 0x6642, 443 },
  { 0x666F, 0x666F, 444 },
  { 0x6676, 0x6676, 445 },
  { 0x6697, 0x6697, 446 },
  { 0x66AB, 0x66AB, 447 },
  { 0x66B4, 0x66B4, 448 },
  { 0x66F3, 0x66F4, 449 },
  { 0x66F8, 0x66F8, 451 },
  { 0x66FF, 0x6700, 452 },
  { 0x6703, 0x6703, 454 },
  { 0x6708, 0x6709, 455 },
  { 0x670D, 0x670D, 457 },
  { 0x671B, 0x671B, 458 },
  { 0x671F, 0x671F, 459 },
  { 0x672A, 0x672C, 460 },
  { 0x6756, 0x6756, 463 },
  { 0x675F, 0x675F, 464 },
  { 0x6790, 0x6790, 465 },
  { 0x679C, 0x679C, 466 },
  { 0x67E5, 0x67E5, 467 },
  { 0x683C, 0x683C, 468 },
  { 0x6846, 0x6846, 469 },
  { 0x6A02, 0x6A02, 470 },
  { 0x6A19, 0x6A19, 471 },
  { 0x6A21, 0x6A21, 472 },
  { 0x6A5F, 0x6A5F, 473 },
  { 0x6AA2, 0x6AA2, 474 },
  { 0x6B04, 0x6B04, 475 },
  { 0x6B0A, 0x6B0A, 476 },
  { 0x6B20, 0x6B21, 477 },
  { 0x6B61, 0x6B65, 479 },
  { 0x6BB5, 0x6BB5, 484 },
  { 0x6BC0, 0x6BC0, 485 },
  { 0x6BCF, 0x6BCF, 486 },
  { 0x6C23, 0x6C23, 487 },
  { 0x6C34, 0x6C34, 488 },
  { 0x6C38, 0x6C38, 489 },
  { 0x6C42, 0x6C42, 490 },
  { 0x6C57, 0x6C57, 491 },
  { 0x6C60, 0x6C60, 492 },
  { 0x6C89, 0x6C89, 493 },
  { 0x6C92, 0x6C92, 494 },
  { 0x6C96, 0x6C96, 495 },
  { 0x6CAE, 0x6CAE, 496 },
  { 0x6CD5, 0x6CD5, 497 },
  { 0x6CE3, 0x6CE3, 498 },
  { 0x6D17, 0x6D17, 499 },
  { 0x6D41, 0x6D41, 500 },
  { 0x6D88, 0x6D88, 501 },
  { 0x6DF1, 0x6DF1, 502 },
  { 0x6DFA, 0x6DFA, 503 },
  { 0x6E05, 0x6E05, 504 },
  { 0x6E2C, 0x6E2C, 505 },
  { 0x6EAB, 0x6EAB, 506 },
  { 0x6EC5, 0x6EC5, 507 },
  { 0x6EF4, 0x6EF4, 508 },
  { 0x6EFF, 0x6EFF, 509 },
  { 0x6F2B, 0x6F2B, 510 },
  { 0x6F38, 0x6F38, 511 },
  { 0x706B, 0x706B, 512 },
  { 0x7070, 0x7070, 513 },
  { 0x70BA, 0x70BA, 514 },
  { 0x70C8, 0x70C8, 515 },
  { 0x7121, 0x7121, 516 },
  { 0x7126, 0x7126, 517 },
  { 0x7167, 0x7167, 518 },
  { 0x7169, 0x7169, 519 },
  { 0x7184, 0x7184, 520 },
  { 0x71B1, 0x71B1, 521 },
  { 0x71C8, 0x71C8, 522 },
  { 0x71E5, 0x71E5, 523 },
  { 0x7246, 0x7248, 524 },
  { 0x7269, 0x7269, 527 },
  { 0x72C0, 0x72C0, 528 },
  { 0x72C2, 0x72C2, 529 },
  { 0x73FE, 0x73FE, 530 },
  { 0x7406, 0x7406, 531 },
  { 0x74B0, 0x74B0, 532 },
  { 0x751F, 0x751F, 533 },
  { 0x7522, 0x7522, 534 },
  { 0x7528, 0x7529, 535 },
  { 0x7531, 0x7531, 537 },
  { 0x7559, 0x7559, 538 },
  { 0x756B, 0x756B, 539 },
  { 0x7576, 0x7576, 540 },
  { 0x759A, 0x759A, 541 },
  { 0x75B2, 0x75B2, 542 },
  { 0x75DB, 0x75DB, 543 },
  { 0x767B, 0x767D, 544 },
  { 0x7684, 0x7684, 547 },
  { 0x76E3, 0x76E4, 548 },
  { 0x76EE, 0x76EE, 550 },
  { 0x76F4, 0x76F4, 551 },
  { 0x76F8, 0x76F8, 552 },
  { 0x770B, 0x770B, 553 },
  { 0x773C, 0x773C, 554 },
  { 0x775B, 0x775B, 555 },
  { 0x7761, 0x7761, 556 },
  { 0x77E5, 0x77E5, 557 },
  { 0x788E, 0x788E, 558 },
  { 0x78BA, 0x78BA, 559 },
  { 0x78BC, 0x78BC, 560 },
  { 0x78EC, 0x78EC, 561 },
  { 0x790E, 0x790E, 562 },
  { 0x793A, 0x793A, 563 },
  { 0x795E, 0x795E, 564 },
  { 0x79D2, 0x79D2, 565 },
  { 0x79FB, 0x79FB, 566 },
  { 0x7A0B, 0x7A0B, 567 },
  { 0x7A0D, 0x7A0D, 568 },
  { 0x7A2E, 0x7A2E, 569 },
  { 0x7A31, 0x7A31, 570 },
  { 0x7A7A, 0x7A7A, 571 },
  { 0x7A92, 0x7A92, 572 },
  { 0x7ACB, 0x7ACB, 573 },
  { 0x7AEF, 0x7AEF, 574 },
  { 0x7B26, 0x7B26, 575 },
  { 0x7B46, 0x7B46, 576 },
  { 0x7B49, 0x7B49, 577 },
  { 0x7B4B, 0x7B4B, 578 },
  { 0x7BC4, 0x7BC4, 579 },
  { 0x7C64, 0x7C64, 580 },
  { 0x7D00, 0x7D00, 581 },
  { 0x7D04, 0x7D04, 582 },
  { 0x7D22, 0x7D22, 583 },
  { 0x7D42, 0x7D42, 584 },
  { 0x7D44, 0x7D44, 585 },
  { 0x7D50, 0x7D50, 586 },
  { 0x7D55, 0x7D55, 587 },
  { 0x7D66, 0x7D66, 588 },
  { 0x7D71, 0x7D71, 589 },
  { 0x7D93, 0x7D93, 590 },
  { 0x7DB2, 0x7DB2, 591 },
  { 0x7DB4, 0x7DB4, 592 },
  { 0x7DCA, 0x7DCA, 593 },
  { 0x7DD2, 0x7DD2, 594 },
  { 0x7DDA, 0x7DDA, 595 },
  { 0x7DE8, 0x7DE8, 596 },
  { 0x7E2E, 0x7E2E, 597 },
  { 0x7E3D, 0x7E3D, 598 },
  { 0x7E43, 0x7E43, 599 },
  { 0x7E7C, 0x7E7C, 600 },
  { 0x7E8C, 0x7E8C, 601 },
  { 0x7F3A, 0x7F3A, 602 },
  { 0x7F6E, 0x7F6E, 603 },
  { 0x7F9E, 0x7F9E, 604 },
  { 0x7FD2, 0x7FD2, 605 },
  { 0x7FFB, 0x7FFB, 606 },
  { 0x8005, 0x8005, 607 },
  { 0x800C, 0x800C, 608 },
  { 0x8072, 0x8072, 609 },
  { 0x807D, 0x807D, 610 },
  { 0x80A9, 0x80A9, 611 },
  { 0x80C3, 0x80C3, 612 },
  { 0x80CC, 0x80CC, 613 },
  { 0x80F8, 0x80F8, 614 },
  { 0x80FD, 0x80FD, 615 },
  { 0x8116, 0x8116, 616 },
  { 0x8173, 0x8173, 617 },
  { 0x8179, 0x8179, 618 },
  { 0x817F, 0x8180, 619 },
  { 0x81C2, 0x81C2, 621 },
  { 0x81C9, 0x81C9, 622 },
  { 0x81EA, 0x81EA, 623 },
  { 0x81F3, 0x81F3, 624 },
  { 0x8207, 0x8207, 625 },
  { 0x820A, 0x820A, 626 },
  { 0x822C, 0x822C, 627 },
  { 0x8259, 0x8259, 628 },
  { 0x8272, 0x8272, 629 },
  { 0x82E5, 0x82E5, 630 },
  { 0x843D, 0x843D, 631 },
  { 0x8457, 0x8457, 632 },
  { 0x85CD, 0x85CD, 633 },
  { 0x85E5, 0x85E5, 634 },
  { 0x865B, 0x865B, 635 },
  { 0x865F, 0x865F, 636 },
  { 0x8667, 0x8667, 637 },
  { 0x87A2, 0x87A2, 638 },
  { 0x87F2, 0x87F2, 639 },
  { 0x884C, 0x884C, 640 },
  { 0x885D, 0x885D, 641 },
  { 0x8868, 0x8868, 642 },
  { 0x88AB, 0x88AB, 643 },
  { 0x88DD, 0x88DD, 644 },
  { 0x88E1, 0x88E1, 645 },
  { 0x8907, 0x8907, 646 },
  { 0x8981, 0x8981, 647 },
  { 0x8986, 0x8986, 648 },
  { 0x898F, 0x898F, 649 },
  { 0x8996, 0x8996, 650 },
  { 0x89BA, 0x89BA, 651 },
  { 0x89BD, 0x89BD, 652 },
  { 0x89C0, 0x89C0, 653 },
  { 0x89D2, 0x89D2, 654 },
  { 0x89E3, 0x89E3, 655 },
  { 0x89F8, 0x89F8, 656 },
  { 0x8A02, 0x8A02, 657 },
  { 0x8A08, 0x8A08, 658 },
  { 0x8A0A, 0x8A0A, 659 },
  { 0x8A18, 0x8A18, 660 },
  { 0x8A2D, 0x8A2D, 661 },
  { 0x8A31, 0x8A31, 662 },
  { 0x8A5E, 0x8A5E, 663 },
  { 0x8A66, 0x8A66, 664 },
  { 0x8A71, 0x8A72, 665 },
  { 0x8A8D, 0x8A8D, 667 },
  { 0x8A9E, 0x8A9E, 668 },
  { 0x8AA4, 0x8AA4, 669 },
  { 0x8AA6, 0x8AA6, 670 },
  { 0x8AAA, 0x8AAA, 671 },
  { 0x8ACB, 0x8ACB, 672 },
  { 0x8B49, 0x8B49, 673 },
  { 0x8B58, 0x8B58, 674 },
  { 0x8B70, 0x8B70, 675 },
  { 0x8B80, 0x8B80, 676 },
  { 0x8B8A, 0x8B8A, 677 },
  { 0x8B93, 0x8B93, 678 },
  { 0x8CAA, 0x8CAA, 679 },
  { 0x8CAC, 0x8CAC, 680 },
  { 0x8CBC, 0x8CBC, 681 },
  { 0x8CC7, 0x8CC7, 682 },
  { 0x8D70, 0x8D70, 683 },
  { 0x8D77, 0x8D77, 684 },
  { 0x8D85, 0x8D85, 685 },
  { 0x8DB3, 0x8DB3, 686 },
  { 0x8DEF, 0x8DEF, 687 },
  { 0x8DF3, 0x8DF3, 688 },
  { 0x8E29, 0x8E29, 689 },
  { 0x8E81, 0x8E81, 690 },
  { 0x8EAB, 0x8EAB, 691 },
  { 0x8EBA, 0x8EBA, 692 },
  { 0x8F09, 0x8F09, 693 },
  { 0x8F2A, 0x8F2A, 694 },
  { 0x8F2F, 0x8F2F, 695 },
  { 0x8F38, 0x8F38, 696 },
  { 0x8F49, 0x8F49, 697 },
  { 0x8FCE, 0x8FCE, 698 },
  { 0x8FD4, 0x8FD4, 699 },
  { 0x8FEB, 0x8FEB, 700 },
  { 0x8FF7, 0x8FF7, 701 },
  { 0x9000, 0x9001, 702 },
  { 0x9003, 0x9003, 704 },
  { 0x900F, 0x9010, 705 },
  { 0x9019, 0x9019, 707 },
  { 0x901F, 0x901F, 708 },
  { 0x9023, 0x9023, 709 },
  { 0x9031, 0x9032, 710 },
  { 0x904A, 0x904A, 712 },
  { 0x904E, 0x904F, 713 },
  { 0x9069, 0x9069, 715 },
  { 0x9078, 0x9078, 716 },
  { 0x907F, 0x907F, 717 },
  { 0x90E8, 0x90E8, 718 },
  { 0x90FD, 0x90FD, 719 },
  { 0x914D, 0x914D, 720 },
  { 0x9192, 0x9192, 721 },
  { 0x91CB, 0x91CB, 722 },
  { 0x91CD, 0x91CD, 723 },
  { 0x91CF, 0x91CF, 724 },
  { 0x9215, 0x9215, 725 },
  { 0x9234, 0x9234, 726 },
  { 0x9304, 0x9304, 727 },
  { 0x932F, 0x932F, 728 },
  { 0x9375, 0x9375, 729 },
  { 0x93C8, 0x93C8, 730 },
  { 0x9418, 0x9418, 731 },
  { 0x9577, 0x9577, 732 },
  { 0x9583, 0x9583, 733 },
  { 0x9589, 0x9589, 734 },
  { 0x958B, 0x958B, 735 },
  { 0x9593, 0x9593, 736 },
  { 0x95B1, 0x95B1, 737 },
  { 0x95DC, 0x95DC, 738 },
  { 0x9632, 0x9632, 739 },
  { 0x964D, 0x964D, 740 },
  { 0x9664, 0x9664, 741 },
  { 0x9694, 0x9694, 742 },
  { 0x969B, 0x969B, 743 },
  { 0x96A8, 0x96A8, 744 },
  { 0x96E2, 0x96E3, 745 },
  { 0x96E8, 0x96E8, 747 },
  { 0x96FB, 0x96FB, 748 },
  { 0x9700, 0x9700, 749 },
  { 0x9732, 0x9732, 750 },
  { 0x975C, 0x975C, 751 },
  { 0x9762, 0x9762, 752 },
  { 0x97CC, 0x97CC, 753 },
  { 0x97F3, 0x97F3, 754 },
  { 0x97FF, 0x97FF, 755 },
  { 0x9801, 0x9801, 756 },
  { 0x9806, 0x9806, 757 },
  { 0x9808, 0x9808, 758 },
  { 0x9810, 0x9810, 759 },
  { 0x982D, 0x982D, 760 },
  { 0x9838, 0x9838, 761 },
  { 0x9846, 0x9846, 762 },
  { 0x984F, 0x984F, 763 },
  { 0x985E, 0x985E, 764 },
  { 0x986F, 0x986F, 765 },
  { 0x98A8, 0x98A8, 766 },
  { 0x9918, 0x9918, 767 },
  { 0x9996, 0x9996, 768 },
  { 0x99D0, 0x99D0, 769 },
  { 0x9A57, 0x9A57, 770 },
  { 0x9A5A, 0x9A5A, 771 },
  { 0x9AD4, 0x9AD4, 772 },
  { 0x9AD8, 0x9AD8, 773 },
  { 0x9B06, 0x9B06, 774 },
  { 0x9B27, 0x9B27, 775 },
  { 0x9B31, 0x9B31, 776 },
  { 0x9CF4, 0x9CF4, 777 },
  { 0x9EA5, 0x9EA5, 778 },
  { 0x9ED8, 0x9ED8, 779 },
  { 0x9EDE, 0x9EDE, 780 },
  { 0x9F52, 0x9F52, 781 },
  { 0xFF08, 0xFF09, 782 },
  { 0xFF0C, 0xFF0C, 784 },
  { 0xFF0F, 0xFF0F, 785 },
  { 0xFF1A, 0xFF1B, 786 },
};

const GFXfont SourceHanSansTC_UI14pt8b PROGMEM = {
  (uint8_t*)SourceHanSansTC_UI14pt8bBitmaps, (GFXglyph*)SourceHanSansTC_UI14pt8bGlyphs,
  0x20, 0xFF1B, 34, 629, (lgfx::EncodeRange*)SourceHanSansTC_UI14pt8bRanges };
